session_url,title,video_src,video_type
"https://www.nvidia.com/en-us/on-demand/session/other25-dynamoday01/","14:34","https://cdnapisec.kaltura.com/p/2935771/sp/293577100/playManifest/entryId/1_6c53h3hy/protocol/https/format/applehttp/flavorIds/1_8kohit18,1_t070molf,1_7fualjvs/a.m3u8?uiConfId=50468382&playSessionId=f72f7062-2475-fa7a-08b2-11b3f8127377:5c13ba45-425e-75c6-81af-9250a7e2a651&referrer=aHR0cHM6Ly93d3cubnZpZGlhLmNvbS9lbi11cy9vbi1kZW1hbmQvc2Vzc2lvbi9vdGhlcjI1LWR5bmFtb2RheTAxLw==&clientTag=html5:v7.264","m3u8"
"https://www.nvidia.com/en-us/on-demand/session/other25-dynamoday03/","2:55","https://cdnapisec.kaltura.com/p/2935771/sp/293577100/playManifest/entryId/1_xi9aq1ka/protocol/https/format/applehttp/flavorIds/1_urp8d206,1_cb9we5do/a.m3u8?uiConfId=50468382&playSessionId=3fd524ff-3f7a-1239-bb07-00487316af39:4741efb0-7927-f65d-3db2-b4c753518a0d&referrer=aHR0cHM6Ly93d3cubnZpZGlhLmNvbS9lbi11cy9vbi1kZW1hbmQvc2Vzc2lvbi9vdGhlcjI1LWR5bmFtb2RheTAzLw==&clientTag=html5:v7.264","m3u8"
"https://www.nvidia.com/en-us/on-demand/session/other25-dynamoday04/","17:46","https://cdnapisec.kaltura.com/p/2935771/sp/293577100/playManifest/entryId/1_qddsg3ux/protocol/https/format/applehttp/flavorIds/1_61qfocrz/a.m3u8?uiConfId=50468382&playSessionId=8ecf18d0-c2f4-492b-04f1-de0001d8b122:eea8317a-795f-9741-42eb-d3dfadded3f9&referrer=aHR0cHM6Ly93d3cubnZpZGlhLmNvbS9lbi11cy9vbi1kZW1hbmQvc2Vzc2lvbi9vdGhlcjI1LWR5bmFtb2RheTA0Lw==&clientTag=html5:v7.264","m3u8"
"https://www.nvidia.com/en-us/on-demand/session/other25-dynamoday05/","16:53","https://cdnapisec.kaltura.com/p/2935771/sp/293577100/playManifest/entryId/1_fqggvqva/protocol/https/format/applehttp/flavorIds/1_4b4csyw1,1_vprlrs1v,1_yo836lzl/a.m3u8?uiConfId=50468382&playSessionId=c31be166-869c-9d7a-3e93-c1739f048f95:f838fa46-159d-cd8a-d851-ec825bdcfb89&referrer=aHR0cHM6Ly93d3cubnZpZGlhLmNvbS9lbi11cy9vbi1kZW1hbmQvc2Vzc2lvbi9vdGhlcjI1LWR5bmFtb2RheTA1Lw==&clientTag=html5:v7.264","m3u8"
"https://www.nvidia.com/en-us/on-demand/session/other25-dynamoday06/","12:35","https://cdnapisec.kaltura.com/p/2935771/sp/293577100/playManifest/entryId/1_wkaqubwz/protocol/https/format/applehttp/flavorIds/1_w2hsj9kf,1_o6dydhvp/a.m3u8?uiConfId=50468382&playSessionId=b159479c-3825-d8c7-281e-4c8a681cbfef:5868dde8-a91e-1a1f-f5bc-c165afff5fe5&referrer=aHR0cHM6Ly93d3cubnZpZGlhLmNvbS9lbi11cy9vbi1kZW1hbmQvc2Vzc2lvbi9vdGhlcjI1LWR5bmFtb2RheTA2Lw==&clientTag=html5:v7.264","m3u8"
"https://www.nvidia.com/en-us/on-demand/session/other25-dynamoday07/","15:04","https://cdnapisec.kaltura.com/p/2935771/sp/293577100/playManifest/entryId/1_5veez7ef/protocol/https/format/applehttp/flavorIds/1_4ym57l1m,1_nf1si4tz,1_6h661bhv/a.m3u8?uiConfId=50468382&playSessionId=aeddc935-7657-2b11-72c0-a2174255bd89:202a4a12-9da6-3ffd-825d-59d4fd0ecb38&referrer=aHR0cHM6Ly93d3cubnZpZGlhLmNvbS9lbi11cy9vbi1kZW1hbmQvc2Vzc2lvbi9vdGhlcjI1LWR5bmFtb2RheTA3Lw==&clientTag=html5:v7.264","m3u8"
"https://www.nvidia.com/en-us/on-demand/session/other25-dynamoday08/","14:59","https://cdnapisec.kaltura.com/p/2935771/sp/293577100/playManifest/entryId/1_43pj4u90/protocol/https/format/applehttp/flavorIds/1_0ujsvpcq,1_qwco6d3d,1_k0s757d2/a.m3u8?uiConfId=50468382&playSessionId=69f3530e-f61a-891b-4550-0b988d5d96f4:ecee4f4e-6db6-2360-0922-d061eec975f5&referrer=aHR0cHM6Ly93d3cubnZpZGlhLmNvbS9lbi11cy9vbi1kZW1hbmQvc2Vzc2lvbi9vdGhlcjI1LWR5bmFtb2RheTA4Lw==&clientTag=html5:v7.264","m3u8"
"https://www.nvidia.com/en-us/on-demand/session/other25-dynamoday09/","28:50:00","https://cdnapisec.kaltura.com/p/2935771/sp/293577100/playManifest/entryId/1_4oqae05w/protocol/https/format/applehttp/flavorIds/1_n4k6tq2l/a.m3u8?uiConfId=50468382&playSessionId=a6b659f6-e4cf-2e27-8f46-7148a9b03182:4ef23125-aac0-1e94-66de-6a7d0b8feeca&referrer=aHR0cHM6Ly93d3cubnZpZGlhLmNvbS9lbi11cy9vbi1kZW1hbmQvc2Vzc2lvbi9vdGhlcjI1LWR5bmFtb2RheTA5Lw==&clientTag=html5:v7.264","m3u8"
"https://www.nvidia.com/en-us/on-demand/session/other25-dynamoday02/","20:18","https://cdnapisec.kaltura.com/p/2935771/sp/293577100/playManifest/entryId/1_tpetx4es/protocol/https/format/applehttp/flavorIds/1_7v6c9gzk/a.m3u8?uiConfId=50468382&playSessionId=3553784b-d49b-b0ae-5067-31647ccb5599:2a2c10bf-5461-93e7-54e2-29ad3ef9f5c4&referrer=aHR0cHM6Ly93d3cubnZpZGlhLmNvbS9lbi11cy9vbi1kZW1hbmQvc2Vzc2lvbi9vdGhlcjI1LWR5bmFtb2RheTAyLw==&clientTag=html5:v7.264","m3u8"
"https://www.nvidia.com/en-us/on-demand/session/other25-dynamoday10/","19:04","https://cdnapisec.kaltura.com/p/2935771/sp/293577100/playManifest/entryId/1_wly162bl/protocol/https/format/applehttp/flavorIds/1_0r4otp4a,1_nnb6pjpb,1_hszfq5u1/a.m3u8?uiConfId=50468382&playSessionId=8fe6dec7-b7be-6f7e-b40c-2eff95290980:48b99905-69ef-1f6f-af2e-8b3d661c9085&referrer=aHR0cHM6Ly93d3cubnZpZGlhLmNvbS9lbi11cy9vbi1kZW1hbmQvc2Vzc2lvbi9vdGhlcjI1LWR5bmFtb2RheTEwLw==&clientTag=html5:v7.264","m3u8"
"https://www.nvidia.com/en-us/on-demand/session/other25-dynamoday11/","10:54","https://cdnapisec.kaltura.com/p/2935771/sp/293577100/playManifest/entryId/1_ke3k1yg6/protocol/https/format/applehttp/flavorIds/1_d8i4l924,1_rgpwrz97/a.m3u8?uiConfId=50468382&playSessionId=5ea1ea1b-f94c-82da-0140-89ed8cd8e9c0:50474f99-9f1b-bba7-a9a6-dea623f5f6ba&referrer=aHR0cHM6Ly93d3cubnZpZGlhLmNvbS9lbi11cy9vbi1kZW1hbmQvc2Vzc2lvbi9vdGhlcjI1LWR5bmFtb2RheTExLw==&clientTag=html5:v7.264","m3u8"
"https://www.nvidia.com/en-us/on-demand/session/other25-dynamoday12/","11:03","https://cdnapisec.kaltura.com/p/2935771/sp/293577100/playManifest/entryId/1_ow5pwan2/protocol/https/format/applehttp/flavorIds/1_mrhnvtlx,1_t7n8ig3l,1_q02jy4op/a.m3u8?uiConfId=50468382&playSessionId=b91fedec-d787-5c7b-cf55-ae7f36a57e8f:6cefc595-bf5c-2aa9-ebae-8754d6ed8ad8&referrer=aHR0cHM6Ly93d3cubnZpZGlhLmNvbS9lbi11cy9vbi1kZW1hbmQvc2Vzc2lvbi9vdGhlcjI1LWR5bmFtb2RheTEyLw==&clientTag=html5:v7.264","m3u8"
"https://www.nvidia.com/en-us/on-demand/session/other25-dynamoday13/","13:05","https://cdnapisec.kaltura.com/p/2935771/sp/293577100/playManifest/entryId/1_sgbycltk/protocol/https/format/applehttp/flavorIds/1_4qa4jhnx/a.m3u8?uiConfId=50468382&playSessionId=44920ad4-3dce-7b13-cff1-fa2f19176968:66825e0b-094a-3798-6cd7-929f680fd505&referrer=aHR0cHM6Ly93d3cubnZpZGlhLmNvbS9lbi11cy9vbi1kZW1hbmQvc2Vzc2lvbi9vdGhlcjI1LWR5bmFtb2RheTEzLw==&clientTag=html5:v7.264","m3u8"
"https://www.nvidia.com/en-us/on-demand/session/other25-dynamoday14/","19:58","https://cdnapisec.kaltura.com/p/2935771/sp/293577100/playManifest/entryId/1_94a8bmbx/protocol/https/format/applehttp/flavorIds/1_918a7h70,1_rlrr4bqy,1_a4lcg8ca/a.m3u8?uiConfId=50468382&playSessionId=e1d9e2c8-eac0-5664-e131-875e92ef7e1e:287cc7af-7ecc-e978-4eb7-c93909240ad6&referrer=aHR0cHM6Ly93d3cubnZpZGlhLmNvbS9lbi11cy9vbi1kZW1hbmQvc2Vzc2lvbi9vdGhlcjI1LWR5bmFtb2RheTE0Lw==&clientTag=html5:v7.264","m3u8"
"https://www.nvidia.com/en-us/on-demand/session/other25-dynamoday15/","15:04","https://cdnapisec.kaltura.com/p/2935771/sp/293577100/playManifest/entryId/1_yei4d4rk/protocol/https/format/applehttp/flavorIds/1_nt3vgqh0,1_00mkebpo,1_k30xd3qq/a.m3u8?uiConfId=50468382&playSessionId=9b2c8fdc-db9d-a418-0a59-9f0d1f5c0e82:bff708ae-8cc6-df36-904d-d1120762c2c6&referrer=aHR0cHM6Ly93d3cubnZpZGlhLmNvbS9lbi11cy9vbi1kZW1hbmQvc2Vzc2lvbi9vdGhlcjI1LWR5bmFtb2RheTE1Lw==&clientTag=html5:v7.264","m3u8"
"https://www.nvidia.com/en-us/on-demand/session/ces25-foretellix/","3:21","https://cdnapisec.kaltura.com/p/2935771/sp/293577100/playManifest/entryId/1_uyh6i9a7/protocol/https/format/applehttp/flavorIds/1_tpgm1se8,1_223cmtbz,1_m8ipm5sy,1_l4pqedi9,1_duidglwe,1_2b6dae34,1_gmsk596t,1_3u3owq8d/a.m3u8?uiConfId=50468382&playSessionId=7b0ee8d3-deea-7a52-4cdc-56f2662c046c:7e32155e-4db4-ce1d-3596-dfadfde9566a&referrer=aHR0cHM6Ly93d3cubnZpZGlhLmNvbS9lbi11cy9vbi1kZW1hbmQvc2Vzc2lvbi9jZXMyNS1mb3JldGVsbGl4Lw==&clientTag=html5:v7.264","m3u8"
"https://www.nvidia.com/en-us/on-demand/session/other25-dynamoday16/","15:56","https://cdnapisec.kaltura.com/p/2935771/sp/293577100/playManifest/entryId/1_xokrngpb/protocol/https/format/applehttp/flavorIds/1_6nb5im7z/a.m3u8?uiConfId=50468382&playSessionId=ad50db5b-fc13-f8cc-9f91-58e999736d0b:dae6e984-8026-1733-2d87-94dc0cb5fc0c&referrer=aHR0cHM6Ly93d3cubnZpZGlhLmNvbS9lbi11cy9vbi1kZW1hbmQvc2Vzc2lvbi9vdGhlcjI1LWR5bmFtb2RheTE2Lw==&clientTag=html5:v7.264","m3u8"
"https://www.nvidia.com/en-us/on-demand/session/other25-6g-devday-1/","17:45","https://cdnapisec.kaltura.com/p/2935771/sp/293577100/playManifest/entryId/1_5rgd73hc/protocol/https/format/applehttp/flavorIds/1_rn27gci9,1_aeexx7ld/a.m3u8?uiConfId=50468382&playSessionId=b3c41cf2-a119-143f-6e6d-5f4d10394742:2ece3e5f-cae3-fb4d-2ad7-f496c3f222b5&referrer=aHR0cHM6Ly93d3cubnZpZGlhLmNvbS9lbi11cy9vbi1kZW1hbmQvc2Vzc2lvbi9vdGhlcjI1LTZnLWRldmRheS0xLw==&clientTag=html5:v7.264","m3u8"
"https://www.nvidia.com/en-us/on-demand/session/other25-6g-devday-2/","39:11:00","https://cdnapisec.kaltura.com/p/2935771/sp/293577100/playManifest/entryId/1_kuah09s3/protocol/https/format/applehttp/flavorIds/1_77zy8eln,1_0jngy5sk/a.m3u8?uiConfId=50468382&playSessionId=0e33b157-b8ef-8210-4ada-29c07f104453:60886d1e-a82a-97e8-5511-a222be0b2455&referrer=aHR0cHM6Ly93d3cubnZpZGlhLmNvbS9lbi11cy9vbi1kZW1hbmQvc2Vzc2lvbi9vdGhlcjI1LTZnLWRldmRheS0yLw==&clientTag=html5:v7.264","m3u8"
"https://www.nvidia.com/en-us/on-demand/session/other25-6g-devday-3/","43:40:00","https://cdnapisec.kaltura.com/p/2935771/sp/293577100/playManifest/entryId/1_dm1zv8av/protocol/https/format/applehttp/flavorIds/1_rlkpwshv,1_06bkk6b8/a.m3u8?uiConfId=50468382&playSessionId=130209cc-5c4a-0dd7-6835-d22cc7215468:a61697e7-398b-c404-98b6-5f7b415b9598&referrer=aHR0cHM6Ly93d3cubnZpZGlhLmNvbS9lbi11cy9vbi1kZW1hbmQvc2Vzc2lvbi9vdGhlcjI1LTZnLWRldmRheS0zLw==&clientTag=html5:v7.264","m3u8"
"https://www.nvidia.com/en-us/on-demand/session/other25-6g-devday-4/","48:21:00","https://cdnapisec.kaltura.com/p/2935771/sp/293577100/playManifest/entryId/1_8uo26g61/protocol/https/format/applehttp/flavorIds/1_9v5j2jtq,1_9z9mxs4t/a.m3u8?uiConfId=50468382&playSessionId=1b6ffc40-37b9-26e5-7cdd-aa680c1f4f62:917719c2-1052-6943-47dc-a7c1add74fc9&referrer=aHR0cHM6Ly93d3cubnZpZGlhLmNvbS9lbi11cy9vbi1kZW1hbmQvc2Vzc2lvbi9vdGhlcjI1LTZnLWRldmRheS00Lw==&clientTag=html5:v7.264","m3u8"
"https://www.nvidia.com/en-us/on-demand/session/other25-6g-devday-5/","48:23:00","https://cdnapisec.kaltura.com/p/2935771/sp/293577100/playManifest/entryId/1_uz4qv4ks/protocol/https/format/applehttp/flavorIds/1_jq45bo2p,1_hlrmexjg/a.m3u8?uiConfId=50468382&playSessionId=9e5872d0-9cee-29e9-2c53-e1a50756ad87:67cd5d52-28cc-2f07-1ba9-69686ec0d2a0&referrer=aHR0cHM6Ly93d3cubnZpZGlhLmNvbS9lbi11cy9vbi1kZW1hbmQvc2Vzc2lvbi9vdGhlcjI1LTZnLWRldmRheS01Lw==&clientTag=html5:v7.264","m3u8"
"https://www.nvidia.com/en-us/on-demand/session/other25-6g-devday-6/","49:52:00","https://cdnapisec.kaltura.com/p/2935771/sp/293577100/playManifest/entryId/1_3g79c5uw/protocol/https/format/applehttp/flavorIds/1_h0sh5jvv,1_q400e965/a.m3u8?uiConfId=50468382&playSessionId=9c829c45-8cb6-9287-0fb4-ab79b525641e:ef3e1b9c-ea63-739e-96a0-aea7e8ae132c&referrer=aHR0cHM6Ly93d3cubnZpZGlhLmNvbS9lbi11cy9vbi1kZW1hbmQvc2Vzc2lvbi9vdGhlcjI1LTZnLWRldmRheS02Lw==&clientTag=html5:v7.264","m3u8"
"https://www.nvidia.com/en-us/on-demand/session/other25-6g-devday-7/","8:42","https://cdnapisec.kaltura.com/p/2935771/sp/293577100/playManifest/entryId/1_xozvhfjp/protocol/https/format/applehttp/flavorIds/1_twiiae4f,1_p0peywnu,1_8u37xo9a,1_1cpynw97/a.m3u8?uiConfId=50468382&playSessionId=3fc39700-d11f-7717-b1cc-591641f9e324:5235db20-5f17-5795-d323-258f93b7bb41&referrer=aHR0cHM6Ly93d3cubnZpZGlhLmNvbS9lbi11cy9vbi1kZW1hbmQvc2Vzc2lvbi9vdGhlcjI1LTZnLWRldmRheS03Lw==&clientTag=html5:v7.264","m3u8"
"https://www.nvidia.com/en-us/on-demand/session/other25-6g-devday-8/","9:45","https://cdnapisec.kaltura.com/p/2935771/sp/293577100/playManifest/entryId/1_vowr2br7/protocol/https/format/applehttp/flavorIds/1_hz9y1i63,1_slzww9is,1_0udu7egd,1_p09hdozl,1_ojn0iw0v/a.m3u8?uiConfId=50468382&playSessionId=2f5ea80d-aa2d-6d1f-1ad1-0397f83fcee1:fbe29ed4-5b7e-2a62-f204-636bab987258&referrer=aHR0cHM6Ly93d3cubnZpZGlhLmNvbS9lbi11cy9vbi1kZW1hbmQvc2Vzc2lvbi9vdGhlcjI1LTZnLWRldmRheS04Lw==&clientTag=html5:v7.264","m3u8"
"https://www.nvidia.com/en-us/on-demand/session/other25-6g-devday-9/","9:49","https://cdnapisec.kaltura.com/p/2935771/sp/293577100/playManifest/entryId/1_ipdrobjx/protocol/https/format/applehttp/flavorIds/1_9lgivi4q,1_iu4h8yqh,1_i95d5nwd,1_kig03lqa/a.m3u8?uiConfId=50468382&playSessionId=9ef0c05b-f672-8cf6-3837-9ce41040d2b8:634a75d9-be65-af09-64f1-09a9902f32c1&referrer=aHR0cHM6Ly93d3cubnZpZGlhLmNvbS9lbi11cy9vbi1kZW1hbmQvc2Vzc2lvbi9vdGhlcjI1LTZnLWRldmRheS05Lw==&clientTag=html5:v7.264","m3u8"
"https://www.nvidia.com/en-us/on-demand/session/other25-ms-ignite/","27:57:00","https://cdnapisec.kaltura.com/p/2935771/sp/293577100/playManifest/entryId/1_6lodotbj/protocol/https/format/applehttp/flavorIds/1_g1nabagj,1_lah947nm,1_vte7vw2f,1_p8m0k8qd,1_mx9jwc6e,1_ugk074ee/a.m3u8?uiConfId=50468382&playSessionId=bbda3a80-fd95-d4a4-49a5-293d57ba14d2:39503520-08c4-81fc-5bfe-6e4cf8a161ba&referrer=aHR0cHM6Ly93d3cubnZpZGlhLmNvbS9lbi11cy9vbi1kZW1hbmQvc2Vzc2lvbi9vdGhlcjI1LW1zLWlnbml0ZS8=&clientTag=html5:v7.264","m3u8"
"https://www.nvidia.com/en-us/on-demand/session/other25-neurips25-1/","17:23","https://cdnapisec.kaltura.com/p/2935771/sp/293577100/playManifest/entryId/1_3jh7j5bs/protocol/https/format/applehttp/flavorIds/1_v7jc2lac,1_fkqcfogo,1_51rs1ao3,1_u9gc7tzx/a.m3u8?uiConfId=50468382&playSessionId=a8017e54-eab2-8814-368b-5f1d36470861:13a2bf3b-f6b1-f3bb-046f-0012089e0192&referrer=aHR0cHM6Ly93d3cubnZpZGlhLmNvbS9lbi11cy9vbi1kZW1hbmQvc2Vzc2lvbi9vdGhlcjI1LW5ldXJpcHMyNS0xLw==&clientTag=html5:v7.264","m3u8"
"https://www.nvidia.com/en-us/on-demand/session/other25-neurips25-2/","23:47","https://cdnapisec.kaltura.com/p/2935771/sp/293577100/playManifest/entryId/1_k9j1ypbz/protocol/https/format/applehttp/flavorIds/1_h6mf929l,1_jxzu9txt,1_utaf2j59,1_svc8i5mb,1_6n8txbhl/a.m3u8?uiConfId=50468382&playSessionId=7563f07a-7d9c-8378-1303-540e2dab2465:020d658e-3dca-4d7f-15e5-812e1e8715dd&referrer=aHR0cHM6Ly93d3cubnZpZGlhLmNvbS9lbi11cy9vbi1kZW1hbmQvc2Vzc2lvbi9vdGhlcjI1LW5ldXJpcHMyNS0yLw==&clientTag=html5:v7.264","m3u8"
"https://www.nvidia.com/en-us/on-demand/session/other25-neurips25-3/","17:23","https://cdnapisec.kaltura.com/p/2935771/sp/293577100/playManifest/entryId/1_gesf6qou/protocol/https/format/applehttp/flavorIds/1_4fwznuvi,1_in8kmzwx,1_vls91py4,1_yebw4jo5/a.m3u8?uiConfId=50468382&playSessionId=d55de638-1fea-35df-d527-9687e4a47f90:f95af61a-51c1-277c-4c37-c7a77fd9afa5&referrer=aHR0cHM6Ly93d3cubnZpZGlhLmNvbS9lbi11cy9vbi1kZW1hbmQvc2Vzc2lvbi9vdGhlcjI1LW5ldXJpcHMyNS0zLw==&clientTag=html5:v7.264","m3u8"
"https://www.nvidia.com/en-us/on-demand/session/other25-neurips25-4/","15:27","https://cdnapisec.kaltura.com/p/2935771/sp/293577100/playManifest/entryId/1_f5duzs8k/protocol/https/format/applehttp/flavorIds/1_0y1vzx1b,1_tk8mb2ec,1_pbqaq20l,1_7nbxt4u9/a.m3u8?uiConfId=50468382&playSessionId=5ef4c304-17a4-a1d7-16f1-7b6bba1c59b9:4fa629bc-1656-06a7-c7ac-4eac95e04ef0&referrer=aHR0cHM6Ly93d3cubnZpZGlhLmNvbS9lbi11cy9vbi1kZW1hbmQvc2Vzc2lvbi9vdGhlcjI1LW5ldXJpcHMyNS00Lw==&clientTag=html5:v7.264","m3u8"
"https://www.nvidia.com/en-us/on-demand/session/other25-neurips25-5/","30:25:00","https://cdnapisec.kaltura.com/p/2935771/sp/293577100/playManifest/entryId/1_zyefjgt4/protocol/https/format/applehttp/flavorIds/1_rghx29nb,1_uni9vtno,1_0trs5uld,1_9kwuftu5/a.m3u8?uiConfId=50468382&playSessionId=4e91b9e8-fdf5-f36a-c451-ba69c3e243fa:253b8633-c5ca-2aec-1dc0-1ee2ae76a3ff&referrer=aHR0cHM6Ly93d3cubnZpZGlhLmNvbS9lbi11cy9vbi1kZW1hbmQvc2Vzc2lvbi9vdGhlcjI1LW5ldXJpcHMyNS01Lw==&clientTag=html5:v7.264","m3u8"
"https://www.nvidia.com/en-us/on-demand/session/other25-neurips25-6/","31:47:00","https://cdnapisec.kaltura.com/p/2935771/sp/293577100/playManifest/entryId/1_1zilk8tw/protocol/https/format/applehttp/flavorIds/1_fhpcf2eh,1_kif1d7zx,1_m441hvp1,1_hoo5o0hw/a.m3u8?uiConfId=50468382&playSessionId=c3b15b1d-e19a-2470-7503-c6496df10c78:91362376-899f-ee3d-d4b6-58be61fc30bb&referrer=aHR0cHM6Ly93d3cubnZpZGlhLmNvbS9lbi11cy9vbi1kZW1hbmQvc2Vzc2lvbi9vdGhlcjI1LW5ldXJpcHMyNS02Lw==&clientTag=html5:v7.264","m3u8"
"https://www.nvidia.com/en-us/on-demand/session/other25-nv-city-scale/","3:24","https://cdnapisec.kaltura.com/p/2935771/sp/293577100/playManifest/entryId/1_jvgy24zs/protocol/https/format/applehttp/flavorIds/1_plk4i1yj,1_sbqaqvl0,1_2lbn0xg6,1_njqr4b0u,1_q7oo4jdf,1_fthfnvae/a.m3u8?uiConfId=50468382&playSessionId=97a49ecb-7295-159f-6a6b-164b3ec36b8a:de9f5f91-79e7-c13d-aef9-fbcf28b0dac3&referrer=aHR0cHM6Ly93d3cubnZpZGlhLmNvbS9lbi11cy9vbi1kZW1hbmQvc2Vzc2lvbi9vdGhlcjI1LW52LWNpdHktc2NhbGUv&clientTag=html5:v7.264","m3u8"
"https://www.nvidia.com/en-us/on-demand/session/other25-nv-hhtd1/","31:19:00","https://cdnapisec.kaltura.com/p/2935771/sp/293577100/playManifest/entryId/1_mj27yay2/protocol/https/format/applehttp/flavorIds/1_oatavbrv,1_vg8t2v7i,1_d9khgthp,1_lkc50hyk,1_pt59hof3,1_mvaswbif/a.m3u8?uiConfId=50468382&playSessionId=4f8b65de-512c-b85e-4f6e-a6ca02dc6da1:d8425fc9-19a4-5f41-ead1-bf3646fd0eba&referrer=aHR0cHM6Ly93d3cubnZpZGlhLmNvbS9lbi11cy9vbi1kZW1hbmQvc2Vzc2lvbi9vdGhlcjI1LW52LWhodGQxLw==&clientTag=html5:v7.264","m3u8"
"https://www.nvidia.com/en-us/on-demand/session/other25-nv-hhtd2/","32:45:00","https://cdnapisec.kaltura.com/p/2935771/sp/293577100/playManifest/entryId/1_5e2dbau9/protocol/https/format/applehttp/flavorIds/1_6zillrv4,1_12xkygqy,1_qkrmcu16,1_133tsr76,1_2lm4o734,1_oc0vn7ia/a.m3u8?uiConfId=50468382&playSessionId=92e91a53-d088-5707-330c-54f24ab8e87e:7c2b6d93-e865-86d1-dea9-b68db3ca4ace&referrer=aHR0cHM6Ly93d3cubnZpZGlhLmNvbS9lbi11cy9vbi1kZW1hbmQvc2Vzc2lvbi9vdGhlcjI1LW52LWhodGQyLw==&clientTag=html5:v7.264","m3u8"
"https://www.nvidia.com/en-us/on-demand/session/other25-nv-robotics/","1:00:20","https://cdnapisec.kaltura.com/p/2935771/sp/293577100/playManifest/entryId/1_xf6vz427/protocol/https/format/applehttp/flavorIds/1_qayq1x80,1_1vfcch3j/a.m3u8?uiConfId=50468382&playSessionId=cdb13dc5-e9cf-24ee-eb89-6102edbaf7a6:c840c895-04b5-ca83-09f8-8b11a7bf1770&referrer=aHR0cHM6Ly93d3cubnZpZGlhLmNvbS9lbi11cy9vbi1kZW1hbmQvc2Vzc2lvbi9vdGhlcjI1LW52LXJvYm90aWNzLw==&clientTag=html5:v7.264","m3u8"
"https://www.nvidia.com/en-us/on-demand/session/other25-nv-robotics-1/","56:39:00","https://cdnapisec.kaltura.com/p/2935771/sp/293577100/playManifest/entryId/1_54q8cjuk/protocol/https/format/applehttp/flavorIds/1_9eyup8ky,1_1apzq7vy/a.m3u8?uiConfId=50468382&playSessionId=5519479b-9dfd-03f3-6e1c-e2bffa2bbb95:13131c80-1b55-1336-c25e-e4d0fc1c166e&referrer=aHR0cHM6Ly93d3cubnZpZGlhLmNvbS9lbi11cy9vbi1kZW1hbmQvc2Vzc2lvbi9vdGhlcjI1LW52LXJvYm90aWNzLTEv&clientTag=html5:v7.264","m3u8"
"https://www.nvidia.com/en-us/on-demand/session/other25-nv-safer-lights/","21:15","https://cdnapisec.kaltura.com/p/2935771/sp/293577100/playManifest/entryId/1_lb9lmklz/protocol/https/format/applehttp/flavorIds/1_3llbmx9u,1_wdif7lsw,1_qvci2xex,1_koaiqr6s,1_3jofaclg,1_0bewajgp/a.m3u8?uiConfId=50468382&playSessionId=8d25ff47-dbb4-ea95-e470-e3980fb786ce:9cf47419-eb67-c7e7-4071-988fdf280192&referrer=aHR0cHM6Ly93d3cubnZpZGlhLmNvbS9lbi11cy9vbi1kZW1hbmQvc2Vzc2lvbi9vdGhlcjI1LW52LXNhZmVyLWxpZ2h0cy8=&clientTag=html5:v7.264","m3u8"
"https://www.nvidia.com/en-us/on-demand/session/other25-nv-scd/","2:10","https://cdnapisec.kaltura.com/p/2935771/sp/293577100/playManifest/entryId/1_guj8llle/protocol/https/format/applehttp/flavorIds/1_11fqksn1,1_q9zmgkir,1_jcltk2ob,1_2f19sp1p,1_4gvtuyk0,1_fryoxii2/a.m3u8?uiConfId=50468382&playSessionId=83b4c18e-cac1-0da0-e031-58e3f402c665:90bfc892-efdd-5491-669e-194c3abb73c6&referrer=aHR0cHM6Ly93d3cubnZpZGlhLmNvbS9lbi11cy9vbi1kZW1hbmQvc2Vzc2lvbi9vdGhlcjI1LW52LXNjZC8=&clientTag=html5:v7.264","m3u8"
"https://www.nvidia.com/en-us/on-demand/session/other25-nvidia-agp/","30:04:00","https://cdnapisec.kaltura.com/p/2935771/sp/293577100/playManifest/entryId/1_114wxxky/protocol/https/format/applehttp/flavorIds/1_jemq7axl,1_f1yvit10,1_dqvbcud7,1_41u6w3i3,1_pmw1m4aa/a.m3u8?uiConfId=50468382&playSessionId=3fbc507d-f80f-13a4-341c-401871e4a42c:609d6796-1555-dd32-b7f1-6e1f288078b5&referrer=aHR0cHM6Ly93d3cubnZpZGlhLmNvbS9lbi11cy9vbi1kZW1hbmQvc2Vzc2lvbi9vdGhlcjI1LW52aWRpYS1hZ3Av&clientTag=html5:v7.264","m3u8"
"https://www.nvidia.com/en-us/on-demand/session/other25-apec/","27:26:00","https://cdnapisec.kaltura.com/p/2935771/sp/293577100/playManifest/entryId/1_q5dwg6nf/protocol/https/format/applehttp/flavorIds/1_nooc4bmk,1_pvnqekuj,1_u045inho,1_8grodp4j,1_p1hzv7m4,1_cgbsx9qb/a.m3u8?uiConfId=50468382&playSessionId=4dd9b8b4-0d9a-e72c-38ee-9aee572ea039:691e7729-51ed-f350-767c-9a2ca54f079f&referrer=aHR0cHM6Ly93d3cubnZpZGlhLmNvbS9lbi11cy9vbi1kZW1hbmQvc2Vzc2lvbi9vdGhlcjI1LWFwZWMv&clientTag=html5:v7.264","m3u8"
"https://www.nvidia.com/en-us/on-demand/session/other25-sc-01/","1:25:37","https://cdnapisec.kaltura.com/p/2935771/sp/293577100/playManifest/entryId/1_5x8j8tqt/protocol/https/format/applehttp/flavorIds/1_ym0aqdi9,1_np2b7ow8,1_vjxxqw04,1_uw86l2ft,1_btysfl1p,1_za7zs9i4/a.m3u8?uiConfId=50468382&playSessionId=4a331331-4b45-3e3e-30d9-41e879f3a38e:dff278eb-5860-e914-ed3c-4635617cf507&referrer=aHR0cHM6Ly93d3cubnZpZGlhLmNvbS9lbi11cy9vbi1kZW1hbmQvc2Vzc2lvbi9vdGhlcjI1LXNjLTAxLw==&clientTag=html5:v7.264","m3u8"
"https://www.nvidia.com/en-us/on-demand/session/aidayseoul25-ad31010/","34:04:00","https://cdnapisec.kaltura.com/p/2935771/sp/293577100/playManifest/entryId/1_xbvlg4i7/protocol/https/format/applehttp/flavorIds/1_2saxenhb,1_3sjhzapc,1_jaj7d6tu,1_2u1qilwm/a.m3u8?uiConfId=50468382&playSessionId=c8251942-3717-92d6-386d-467b952671ee:3c375afe-f613-f7e2-08b4-79308b0cd333&referrer=aHR0cHM6Ly93d3cubnZpZGlhLmNvbS9lbi11cy9vbi1kZW1hbmQvc2Vzc2lvbi9haWRheXNlb3VsMjUtYWQzMTAxMC8=&clientTag=html5:v7.264","m3u8"
"https://www.nvidia.com/en-us/on-demand/session/aidayseoul25-ad31011/","42:04:00","https://cdnapisec.kaltura.com/p/2935771/sp/293577100/playManifest/entryId/1_2tm34mfn/protocol/https/format/applehttp/flavorIds/1_5y4w1dco,1_gvwbdczq,1_kbblkz70/a.m3u8?uiConfId=50468382&playSessionId=acbb4d0f-cad2-bbee-3d59-42452f923ab5:05c98535-e236-28f6-f299-4dd981e2ea44&referrer=aHR0cHM6Ly93d3cubnZpZGlhLmNvbS9lbi11cy9vbi1kZW1hbmQvc2Vzc2lvbi9haWRheXNlb3VsMjUtYWQzMTAxMS8=&clientTag=html5:v7.264","m3u8"
"https://www.nvidia.com/en-us/on-demand/session/aidayseoul25-ad31012/","39:54:00","https://cdnapisec.kaltura.com/p/2935771/sp/293577100/playManifest/entryId/1_g7xp9udr/protocol/https/format/applehttp/flavorIds/1_h16hqruv,1_imezvh35,1_919k2z36,1_bg05xty4,1_xc668gzj/a.m3u8?uiConfId=50468382&playSessionId=602dbfce-324a-2374-d704-62e338dd8e6b:aec1199d-8f50-5ead-1f26-f52d2cd7889a&referrer=aHR0cHM6Ly93d3cubnZpZGlhLmNvbS9lbi11cy9vbi1kZW1hbmQvc2Vzc2lvbi9haWRheXNlb3VsMjUtYWQzMTAxMi8=&clientTag=html5:v7.264","m3u8"
"https://www.nvidia.com/en-us/on-demand/session/aidayseoul25-ad31013/","44:33:00","https://cdnapisec.kaltura.com/p/2935771/sp/293577100/playManifest/entryId/1_sn7j49dt/protocol/https/format/applehttp/flavorIds/1_dazevc3l,1_o2dz6lsq,1_l26t1q2k/a.m3u8?uiConfId=50468382&playSessionId=c84c5d9d-b151-1729-e69f-3e24bd30923b:8febbd69-9f95-a171-dbce-966de61365f9&referrer=aHR0cHM6Ly93d3cubnZpZGlhLmNvbS9lbi11cy9vbi1kZW1hbmQvc2Vzc2lvbi9haWRheXNlb3VsMjUtYWQzMTAxMy8=&clientTag=html5:v7.264","m3u8"
"https://www.nvidia.com/en-us/on-demand/session/aidayseoul25-ad31014/","46:29:00","https://cdnapisec.kaltura.com/p/2935771/sp/293577100/playManifest/entryId/1_4lzivy5b/protocol/https/format/applehttp/flavorIds/1_9tl5rwhz,1_feg238by,1_hu9a16pk,1_qe49sysd,1_etnaiv7a/a.m3u8?uiConfId=50468382&playSessionId=c1f3f6df-e8a7-704a-b4ff-e47907f9579b:9ea5c23c-6397-b831-ee43-536a38ac7944&referrer=aHR0cHM6Ly93d3cubnZpZGlhLmNvbS9lbi11cy9vbi1kZW1hbmQvc2Vzc2lvbi9haWRheXNlb3VsMjUtYWQzMTAxNC8=&clientTag=html5:v7.264","m3u8"
"https://www.nvidia.com/en-us/on-demand/session/aidayseoul25-ad31015/","42:08:00","https://cdnapisec.kaltura.com/p/2935771/sp/293577100/playManifest/entryId/1_0h2uci54/protocol/https/format/applehttp/flavorIds/1_3qx8mhld,1_2fkhenj0,1_wnqeva42,1_ab680wfk/a.m3u8?uiConfId=50468382&playSessionId=04415961-dbb4-ce90-0494-6cf9a69cc31c:82bf6546-b25e-ad58-4c05-ae864f5e4c3e&referrer=aHR0cHM6Ly93d3cubnZpZGlhLmNvbS9lbi11cy9vbi1kZW1hbmQvc2Vzc2lvbi9haWRheXNlb3VsMjUtYWQzMTAxNS8=&clientTag=html5:v7.264","m3u8"
"https://www.nvidia.com/en-us/on-demand/session/aidayseoul25-ad31016/","33:58:00","https://cdnapisec.kaltura.com/p/2935771/sp/293577100/playManifest/entryId/1_5mgm56on/protocol/https/format/applehttp/flavorIds/1_ywl1uuqy,1_kxi1yo1x,1_gx05ibzt,1_tv9j6jxi/a.m3u8?uiConfId=50468382&playSessionId=691998df-718d-c728-7970-e51e5b427564:c30fef89-f63f-57af-e3b3-5b2bbb7e45cd&referrer=aHR0cHM6Ly93d3cubnZpZGlhLmNvbS9lbi11cy9vbi1kZW1hbmQvc2Vzc2lvbi9haWRheXNlb3VsMjUtYWQzMTAxNi8=&clientTag=html5:v7.264","m3u8"
"https://www.nvidia.com/en-us/on-demand/session/aidayseoul25-ad31017/","35:55:00","https://cdnapisec.kaltura.com/p/2935771/sp/293577100/playManifest/entryId/1_fhgmlank/protocol/https/format/applehttp/flavorIds/1_ba1mnvlp,1_todk9fxz,1_qv89s8su,1_nymigla1,1_smzg6yop/a.m3u8?uiConfId=50468382&playSessionId=4919522a-2306-f669-41b6-9f38c81fa40a:50d8291d-89c9-8caa-fba2-9723cf7a127f&referrer=aHR0cHM6Ly93d3cubnZpZGlhLmNvbS9lbi11cy9vbi1kZW1hbmQvc2Vzc2lvbi9haWRheXNlb3VsMjUtYWQzMTAxNy8=&clientTag=html5:v7.264","m3u8"
"https://www.nvidia.com/en-us/on-demand/session/aidayseoul25-ad31019/","46:14:00","https://cdnapisec.kaltura.com/p/2935771/sp/293577100/playManifest/entryId/1_c1ef92kt/protocol/https/format/applehttp/flavorIds/1_himqhx23,1_63c9dh0n,1_090xvdjb,1_mgic6zui,1_gzliaa3b/a.m3u8?uiConfId=50468382&playSessionId=eb1f9bc9-d5b3-c9a6-deaf-f1e568033de1:f2a1b786-aa40-39fa-9a3d-11b87c7b8857&referrer=aHR0cHM6Ly93d3cubnZpZGlhLmNvbS9lbi11cy9vbi1kZW1hbmQvc2Vzc2lvbi9haWRheXNlb3VsMjUtYWQzMTAxOS8=&clientTag=html5:v7.264","m3u8"
"https://www.nvidia.com/en-us/on-demand/session/aidayseoul25-ad31022/","28:15:00","https://cdnapisec.kaltura.com/p/2935771/sp/293577100/playManifest/entryId/1_d4kxp600/protocol/https/format/applehttp/flavorIds/1_0jmsht5v,1_ceo5d2tp,1_24du41m2,1_3vn4gzbf,1_axsc5pox/a.m3u8?uiConfId=50468382&playSessionId=aa000e53-38ce-328e-ea6b-22eb6d32ea4b:81b0e247-82f0-829f-6c9f-ae320d613add&referrer=aHR0cHM6Ly93d3cubnZpZGlhLmNvbS9lbi11cy9vbi1kZW1hbmQvc2Vzc2lvbi9haWRheXNlb3VsMjUtYWQzMTAyMi8=&clientTag=html5:v7.264","m3u8"
"https://www.nvidia.com/en-us/on-demand/session/aidayseoul25-ad31023/","26:48:00","https://cdnapisec.kaltura.com/p/2935771/sp/293577100/playManifest/entryId/1_lnh8t8zy/protocol/https/format/applehttp/flavorIds/1_ts60hl34,1_iwnszoy4,1_pzxuhhzn,1_hxi9ud34,1_nwni4qtq/a.m3u8?uiConfId=50468382&playSessionId=eb98c1a4-e92f-3c59-7ec3-2c6dda228288:af4088a3-8548-c14e-b452-98c033494189&referrer=aHR0cHM6Ly93d3cubnZpZGlhLmNvbS9lbi11cy9vbi1kZW1hbmQvc2Vzc2lvbi9haWRheXNlb3VsMjUtYWQzMTAyMy8=&clientTag=html5:v7.264","m3u8"
"https://www.nvidia.com/en-us/on-demand/session/aidayseoul25-ad31024/","31:01:00","https://cdnapisec.kaltura.com/p/2935771/sp/293577100/playManifest/entryId/1_fmklvrdp/protocol/https/format/applehttp/flavorIds/1_nl699oz2,1_7v4e42mv,1_v8ryg8zj/a.m3u8?uiConfId=50468382&playSessionId=236fbe30-e82f-ec90-a1ca-bba077d2371d:c0d5b49d-37f4-fe9f-ca05-549e63545b50&referrer=aHR0cHM6Ly93d3cubnZpZGlhLmNvbS9lbi11cy9vbi1kZW1hbmQvc2Vzc2lvbi9haWRheXNlb3VsMjUtYWQzMTAyNC8=&clientTag=html5:v7.264","m3u8"
"https://www.nvidia.com/en-us/on-demand/session/aidayseoul25-ad31007/","37:03:00","https://cdnapisec.kaltura.com/p/2935771/sp/293577100/playManifest/entryId/1_i7jrle6l/protocol/https/format/applehttp/flavorIds/1_s0cmlxpq,1_63icqsc5,1_nc1eop2u,1_uwgp5t95,1_qix3hkir/a.m3u8?uiConfId=50468382&playSessionId=0601defb-59bd-8622-4cbb-116d6e3790be:e8091afc-dd13-1d31-19a8-67c8178784d5&referrer=aHR0cHM6Ly93d3cubnZpZGlhLmNvbS9lbi11cy9vbi1kZW1hbmQvc2Vzc2lvbi9haWRheXNlb3VsMjUtYWQzMTAwNy8=&clientTag=html5:v7.264","m3u8"
"https://www.nvidia.com/en-us/on-demand/session/aidayseoul25-ad31008/","39:36:00","https://cdnapisec.kaltura.com/p/2935771/sp/293577100/playManifest/entryId/1_9dnlueow/protocol/https/format/applehttp/flavorIds/1_utze8p8l,1_33qz60ny,1_qjn8i1oy,1_7tkyhjwr,1_3upzto7w/a.m3u8?uiConfId=50468382&playSessionId=69ef3f68-35d7-c320-a99b-cc0e8e41407e:c7a5a61b-98ea-e75b-cf14-58aa97cb49f9&referrer=aHR0cHM6Ly93d3cubnZpZGlhLmNvbS9lbi11cy9vbi1kZW1hbmQvc2Vzc2lvbi9haWRheXNlb3VsMjUtYWQzMTAwOC8=&clientTag=html5:v7.264","m3u8"
"https://www.nvidia.com/en-us/on-demand/session/aidayseoul25-ad31009/","49:42:00","https://cdnapisec.kaltura.com/p/2935771/sp/293577100/playManifest/entryId/1_jvka7k2n/protocol/https/format/applehttp/flavorIds/1_brj0qqir,1_oyblyq4g,1_umf8qcjz,1_52l4j6hs/a.m3u8?uiConfId=50468382&playSessionId=860ecfac-b0bc-2289-e1fc-cb994ee104f0:66bc72a0-ad51-166c-0f1c-dc0567763eaf&referrer=aHR0cHM6Ly93d3cubnZpZGlhLmNvbS9lbi11cy9vbi1kZW1hbmQvc2Vzc2lvbi9haWRheXNlb3VsMjUtYWQzMTAwOS8=&clientTag=html5:v7.264","m3u8"
"https://www.nvidia.cn/on-demand/session/chinadeveloperday25-s11/","25:08:00","https://cdnapi-ev.kaltura.com/p/2935771/sp/293577100/playManifest/entryId/1_osg2swiy/format/applehttp/protocol/https/flavorParamIds/487091,487081,487071,487061,487051,487041/session.m3u8?uiConfId=46302491","m3u8"
"https://www.nvidia.cn/on-demand/session/chinadeveloperday25-s13/","27:55:00","https://cdnapi-ev.kaltura.com/p/2935771/sp/293577100/playManifest/entryId/1_a8rtnlqe/format/applehttp/protocol/https/flavorParamIds/487091,487081,487071,487061,487051,487041/session.m3u8?uiConfId=46302491","m3u8"
"https://www.nvidia.cn/on-demand/session/chinadeveloperday25-s14/","46:18:00","https://cdnapi-ev.kaltura.com/p/2935771/sp/293577100/playManifest/entryId/1_8surysdc/format/applehttp/protocol/https/flavorParamIds/487091,487081,487071,487061,487051,487041/session.m3u8?uiConfId=46302491","m3u8"
"https://www.nvidia.cn/on-demand/session/chinadeveloperday25-s15/","46:16:00","https://cdnapi-ev.kaltura.com/p/2935771/sp/293577100/playManifest/entryId/1_x25ksuwn/format/applehttp/protocol/https/flavorParamIds/487091,487081,487071,487061,487051,487041/session.m3u8?uiConfId=46302491","m3u8"
"https://www.nvidia.cn/on-demand/session/chinadeveloperday25-s04/","38:40:00","https://cdnapi-ev.kaltura.com/p/2935771/sp/293577100/playManifest/entryId/1_oikycxm7/format/applehttp/protocol/https/flavorParamIds/487091,487081,487071,487061,487051,487041/session.m3u8?uiConfId=46302491","m3u8"
"https://www.nvidia.cn/on-demand/session/chinadeveloperday25-s09/","30:07:00","https://cdnapi-ev.kaltura.com/p/2935771/sp/293577100/playManifest/entryId/1_y5ur26wo/format/applehttp/protocol/https/flavorParamIds/487091,487081,487071,487061,487051,487041/session.m3u8?uiConfId=46302491","m3u8"
"https://www.nvidia.cn/on-demand/session/chinadeveloperday25-s01/","30:15:00","https://cdnapi-ev.kaltura.com/p/2935771/sp/293577100/playManifest/entryId/1_tkim91e6/format/applehttp/protocol/https/flavorParamIds/487091,487081,487071,487061,487051,487041/session.m3u8?uiConfId=46302491","m3u8"
"https://www.nvidia.cn/on-demand/session/chinadeveloperday25-s02/","30:10:00","https://cdnapi-ev.kaltura.com/p/2935771/sp/293577100/playManifest/entryId/1_zjnicwhc/format/applehttp/protocol/https/flavorParamIds/487091,487081,487071,487061,487051,487041/session.m3u8?uiConfId=46302491","m3u8"
"https://www.nvidia.cn/on-demand/session/chinadeveloperday25-s08/","38:43:00","https://cdnapi-ev.kaltura.com/p/2935771/sp/293577100/playManifest/entryId/1_971gq8vi/format/applehttp/protocol/https/flavorParamIds/487091,487081,487071,487061,487051,487041/session.m3u8?uiConfId=46302491","m3u8"
"https://www.nvidia.cn/on-demand/session/chinadeveloperday25-s03/","58:19:00","https://cdnapi-ev.kaltura.com/p/2935771/sp/293577100/playManifest/entryId/1_9z0k0xim/format/applehttp/protocol/https/flavorParamIds/487091,487081,487071,487061,487051,487041/session.m3u8?uiConfId=46302491","m3u8"
"https://www.nvidia.com/en-us/on-demand/session/gtcdc25-dc51036_jp/","","https://cdnapisec.kaltura.com/p/2935771/sp/293577100/playManifest/entryId/1_0ni9nqw6/protocol/https/format/applehttp/flavorIds/1_us8g6bdy,1_wci1xzh0,1_8qyxrscq,1_2o1fjh52,1_obv5e0yo/a.m3u8?uiConfId=50468382&playSessionId=e38bce0c-97ab-9369-3b07-0b787e84e018:ef9ec4c5-2481-9409-0b23-d02d854debc1&referrer=aHR0cHM6Ly93d3cubnZpZGlhLmNvbS9lbi11cy9vbi1kZW1hbmQvc2Vzc2lvbi9ndGNkYzI1LWRjNTEwMzZfanAv&clientTag=html5:v7.264","m3u8"
"https://www.nvidia.com/en-us/on-demand/session/computex25-ov-montage/","2:27","https://cdnapisec.kaltura.com/p/2935771/sp/293577100/playManifest/entryId/1_e5sk9fkd/protocol/https/format/applehttp/flavorIds/1_lzgh299r,1_k4gt6j1i,1_v0mvqd4h,1_l2uv3jhh,1_iklebo76,1_tfl5gj7u,1_piisc9pw,1_2zqqf7be/a.m3u8?uiConfId=50468382&playSessionId=c71f8ad3-7f85-c852-3cb2-0f84910ed2d2:77fbfa7d-2c41-086b-109e-0ed879a54693&referrer=aHR0cHM6Ly93d3cubnZpZGlhLmNvbS9lbi11cy9vbi1kZW1hbmQvc2Vzc2lvbi9jb21wdXRleDI1LW92LW1vbnRhZ2Uv&clientTag=html5:v7.264","m3u8"
"https://www.nvidia.com/en-us/on-demand/session/other25-jt1/","1:01:39","https://cdnapisec.kaltura.com/p/2935771/sp/293577100/playManifest/entryId/1_8xh0zrdd/protocol/https/format/applehttp/flavorIds/1_v2xye7jr,1_v8z456ck/a.m3u8?uiConfId=50468382&playSessionId=4f698f4f-ee19-c907-3def-bfddab9c7e68:1ed2562f-2dfb-a229-96e3-c686a715cdee&referrer=aHR0cHM6Ly93d3cubnZpZGlhLmNvbS9lbi11cy9vbi1kZW1hbmQvc2Vzc2lvbi9vdGhlcjI1LWp0MS8=&clientTag=html5:v7.264","m3u8"
"https://www.nvidia.com/en-us/on-demand/session/other25-nv-10/","41:10:00","https://cdnapisec.kaltura.com/p/2935771/sp/293577100/playManifest/entryId/1_ls3y5n25/protocol/https/format/applehttp/flavorIds/1_4f86cjtw,1_3bpopquf,1_cu9e0h9w,1_weopiwxk,1_1x4y88vp/a.m3u8?uiConfId=50468382&playSessionId=362fcb33-a334-9d36-cc67-c3dddced1353:3949f771-3ebc-9231-a5f3-7bfccbf495d3&referrer=aHR0cHM6Ly93d3cubnZpZGlhLmNvbS9lbi11cy9vbi1kZW1hbmQvc2Vzc2lvbi9vdGhlcjI1LW52LTEwLw==&clientTag=html5:v7.264","m3u8"
"https://www.nvidia.com/en-us/on-demand/session/other25-nv-111/","57:04:00","https://cdnapisec.kaltura.com/p/2935771/sp/293577100/playManifest/entryId/1_y1p8egk4/protocol/https/format/applehttp/flavorIds/1_45l4ofu0,1_vmwxrzwr,1_p67prz7c,1_ty006i93,1_11l7z3im,1_4b2kfmnm/a.m3u8?uiConfId=50468382&playSessionId=92ab9f14-90c1-f097-cca9-a6a5e11f254a:ff0b0a15-3057-aace-4e52-3c20a64a810d&referrer=aHR0cHM6Ly93d3cubnZpZGlhLmNvbS9lbi11cy9vbi1kZW1hbmQvc2Vzc2lvbi9vdGhlcjI1LW52LTExMS8=&clientTag=html5:v7.264","m3u8"
"https://www.nvidia.com/en-us/on-demand/session/other25-om-11/","1:00:53","https://cdnapisec.kaltura.com/p/2935771/sp/293577100/playManifest/entryId/1_fxpi0s22/protocol/https/format/applehttp/flavorIds/1_er7qa9sq,1_6yp4f7v9,1_x606p3av,1_t2xzz9ry/a.m3u8?uiConfId=50468382&playSessionId=b6c68c83-5c8e-fddf-2ffd-ad878a5a58cb:0be45e1b-40af-649f-e7a4-94ddd17c7339&referrer=aHR0cHM6Ly93d3cubnZpZGlhLmNvbS9lbi11cy9vbi1kZW1hbmQvc2Vzc2lvbi9vdGhlcjI1LW9tLTExLw==&clientTag=html5:v7.264","m3u8"
"https://www.nvidia.com/en-us/on-demand/session/gtcdc25-dc51075/","37:17:00","https://cdnapisec.kaltura.com/p/2935771/sp/293577100/playManifest/entryId/1_k6owtvwi/protocol/https/format/applehttp/flavorIds/1_l4pd71nb,1_svjsvh8n,1_vuq7n0nj,1_dbm8pe5y,1_0y6nhsw2,1_23rr7s1n/a.m3u8?uiConfId=50468382&playSessionId=61015a63-fdcd-5239-73a8-8c87796fcf82:80b09b1b-4248-1217-56c0-9f8f3da26e60&referrer=aHR0cHM6Ly93d3cubnZpZGlhLmNvbS9lbi11cy9vbi1kZW1hbmQvc2Vzc2lvbi9ndGNkYzI1LWRjNTEwNzUv&clientTag=html5:v7.264","m3u8"
"https://www.nvidia.com/en-us/on-demand/session/gtcdc25-dc51220/","14:18","https://cdnapisec.kaltura.com/p/2935771/sp/293577100/playManifest/entryId/1_raczxe4c/protocol/https/format/applehttp/flavorIds/1_g2nlji11,1_1povm24v,1_9r2eovti,1_sxuokonl,1_w0ikkt1z,1_9w04k3w2/a.m3u8?uiConfId=50468382&playSessionId=0c0dd977-df2e-0397-fea4-76df0be9e139:269fc9b4-7f4d-85dc-b161-5d0f14de8be0&referrer=aHR0cHM6Ly93d3cubnZpZGlhLmNvbS9lbi11cy9vbi1kZW1hbmQvc2Vzc2lvbi9ndGNkYzI1LWRjNTEyMjAv&clientTag=html5:v7.264","m3u8"
"https://www.nvidia.com/en-us/on-demand/session/gtcdc25-dc51173/","11:15","https://cdnapisec.kaltura.com/p/2935771/sp/293577100/playManifest/entryId/1_8izh0voz/protocol/https/format/applehttp/flavorIds/1_moi5mk4g,1_mzpj7drn,1_t8k1xzo6,1_11x77equ,1_y3l4x26a,1_dk8bli44/a.m3u8?uiConfId=50468382&playSessionId=230dcafc-85b4-80e6-787c-8bf299f26907:33c23412-0981-39cb-bdb1-ef396b6f1588&referrer=aHR0cHM6Ly93d3cubnZpZGlhLmNvbS9lbi11cy9vbi1kZW1hbmQvc2Vzc2lvbi9ndGNkYzI1LWRjNTExNzMv&clientTag=html5:v7.264","m3u8"
"https://www.nvidia.com/en-us/on-demand/session/gtcdc25-dc51241/","10:55","https://cdnapisec.kaltura.com/p/2935771/sp/293577100/playManifest/entryId/1_zbdpoovg/protocol/https/format/applehttp/flavorIds/1_5ewz2prh,1_cbjx6j5a,1_dt3nzsqe,1_q6cnoile,1_z2gs3lys,1_h300wd34/a.m3u8?uiConfId=50468382&playSessionId=24dc5f05-1010-a795-7045-a91f71abc3c1:0fe04516-9863-5dd2-d706-f620d26443a4&referrer=aHR0cHM6Ly93d3cubnZpZGlhLmNvbS9lbi11cy9vbi1kZW1hbmQvc2Vzc2lvbi9ndGNkYzI1LWRjNTEyNDEv&clientTag=html5:v7.264","m3u8"
"https://www.nvidia.com/en-us/on-demand/session/gtcdc25-dc51055/","11:15","https://cdnapisec.kaltura.com/p/2935771/sp/293577100/playManifest/entryId/1_8srzy1cw/protocol/https/format/applehttp/flavorIds/1_8ddzquei,1_ff2ike0w,1_rpnv0lke,1_9seqkam7,1_ac015u0p,1_l10vh92d/a.m3u8?uiConfId=50468382&playSessionId=ebe05ab0-01d5-15d0-e756-1e9ddf80ec3c:82bab6a4-befe-ece5-f944-78791b6c2df9&referrer=aHR0cHM6Ly93d3cubnZpZGlhLmNvbS9lbi11cy9vbi1kZW1hbmQvc2Vzc2lvbi9ndGNkYzI1LWRjNTEwNTUv&clientTag=html5:v7.264","m3u8"
"https://www.nvidia.com/en-us/on-demand/session/gtcdc25-dc51262/","15:33","https://cdnapisec.kaltura.com/p/2935771/sp/293577100/playManifest/entryId/1_byfulep7/protocol/https/format/applehttp/flavorIds/1_ugoqjzow,1_yeeltg3b,1_hmiwsxtj,1_9qr5jkbl,1_e0dcr659,1_6bdekx79/a.m3u8?uiConfId=50468382&playSessionId=bd80ad8c-5263-b101-6f4f-7520657ad7d7:4e7e5943-63f9-8f31-5df4-f5ae40511ed4&referrer=aHR0cHM6Ly93d3cubnZpZGlhLmNvbS9lbi11cy9vbi1kZW1hbmQvc2Vzc2lvbi9ndGNkYzI1LWRjNTEyNjIv&clientTag=html5:v7.264","m3u8"
"https://www.nvidia.com/en-us/on-demand/session/gtcdc25-dc51028/","32:00:00","https://cdnapisec.kaltura.com/p/2935771/sp/293577100/playManifest/entryId/1_qhzwqk6i/protocol/https/format/applehttp/flavorIds/1_bgxe06k9,1_7r6pr5e6,1_el8ig5e9,1_7t00bvjt,1_vt3iuz7u/a.m3u8?uiConfId=50468382&playSessionId=b8544be7-eccd-cb36-aac5-263e96e4ab93:8a070454-5dea-48f8-d04d-1d326bb2592d&referrer=aHR0cHM6Ly93d3cubnZpZGlhLmNvbS9lbi11cy9vbi1kZW1hbmQvc2Vzc2lvbi9ndGNkYzI1LWRjNTEwMjgv&clientTag=html5:v7.264","m3u8"
"https://www.nvidia.com/en-us/on-demand/session/gtcdc25-dc51219/","20:34","https://cdnapisec.kaltura.com/p/2935771/sp/293577100/playManifest/entryId/1_g3i07665/protocol/https/format/applehttp/flavorIds/1_1r7sntx9,1_pt38kupz,1_s5w7i57z,1_0rps5pqr,1_20uuww5w,1_foozex5g/a.m3u8?uiConfId=50468382&playSessionId=4967e8b7-2650-dcb1-a0db-18732f3a8a50:1adcfadc-1362-e006-98db-a0efe8e17481&referrer=aHR0cHM6Ly93d3cubnZpZGlhLmNvbS9lbi11cy9vbi1kZW1hbmQvc2Vzc2lvbi9ndGNkYzI1LWRjNTEyMTkv&clientTag=html5:v7.264","m3u8"
"https://www.nvidia.com/en-us/on-demand/session/gtcdc25-dc51264/","44:29:00","https://cdnapisec.kaltura.com/p/2935771/sp/293577100/playManifest/entryId/1_haezk2nv/protocol/https/format/applehttp/flavorIds/1_97j28kuc,1_4tn4sih2,1_k4sewqix,1_0bs0z1np/a.m3u8?uiConfId=50468382&playSessionId=777b5e61-7cce-25b8-68ff-bfc2f4edc8d9:ce92d914-4daa-47c0-9204-6bbe433a3bb6&referrer=aHR0cHM6Ly93d3cubnZpZGlhLmNvbS9lbi11cy9vbi1kZW1hbmQvc2Vzc2lvbi9ndGNkYzI1LWRjNTEyNjQv&clientTag=html5:v7.264","m3u8"
"https://www.nvidia.com/en-us/on-demand/session/gtcdc25-dc51279/","41:01:00","https://cdnapisec.kaltura.com/p/2935771/sp/293577100/playManifest/entryId/1_75wyqjn2/protocol/https/format/applehttp/flavorIds/1_7yj6egzk,1_5djkqz9s,1_705jdchb,1_80au0h80,1_6mdo538o,1_judjmjt8/a.m3u8?uiConfId=50468382&playSessionId=1c3d80ec-4539-81bd-7f8b-0c1b9634820d:cba19a52-619a-551c-1cc4-97455f72fa10&referrer=aHR0cHM6Ly93d3cubnZpZGlhLmNvbS9lbi11cy9vbi1kZW1hbmQvc2Vzc2lvbi9ndGNkYzI1LWRjNTEyNzkv&clientTag=html5:v7.264","m3u8"
"https://www.nvidia.com/en-us/on-demand/session/gtcdc25-dc51182/","14:03","https://cdnapisec.kaltura.com/p/2935771/sp/293577100/playManifest/entryId/1_xl6lqfyc/protocol/https/format/applehttp/flavorIds/1_9d1tgnf1,1_ko0vwew6,1_oyinpdxw,1_ncakhjwz,1_sxy5bune,1_dt7tk17x/a.m3u8?uiConfId=50468382&playSessionId=527000ae-c1c9-789c-54b5-fe65ae2d4106:7c22de8a-c905-92a9-dd6f-a6678e27113a&referrer=aHR0cHM6Ly93d3cubnZpZGlhLmNvbS9lbi11cy9vbi1kZW1hbmQvc2Vzc2lvbi9ndGNkYzI1LWRjNTExODIv&clientTag=html5:v7.264","m3u8"
"https://www.nvidia.com/en-us/on-demand/session/gtcdc25-dc51276/","15:19","https://cdnapisec.kaltura.com/p/2935771/sp/293577100/playManifest/entryId/1_t0hq62jv/protocol/https/format/applehttp/flavorIds/1_qyd7zgkp,1_yehhi6nn,1_n7310hsd,1_g1i1b7r8,1_2pmulkh3,1_cddqs6vh/a.m3u8?uiConfId=50468382&playSessionId=78346a9a-2f21-d7e5-9050-62aef2923e9f:e1408fd3-0f7c-9390-4c97-efd7a5da3f0d&referrer=aHR0cHM6Ly93d3cubnZpZGlhLmNvbS9lbi11cy9vbi1kZW1hbmQvc2Vzc2lvbi9ndGNkYzI1LWRjNTEyNzYv&clientTag=html5:v7.264","m3u8"
"https://www.nvidia.com/en-us/on-demand/session/gtcdc25-dc51016/","38:31:00","https://cdnapisec.kaltura.com/p/2935771/sp/293577100/playManifest/entryId/1_8ue0vqpx/protocol/https/format/applehttp/flavorIds/1_ov9ukh2q,1_cmorvojn,1_z6mojt7k,1_eerhkeak,1_d5lxpm6l,1_10cz9n2v/a.m3u8?uiConfId=50468382&playSessionId=5b705caa-4169-030b-b70b-e702e11acd8e:8f3597d0-2058-24c0-9013-645d16874b5e&referrer=aHR0cHM6Ly93d3cubnZpZGlhLmNvbS9lbi11cy9vbi1kZW1hbmQvc2Vzc2lvbi9ndGNkYzI1LWRjNTEwMTYv&clientTag=html5:v7.264","m3u8"
"https://www.nvidia.com/en-us/on-demand/session/gtcdc25-dc51127/","41:55:00","https://cdnapisec.kaltura.com/p/2935771/sp/293577100/playManifest/entryId/1_98nqo7ay/protocol/https/format/applehttp/flavorIds/1_016xobov,1_27d6oeqa,1_bz1zuqr0,1_tgzlido1,1_umaxq2qr,1_ant8j9m4/a.m3u8?uiConfId=50468382&playSessionId=1a25d495-5df3-d43a-cf86-d5af53789baa:b82c9add-d27b-9f9a-21a0-30edd03e64b9&referrer=aHR0cHM6Ly93d3cubnZpZGlhLmNvbS9lbi11cy9vbi1kZW1hbmQvc2Vzc2lvbi9ndGNkYzI1LWRjNTExMjcv&clientTag=html5:v7.264","m3u8"
"https://www.nvidia.com/en-us/on-demand/session/gtcdc25-dc51192/","9:44","https://cdnapisec.kaltura.com/p/2935771/sp/293577100/playManifest/entryId/1_oqqsr8ry/protocol/https/format/applehttp/flavorIds/1_cfn9lee4,1_zqyg8ibh,1_qazyz06p,1_49k97ltr,1_bpjb014i,1_8dn03lr4/a.m3u8?uiConfId=50468382&playSessionId=59f0f190-6720-ca98-9c44-01913cb118f9:f5e93aa5-2344-2f27-764d-2b3e4f2458c8&referrer=aHR0cHM6Ly93d3cubnZpZGlhLmNvbS9lbi11cy9vbi1kZW1hbmQvc2Vzc2lvbi9ndGNkYzI1LWRjNTExOTIv&clientTag=html5:v7.264","m3u8"
"https://www.nvidia.com/en-us/on-demand/session/gtcdc25-dc51306/","38:52:00","https://cdnapisec.kaltura.com/p/2935771/sp/293577100/playManifest/entryId/1_xjnvg6t1/protocol/https/format/applehttp/flavorIds/1_jugjaht1,1_nx5hh2f6,1_vyj87448,1_z1cyr1sm,1_77hq2w5p,1_qd4dcx8a/a.m3u8?uiConfId=50468382&playSessionId=87cc0933-90c6-8a82-6135-83d201716469:5a350710-e55f-60af-a6c7-09a200ae60d6&referrer=aHR0cHM6Ly93d3cubnZpZGlhLmNvbS9lbi11cy9vbi1kZW1hbmQvc2Vzc2lvbi9ndGNkYzI1LWRjNTEzMDYv&clientTag=html5:v7.264","m3u8"
"https://www.nvidia.com/en-us/on-demand/session/gtcdc25-dc51081/","44:21:00","https://cdnapisec.kaltura.com/p/2935771/sp/293577100/playManifest/entryId/1_giwixbf6/protocol/https/format/applehttp/flavorIds/1_h4zvumby,1_djvoo09z,1_cjehd3wh,1_zk0je9ep,1_8nxld83k,1_s302uhsx/a.m3u8?uiConfId=50468382&playSessionId=29104759-73c8-e5bf-0aec-68ef90f8d414:08d94ead-8711-824c-4852-9a76ee765deb&referrer=aHR0cHM6Ly93d3cubnZpZGlhLmNvbS9lbi11cy9vbi1kZW1hbmQvc2Vzc2lvbi9ndGNkYzI1LWRjNTEwODEv&clientTag=html5:v7.264","m3u8"
"https://www.nvidia.com/en-us/on-demand/session/gtcdc25-dc51172/","40:44:00","https://cdnapisec.kaltura.com/p/2935771/sp/293577100/playManifest/entryId/1_jj8j9fmp/protocol/https/format/applehttp/flavorIds/1_hre4hnq5,1_rvfyxs61,1_to4rwkyi,1_lqfzrlbu,1_8x671yqy,1_klntkpsu/a.m3u8?uiConfId=50468382&playSessionId=e2dc5733-e496-785a-cca4-550f6b28befe:8094db4f-1602-0884-89bd-39ca9d55842c&referrer=aHR0cHM6Ly93d3cubnZpZGlhLmNvbS9lbi11cy9vbi1kZW1hbmQvc2Vzc2lvbi9ndGNkYzI1LWRjNTExNzIv&clientTag=html5:v7.264","m3u8"
"https://www.nvidia.com/en-us/on-demand/session/gtcdc25-dc51135/","12:44","https://cdnapisec.kaltura.com/p/2935771/sp/293577100/playManifest/entryId/1_x89sm7gz/protocol/https/format/applehttp/flavorIds/1_81vbm8y2,1_yrzf6c1k,1_csexukug,1_lvqfy53h,1_11j9m2y8,1_r7zxx3f5/a.m3u8?uiConfId=50468382&playSessionId=059a105a-a081-6b33-2ad1-db0a4d545cd8:e6a4ddb4-149b-93c0-171f-dd6ae6b827bb&referrer=aHR0cHM6Ly93d3cubnZpZGlhLmNvbS9lbi11cy9vbi1kZW1hbmQvc2Vzc2lvbi9ndGNkYzI1LWRjNTExMzUv&clientTag=html5:v7.264","m3u8"
"https://www.nvidia.com/en-us/on-demand/session/gtcdc25-dc51249/","16:17","https://cdnapisec.kaltura.com/p/2935771/sp/293577100/playManifest/entryId/1_gs5jcx92/protocol/https/format/applehttp/flavorIds/1_yrcb9flg,1_soupgp46,1_dq4nlsui,1_yhlb2jab,1_dp4rsnct,1_xfvo8p3z/a.m3u8?uiConfId=50468382&playSessionId=2dbdc8a9-90d4-9967-b209-985edceaf408:eb8b37e1-9c71-93a1-9119-73c50e30f049&referrer=aHR0cHM6Ly93d3cubnZpZGlhLmNvbS9lbi11cy9vbi1kZW1hbmQvc2Vzc2lvbi9ndGNkYzI1LWRjNTEyNDkv&clientTag=html5:v7.264","m3u8"
"https://www.nvidia.com/en-us/on-demand/session/gtcdc25-dct51160/","1:37:59","https://cdnapisec.kaltura.com/p/2935771/sp/293577100/playManifest/entryId/1_rti3hnnd/protocol/https/format/applehttp/flavorIds/1_pvroz6ji,1_h8io2giq,1_0d71dhp1,1_zbc9f0jn,1_590udwx2/a.m3u8?uiConfId=50468382&playSessionId=3392ac31-2eeb-a715-8fd7-53b5531e3238:14e7595f-575b-3294-69ee-dbefea8f9948&referrer=aHR0cHM6Ly93d3cubnZpZGlhLmNvbS9lbi11cy9vbi1kZW1hbmQvc2Vzc2lvbi9ndGNkYzI1LWRjdDUxMTYwLw==&clientTag=html5:v7.264","m3u8"
"https://www.nvidia.com/en-us/on-demand/session/gtcdc25-dct51175/","1:05:47","https://cdnapisec.kaltura.com/p/2935771/sp/293577100/playManifest/entryId/1_ubwyi4yo/protocol/https/format/applehttp/flavorIds/1_2r3vm0i4,1_5ra7vice,1_7v0dnx50,1_mwfg0ndm/a.m3u8?uiConfId=50468382&playSessionId=f888f1ee-111b-dee3-c1b8-33e81d421173:1e81602f-aee3-064d-d328-595f9ffbfa39&referrer=aHR0cHM6Ly93d3cubnZpZGlhLmNvbS9lbi11cy9vbi1kZW1hbmQvc2Vzc2lvbi9ndGNkYzI1LWRjdDUxMTc1Lw==&clientTag=html5:v7.264","m3u8"
"https://www.nvidia.com/en-us/on-demand/session/gtcdc25-dct51187/","1:43:08","https://cdnapisec.kaltura.com/p/2935771/sp/293577100/playManifest/entryId/1_thogaglu/protocol/https/format/applehttp/flavorIds/1_drm3i11v,1_mit9r0e7,1_zs8lows9,1_hjf3yyd6,1_qv2wecib/a.m3u8?uiConfId=50468382&playSessionId=e3aa2eb9-c2a5-8e4a-7313-6e7eabe911b8:a2202141-bc41-56f0-e2d2-98f19c5496ff&referrer=aHR0cHM6Ly93d3cubnZpZGlhLmNvbS9lbi11cy9vbi1kZW1hbmQvc2Vzc2lvbi9ndGNkYzI1LWRjdDUxMTg3Lw==&clientTag=html5:v7.264","m3u8"
"https://www.nvidia.com/en-us/on-demand/session/gtcdc25-dct51240/","45:51:00","https://cdnapisec.kaltura.com/p/2935771/sp/293577100/playManifest/entryId/1_8hnk3rjq/protocol/https/format/applehttp/flavorIds/1_d8o6w9ur,1_3pc2ky38,1_699pojuj,1_1pskz03o,1_6dw1oikj/a.m3u8?uiConfId=50468382&playSessionId=3fc32473-ddd2-7157-4023-dcff7e93f56a:5cfc10d4-d484-a48c-de34-70a09611af93&referrer=aHR0cHM6Ly93d3cubnZpZGlhLmNvbS9lbi11cy9vbi1kZW1hbmQvc2Vzc2lvbi9ndGNkYzI1LWRjdDUxMjQwLw==&clientTag=html5:v7.264","m3u8"
"https://www.nvidia.com/en-us/on-demand/session/gtcdc25-dc51027/","40:10:00","https://cdnapisec.kaltura.com/p/2935771/sp/293577100/playManifest/entryId/1_kzor8xn4/protocol/https/format/applehttp/flavorIds/1_ium881j3,1_bqcp85cm,1_n3faids1,1_0sswilqn/a.m3u8?uiConfId=50468382&playSessionId=669d20e0-3921-ae5d-bd21-80cda3bc05a3:eb1a9b48-f56d-086a-6421-cfcafe4b1d02&referrer=aHR0cHM6Ly93d3cubnZpZGlhLmNvbS9lbi11cy9vbi1kZW1hbmQvc2Vzc2lvbi9ndGNkYzI1LWRjNTEwMjcv&clientTag=html5:v7.264","m3u8"
"https://www.nvidia.com/en-us/on-demand/session/gtcdc25-dc51122/","39:35:00","https://cdnapisec.kaltura.com/p/2935771/sp/293577100/playManifest/entryId/1_xelqg53v/protocol/https/format/applehttp/flavorIds/1_myb03cey,1_l42l6hxu,1_m1o0qafa,1_xz0o0hsl,1_ad7bgsnb,1_lgpj1b8q/a.m3u8?uiConfId=50468382&playSessionId=f79b8e48-8331-4265-2d70-701774057363:32ac0a95-6c31-bb7c-349b-a63424ef059f&referrer=aHR0cHM6Ly93d3cubnZpZGlhLmNvbS9lbi11cy9vbi1kZW1hbmQvc2Vzc2lvbi9ndGNkYzI1LWRjNTExMjIv&clientTag=html5:v7.264","m3u8"
"https://www.nvidia.com/en-us/on-demand/session/gtcdc25-dc51144/","40:53:00","https://cdnapisec.kaltura.com/p/2935771/sp/293577100/playManifest/entryId/1_nr9fbnyc/protocol/https/format/applehttp/flavorIds/1_5w2von4c,1_njtc1pjg,1_4eb22tyi,1_slo0210j,1_awn77th8,1_jofl2223/a.m3u8?uiConfId=50468382&playSessionId=bfd89bf6-dea4-f440-3e2e-5f825d68ae72:21f014b2-34ba-1921-480e-a2ef24ebc6d3&referrer=aHR0cHM6Ly93d3cubnZpZGlhLmNvbS9lbi11cy9vbi1kZW1hbmQvc2Vzc2lvbi9ndGNkYzI1LWRjNTExNDQv&clientTag=html5:v7.264","m3u8"
"https://www.nvidia.com/en-us/on-demand/session/gtcdc25-dc51162/","37:58:00","https://cdnapisec.kaltura.com/p/2935771/sp/293577100/playManifest/entryId/1_6uqq8krv/protocol/https/format/applehttp/flavorIds/1_11d1fk2u,1_qevh4emp,1_vufjt7nh,1_29r8hioj,1_ikegylk3,1_gysbv481/a.m3u8?uiConfId=50468382&playSessionId=c7e83166-eb0a-ef38-7c6d-78deb388ace4:708c53cd-fd71-cb6b-38d3-f33a16234c99&referrer=aHR0cHM6Ly93d3cubnZpZGlhLmNvbS9lbi11cy9vbi1kZW1hbmQvc2Vzc2lvbi9ndGNkYzI1LWRjNTExNjIv&clientTag=html5:v7.264","m3u8"
"https://www.nvidia.com/en-us/on-demand/session/gtcdc25-dc51209/","13:51","https://cdnapisec.kaltura.com/p/2935771/sp/293577100/playManifest/entryId/1_24ycp7eo/protocol/https/format/applehttp/flavorIds/1_dr52wulk,1_f4mk0d0q,1_o38mcqku,1_87y18l80,1_06goz2e5,1_nvmkm951/a.m3u8?uiConfId=50468382&playSessionId=9824a396-1603-9e89-ad89-329fed519f4c:c586f683-391e-3cf6-734f-5766db681e73&referrer=aHR0cHM6Ly93d3cubnZpZGlhLmNvbS9lbi11cy9vbi1kZW1hbmQvc2Vzc2lvbi9ndGNkYzI1LWRjNTEyMDkv&clientTag=html5:v7.264","m3u8"
"https://www.nvidia.com/en-us/on-demand/session/gtcdc25-dc51226/","40:40:00","https://cdnapisec.kaltura.com/p/2935771/sp/293577100/playManifest/entryId/1_kvhst6vp/protocol/https/format/applehttp/flavorIds/1_q5zcd898,1_0zosjt6e,1_64k2rqxs,1_qhlsnghj,1_zt6usijy,1_5xjv9dfc/a.m3u8?uiConfId=50468382&playSessionId=4337ca33-acc2-2f9e-eb39-273dbf445a2c:4fee005b-006d-d73c-df7a-7d3d7272cac4&referrer=aHR0cHM6Ly93d3cubnZpZGlhLmNvbS9lbi11cy9vbi1kZW1hbmQvc2Vzc2lvbi9ndGNkYzI1LWRjNTEyMjYv&clientTag=html5:v7.264","m3u8"
"https://www.nvidia.com/en-us/on-demand/session/gtcdc25-dc51229/","43:43:00","https://cdnapisec.kaltura.com/p/2935771/sp/293577100/playManifest/entryId/1_gsy2bf9p/protocol/https/format/applehttp/flavorIds/1_7h05kplo,1_9zk50c8f,1_lpwk93xz,1_j509mkki,1_sey4lj3s/a.m3u8?uiConfId=50468382&playSessionId=3e845597-7d36-51c2-d572-5c4f7c7cb78b:80437834-f979-25b6-454f-9228ebe5a555&referrer=aHR0cHM6Ly93d3cubnZpZGlhLmNvbS9lbi11cy9vbi1kZW1hbmQvc2Vzc2lvbi9ndGNkYzI1LWRjNTEyMjkv&clientTag=html5:v7.264","m3u8"
"https://www.nvidia.com/en-us/on-demand/session/gtcdc25-dc51094/","41:49:00","https://cdnapisec.kaltura.com/p/2935771/sp/293577100/playManifest/entryId/1_ade5b5y0/protocol/https/format/applehttp/flavorIds/1_m8cpv6ra,1_9ib903rr,1_91zpbpd0,1_5xljo7pw,1_e8apivhk,1_cykkbi09/a.m3u8?uiConfId=50468382&playSessionId=aff12ab5-576b-c4a9-ecb0-544b862b0a3f:d006a31d-b164-8c81-1dc3-b78eede0210b&referrer=aHR0cHM6Ly93d3cubnZpZGlhLmNvbS9lbi11cy9vbi1kZW1hbmQvc2Vzc2lvbi9ndGNkYzI1LWRjNTEwOTQv&clientTag=html5:v7.264","m3u8"
"https://www.nvidia.com/en-us/on-demand/session/gtcdc25-dc51085/","17:25","https://cdnapisec.kaltura.com/p/2935771/sp/293577100/playManifest/entryId/1_8ry0zy3o/protocol/https/format/applehttp/flavorIds/1_1as6rfl1,1_0l4tgv6q,1_2yz9xkyq,1_kr3pmo1q,1_je6c83ma,1_fewmci0n/a.m3u8?uiConfId=50468382&playSessionId=a0c8fc57-709b-a0f4-dc6a-a6bb174d7d8a:33059294-ba67-be34-c6d6-cceadb00ceb4&referrer=aHR0cHM6Ly93d3cubnZpZGlhLmNvbS9lbi11cy9vbi1kZW1hbmQvc2Vzc2lvbi9ndGNkYzI1LWRjNTEwODUv&clientTag=html5:v7.264","m3u8"
"https://www.nvidia.com/en-us/on-demand/session/gtcdc25-dc51083/","11:33","https://cdnapisec.kaltura.com/p/2935771/sp/293577100/playManifest/entryId/1_gx7s0l8z/protocol/https/format/applehttp/flavorIds/1_fgu9ubfr,1_2ibmoml3,1_phfzca6r,1_wy0p8ble,1_dfygd39v,1_vxzhtz3s/a.m3u8?uiConfId=50468382&playSessionId=837c5d01-6500-b00d-2fd8-a326fecdef14:f0ce3157-01ca-1401-8ef3-a76cbbacbb36&referrer=aHR0cHM6Ly93d3cubnZpZGlhLmNvbS9lbi11cy9vbi1kZW1hbmQvc2Vzc2lvbi9ndGNkYzI1LWRjNTEwODMv&clientTag=html5:v7.264","m3u8"
"https://www.nvidia.com/en-us/on-demand/session/gtcdc25-dc51145/","42:19:00","https://cdnapisec.kaltura.com/p/2935771/sp/293577100/playManifest/entryId/1_d7tuhft6/protocol/https/format/applehttp/flavorIds/1_0jzlsrjl,1_d234yqva,1_28wxtai2/a.m3u8?uiConfId=50468382&playSessionId=d8fe4e3b-75ab-fab1-64d6-075923dc58a3:00ab1e40-ca1a-f10c-1217-017dc9d1edaa&referrer=aHR0cHM6Ly93d3cubnZpZGlhLmNvbS9lbi11cy9vbi1kZW1hbmQvc2Vzc2lvbi9ndGNkYzI1LWRjNTExNDUv&clientTag=html5:v7.264","m3u8"
"https://www.nvidia.com/en-us/on-demand/session/gtcdc25-dc51147/","13:48","https://cdnapisec.kaltura.com/p/2935771/sp/293577100/playManifest/entryId/1_ww5mqi99/protocol/https/format/applehttp/flavorIds/1_mg1cwy08,1_2ck2543o,1_q9icbcv1,1_17abyipl,1_hcdmgsrb,1_gmw9mz1g/a.m3u8?uiConfId=50468382&playSessionId=be5609fc-cfe2-839b-968a-62724c1ed1f2:3c7c494f-963c-a402-f0d3-5e45bdc311d9&referrer=aHR0cHM6Ly93d3cubnZpZGlhLmNvbS9lbi11cy9vbi1kZW1hbmQvc2Vzc2lvbi9ndGNkYzI1LWRjNTExNDcv&clientTag=html5:v7.264","m3u8"
"https://www.nvidia.com/en-us/on-demand/session/gtcdc25-dc51152/","40:20:00","https://cdnapisec.kaltura.com/p/2935771/sp/293577100/playManifest/entryId/1_i2r6xmek/protocol/https/format/applehttp/flavorIds/1_8tmqt568,1_5iq5gb3d,1_vl8gdaz2,1_t8qojvk5,1_k8t2c66h,1_057367cr/a.m3u8?uiConfId=50468382&playSessionId=a43f6740-f599-a52a-d906-e72a5f3a8ebd:9c9007bc-22ee-3943-3e69-561a30a1df2e&referrer=aHR0cHM6Ly93d3cubnZpZGlhLmNvbS9lbi11cy9vbi1kZW1hbmQvc2Vzc2lvbi9ndGNkYzI1LWRjNTExNTIv&clientTag=html5:v7.264","m3u8"
"https://www.nvidia.com/en-us/on-demand/session/gtcdc25-dc51218/","35:38:00","https://cdnapisec.kaltura.com/p/2935771/sp/293577100/playManifest/entryId/1_f0yudi9y/protocol/https/format/applehttp/flavorIds/1_m29p15ok,1_pig7y7g4,1_jj46lq76,1_b2zwqngk,1_bu3qss6o/a.m3u8?uiConfId=50468382&playSessionId=fb754d75-4cc9-eecc-99fd-7cf216fbc262:1cd36706-87c6-633a-a041-c90441808113&referrer=aHR0cHM6Ly93d3cubnZpZGlhLmNvbS9lbi11cy9vbi1kZW1hbmQvc2Vzc2lvbi9ndGNkYzI1LWRjNTEyMTgv&clientTag=html5:v7.264","m3u8"
"https://www.nvidia.com/en-us/on-demand/session/gtcdc25-dc51097/","41:28:00","https://cdnapisec.kaltura.com/p/2935771/sp/293577100/playManifest/entryId/1_km3uk8wj/protocol/https/format/applehttp/flavorIds/1_1lsdfx3c,1_20ahsx36,1_k614dhrx,1_3o1yzh95,1_xvg16buu,1_0jc6rdxr/a.m3u8?uiConfId=50468382&playSessionId=8e2bc236-f246-55e8-ad0a-2d1de28c1644:6fd91fb7-57cc-1c86-7db3-a6f04c84b04d&referrer=aHR0cHM6Ly93d3cubnZpZGlhLmNvbS9lbi11cy9vbi1kZW1hbmQvc2Vzc2lvbi9ndGNkYzI1LWRjNTEwOTcv&clientTag=html5:v7.264","m3u8"
"https://www.nvidia.com/en-us/on-demand/session/gtcdc25-dc51100/","39:16:00","https://cdnapisec.kaltura.com/p/2935771/sp/293577100/playManifest/entryId/1_w67w649d/protocol/https/format/applehttp/flavorIds/1_0h06mz2z,1_0p7b4efx,1_2jkuoy9e,1_flyojtjq,1_tml354jt,1_347ty0op/a.m3u8?uiConfId=50468382&playSessionId=177c31d8-38fc-3238-06dd-85c0290422ec:f8120ea5-ae14-dd26-b12c-039f4ac45f8d&referrer=aHR0cHM6Ly93d3cubnZpZGlhLmNvbS9lbi11cy9vbi1kZW1hbmQvc2Vzc2lvbi9ndGNkYzI1LWRjNTExMDAv&clientTag=html5:v7.264","m3u8"
"https://www.nvidia.com/en-us/on-demand/session/gtcdc25-dc51101/","40:10:00","https://cdnapisec.kaltura.com/p/2935771/sp/293577100/playManifest/entryId/1_pl7xtjvl/protocol/https/format/applehttp/flavorIds/1_ns09zr3c,1_hl0pfl38,1_w2eu9dwf,1_0fssrouw,1_6u40lcgo,1_najzk2tc/a.m3u8?uiConfId=50468382&playSessionId=174d4313-863f-ddd4-3feb-1a029844476e:909b17a9-27bc-1989-00a1-796adb0a9513&referrer=aHR0cHM6Ly93d3cubnZpZGlhLmNvbS9lbi11cy9vbi1kZW1hbmQvc2Vzc2lvbi9ndGNkYzI1LWRjNTExMDEv&clientTag=html5:v7.264","m3u8"
"https://www.nvidia.com/en-us/on-demand/session/gtcdc25-dc51114/","39:57:00","https://cdnapisec.kaltura.com/p/2935771/sp/293577100/playManifest/entryId/1_7iltzcu6/protocol/https/format/applehttp/flavorIds/1_anxtz4aa,1_9929jcx2,1_2s27uycq,1_nsk9h949,1_eq7jpy7q,1_bv0ahcco/a.m3u8?uiConfId=50468382&playSessionId=cec99c8d-bcf3-3817-0b69-262312b45be7:75b37a3f-f03f-3651-5292-0765d7a93e17&referrer=aHR0cHM6Ly93d3cubnZpZGlhLmNvbS9lbi11cy9vbi1kZW1hbmQvc2Vzc2lvbi9ndGNkYzI1LWRjNTExMTQv&clientTag=html5:v7.264","m3u8"
"https://www.nvidia.com/en-us/on-demand/session/gtcdc25-dc51090/","15:15","https://cdnapisec.kaltura.com/p/2935771/sp/293577100/playManifest/entryId/1_1b62q7j5/protocol/https/format/applehttp/flavorIds/1_3x94idnb,1_6kgpengp,1_3bsy1aqy,1_veidymyj,1_8v2ctkau,1_axd0qw2z/a.m3u8?uiConfId=50468382&playSessionId=0d071e49-37a1-af0e-7f77-2445b2bb11fc:90b23c8e-9b33-5ddd-05cc-0ffce4fc0a39&referrer=aHR0cHM6Ly93d3cubnZpZGlhLmNvbS9lbi11cy9vbi1kZW1hbmQvc2Vzc2lvbi9ndGNkYzI1LWRjNTEwOTAv&clientTag=html5:v7.264","m3u8"
"https://www.nvidia.com/en-us/on-demand/session/gtcdc25-dc51046/","40:20:00","https://cdnapisec.kaltura.com/p/2935771/sp/293577100/playManifest/entryId/1_n88m6ris/protocol/https/format/applehttp/flavorIds/1_5hxet8yg,1_tklwsb1x,1_6gjzszzt,1_7i6wn57r,1_phif9k0s,1_c99rk5d0/a.m3u8?uiConfId=50468382&playSessionId=f0c201c3-7606-bdc5-d254-6a1d01a524bf:a40dcef9-4aa7-3735-6eaa-6e5eae898f5a&referrer=aHR0cHM6Ly93d3cubnZpZGlhLmNvbS9lbi11cy9vbi1kZW1hbmQvc2Vzc2lvbi9ndGNkYzI1LWRjNTEwNDYv&clientTag=html5:v7.264","m3u8"
"https://www.nvidia.com/en-us/on-demand/session/gtcdc25-dc51120/","36:15:00","https://cdnapisec.kaltura.com/p/2935771/sp/293577100/playManifest/entryId/1_eb698qpz/protocol/https/format/applehttp/flavorIds/1_7wvai9t9,1_drujifoj,1_l7e9ogir,1_to0eqsbo,1_5nr7mz4o,1_xur9lkhi/a.m3u8?uiConfId=50468382&playSessionId=44e25031-8c51-b773-ffa6-05e915ffb370:a217fc3c-0d84-1080-0f0f-ddb739b0595e&referrer=aHR0cHM6Ly93d3cubnZpZGlhLmNvbS9lbi11cy9vbi1kZW1hbmQvc2Vzc2lvbi9ndGNkYzI1LWRjNTExMjAv&clientTag=html5:v7.264","m3u8"
"https://www.nvidia.com/en-us/on-demand/session/gtcdc25-dc51134/","39:42:00","https://cdnapisec.kaltura.com/p/2935771/sp/293577100/playManifest/entryId/1_e8v5lxf0/protocol/https/format/applehttp/flavorIds/1_oma3e4rj,1_fpi3rirk,1_df3fjnou,1_13pzfu2a,1_ufannhk0,1_kokoksvm/a.m3u8?uiConfId=50468382&playSessionId=d05e5052-538d-3bd3-0d3f-4d5f3857502c:88eb328f-b9bb-efb3-2529-47b7ad3b0b7b&referrer=aHR0cHM6Ly93d3cubnZpZGlhLmNvbS9lbi11cy9vbi1kZW1hbmQvc2Vzc2lvbi9ndGNkYzI1LWRjNTExMzQv&clientTag=html5:v7.264","m3u8"
"https://www.nvidia.com/en-us/on-demand/session/gtcdc25-dc51136/","40:21:00","https://cdnapisec.kaltura.com/p/2935771/sp/293577100/playManifest/entryId/1_ox5qu5if/protocol/https/format/applehttp/flavorIds/1_t3vm0und,1_fqcj8cm8,1_hgp3lm9e,1_5y3cfw8n,1_bhvjlr74,1_hr5vnhee/a.m3u8?uiConfId=50468382&playSessionId=5f98c70a-ed33-e136-6003-70c902f79ef3:576fc0e7-08f3-8f10-3b46-0e540ac3507b&referrer=aHR0cHM6Ly93d3cubnZpZGlhLmNvbS9lbi11cy9vbi1kZW1hbmQvc2Vzc2lvbi9ndGNkYzI1LWRjNTExMzYv&clientTag=html5:v7.264","m3u8"
"https://www.nvidia.com/en-us/on-demand/session/gtcdc25-dc51163/","37:23:00","https://cdnapisec.kaltura.com/p/2935771/sp/293577100/playManifest/entryId/1_00i5qviq/protocol/https/format/applehttp/flavorIds/1_d4a4kt7g,1_i9lvp33a,1_k78aq4vv,1_cndimkpu/a.m3u8?uiConfId=50468382&playSessionId=b95e52ac-e421-dda4-dbd7-a2009b7b9e58:47b95b92-1a11-c2ca-1b83-9c9383f1642b&referrer=aHR0cHM6Ly93d3cubnZpZGlhLmNvbS9lbi11cy9vbi1kZW1hbmQvc2Vzc2lvbi9ndGNkYzI1LWRjNTExNjMv&clientTag=html5:v7.264","m3u8"
"https://www.nvidia.com/en-us/on-demand/session/gtcdc25-dc51076/","44:46:00","https://cdnapisec.kaltura.com/p/2935771/sp/293577100/playManifest/entryId/1_fsem0kzn/protocol/https/format/applehttp/flavorIds/1_dxkrs1h8,1_17n0iqkm,1_rgzixgid,1_t3yn6155/a.m3u8?uiConfId=50468382&playSessionId=fa734f3d-6054-8eb0-5717-b74350841e07:ed4d206f-b4f8-ccf1-58f8-cab0b54e1e2a&referrer=aHR0cHM6Ly93d3cubnZpZGlhLmNvbS9lbi11cy9vbi1kZW1hbmQvc2Vzc2lvbi9ndGNkYzI1LWRjNTEwNzYv&clientTag=html5:v7.264","m3u8"
"https://www.nvidia.com/en-us/on-demand/session/gtcdc25-dct51183/","1:18:06","https://cdnapisec.kaltura.com/p/2935771/sp/293577100/playManifest/entryId/1_a2484s7k/protocol/https/format/applehttp/flavorIds/1_chumml4j,1_3ty9w47e,1_pofpp8hg,1_zdsofz06/a.m3u8?uiConfId=50468382&playSessionId=f501553d-0b4e-41bc-ced0-d5da522e3497:7fe6e092-a8e1-6dc7-aee7-94a05983ac7c&referrer=aHR0cHM6Ly93d3cubnZpZGlhLmNvbS9lbi11cy9vbi1kZW1hbmQvc2Vzc2lvbi9ndGNkYzI1LWRjdDUxMTgzLw==&clientTag=html5:v7.264","m3u8"
"https://www.nvidia.com/en-us/on-demand/session/gtcdc25-dct51189/","44:53:00","https://cdnapisec.kaltura.com/p/2935771/sp/293577100/playManifest/entryId/1_z03ktuc2/protocol/https/format/applehttp/flavorIds/1_7yideqpp,1_bzzvrsry,1_7ltuxsyy,1_06ya6s2s/a.m3u8?uiConfId=50468382&playSessionId=45e28cf1-22e0-9621-fd58-74c4a5c34603:114df1c7-d2f7-6d2b-9030-a1328d874902&referrer=aHR0cHM6Ly93d3cubnZpZGlhLmNvbS9lbi11cy9vbi1kZW1hbmQvc2Vzc2lvbi9ndGNkYzI1LWRjdDUxMTg5Lw==&clientTag=html5:v7.264","m3u8"
"https://www.nvidia.com/en-us/on-demand/session/gtcdc25-dc51060/","15:29","https://cdnapisec.kaltura.com/p/2935771/sp/293577100/playManifest/entryId/1_da88hzy8/protocol/https/format/applehttp/flavorIds/1_dnrf1tv4,1_9htvti5l,1_p258ql68,1_t1fdmm2b,1_njg33rch/a.m3u8?uiConfId=50468382&playSessionId=23403e8b-0e1a-c2ce-aedc-52db89302e12:c2534cc3-5b75-f474-669b-1432b5344f0c&referrer=aHR0cHM6Ly93d3cubnZpZGlhLmNvbS9lbi11cy9vbi1kZW1hbmQvc2Vzc2lvbi9ndGNkYzI1LWRjNTEwNjAv&clientTag=html5:v7.264","m3u8"
"https://www.nvidia.com/en-us/on-demand/session/gtcdc25-dc51140/","14:09","https://cdnapisec.kaltura.com/p/2935771/sp/293577100/playManifest/entryId/1_epqq8oah/protocol/https/format/applehttp/flavorIds/1_ed290vqd,1_l899gytm,1_o2jmv258,1_44knwryr,1_dpd63vgi,1_qzph7yv8/a.m3u8?uiConfId=50468382&playSessionId=4dfb3d2f-745a-87b9-b473-4efb6d819269:3a1a451e-4a3d-1af2-e758-d511c4efee3f&referrer=aHR0cHM6Ly93d3cubnZpZGlhLmNvbS9lbi11cy9vbi1kZW1hbmQvc2Vzc2lvbi9ndGNkYzI1LWRjNTExNDAv&clientTag=html5:v7.264","m3u8"
"https://www.nvidia.com/en-us/on-demand/session/gtcdc25-dc51235/","15:38","https://cdnapisec.kaltura.com/p/2935771/sp/293577100/playManifest/entryId/1_c7tcap72/protocol/https/format/applehttp/flavorIds/1_78ujs04b,1_9wn9rqv7,1_6r54uyhn,1_3goe8z64,1_qfe9qz2v,1_xtz4yzjd/a.m3u8?uiConfId=50468382&playSessionId=80bdf7cf-2b99-4431-c93f-b90d48384e25:952ccfbb-9f7d-627d-365a-106a0ef6b9e1&referrer=aHR0cHM6Ly93d3cubnZpZGlhLmNvbS9lbi11cy9vbi1kZW1hbmQvc2Vzc2lvbi9ndGNkYzI1LWRjNTEyMzUv&clientTag=html5:v7.264","m3u8"
"https://www.nvidia.com/en-us/on-demand/session/gtcdc25-dc51137/","39:34:00","https://cdnapisec.kaltura.com/p/2935771/sp/293577100/playManifest/entryId/1_fsfsatsm/protocol/https/format/applehttp/flavorIds/1_6n1fq3st,1_wlopmm60,1_mw3tgyu8,1_98mwpx1w,1_rbb5x27d,1_21vldj8o/a.m3u8?uiConfId=50468382&playSessionId=a936b984-2cf6-d6f1-4c94-2a0d0f1c9329:6441d1fe-fa3c-013d-75b2-0eca44f4d777&referrer=aHR0cHM6Ly93d3cubnZpZGlhLmNvbS9lbi11cy9vbi1kZW1hbmQvc2Vzc2lvbi9ndGNkYzI1LWRjNTExMzcv&clientTag=html5:v7.264","m3u8"
"https://www.nvidia.com/en-us/on-demand/session/gtcdc25-dc51131/","41:12:00","https://cdnapisec.kaltura.com/p/2935771/sp/293577100/playManifest/entryId/1_j020c6gh/protocol/https/format/applehttp/flavorIds/1_2lparu5j,1_8k409oxh,1_5afimiwn,1_5qb0g3ha,1_6wm2zb9b,1_3zvoofts/a.m3u8?uiConfId=50468382&playSessionId=11432542-cd84-e505-86c0-8f337489fa95:2b6237fc-93b2-31c1-d9ca-c95e6fdd115d&referrer=aHR0cHM6Ly93d3cubnZpZGlhLmNvbS9lbi11cy9vbi1kZW1hbmQvc2Vzc2lvbi9ndGNkYzI1LWRjNTExMzEv&clientTag=html5:v7.264","m3u8"
"https://www.nvidia.com/en-us/on-demand/session/gtcdc25-dc51141/","1:01:17","https://cdnapisec.kaltura.com/p/2935771/sp/293577100/playManifest/entryId/1_h6ys06f1/protocol/https/format/applehttp/flavorIds/1_oq1jo1rp,1_ux3t5p9h,1_1ctshwjh,1_marqswai,1_snvq4b6f,1_vi90ahmv/a.m3u8?uiConfId=50468382&playSessionId=b8c8f5d1-dc8a-a950-ca61-a3b0ae33ebf9:81dd8aaf-99c3-11f5-95df-c3f239d2503d&referrer=aHR0cHM6Ly93d3cubnZpZGlhLmNvbS9lbi11cy9vbi1kZW1hbmQvc2Vzc2lvbi9ndGNkYzI1LWRjNTExNDEv&clientTag=html5:v7.264","m3u8"
"https://www.nvidia.com/en-us/on-demand/session/gtcdc25-dc51143/","32:03:00","https://cdnapisec.kaltura.com/p/2935771/sp/293577100/playManifest/entryId/1_9djgmweh/protocol/https/format/applehttp/flavorIds/1_74s4qe9k,1_ev9oxfd5,1_65o8fvms,1_3pqufr5s,1_r0aqwa2w,1_1my4nsr9/a.m3u8?uiConfId=50468382&playSessionId=d42eb75b-c0ab-9f43-9f25-4579d0b9b492:dbd89826-dc26-7e2d-079c-58c5bc9c22e1&referrer=aHR0cHM6Ly93d3cubnZpZGlhLmNvbS9lbi11cy9vbi1kZW1hbmQvc2Vzc2lvbi9ndGNkYzI1LWRjNTExNDMv&clientTag=html5:v7.264","m3u8"
"https://www.nvidia.com/en-us/on-demand/session/gtcdc25-dc51190/","39:18:00","https://cdnapisec.kaltura.com/p/2935771/sp/293577100/playManifest/entryId/1_4ge48q05/protocol/https/format/applehttp/flavorIds/1_jelvuhk1,1_ur53n21f/a.m3u8?uiConfId=50468382&playSessionId=1a447dee-7c21-4910-971a-6dcc689e3a16:fdb46e97-6a04-df4a-1d79-29b5a4df1ed9&referrer=aHR0cHM6Ly93d3cubnZpZGlhLmNvbS9lbi11cy9vbi1kZW1hbmQvc2Vzc2lvbi9ndGNkYzI1LWRjNTExOTAv&clientTag=html5:v7.264","m3u8"
"https://www.nvidia.com/en-us/on-demand/session/gtcdc25-dc51105/","36:36:00","https://cdnapisec.kaltura.com/p/2935771/sp/293577100/playManifest/entryId/1_nhks62sd/protocol/https/format/applehttp/flavorIds/1_hbss4zzh,1_2he7qna9,1_l9m82j62/a.m3u8?uiConfId=50468382&playSessionId=006ba349-8828-5759-2f12-a3d623adc7cf:8355ccb3-afcd-bf31-4889-69c1f0af50b1&referrer=aHR0cHM6Ly93d3cubnZpZGlhLmNvbS9lbi11cy9vbi1kZW1hbmQvc2Vzc2lvbi9ndGNkYzI1LWRjNTExMDUv&clientTag=html5:v7.264","m3u8"
"https://www.nvidia.com/en-us/on-demand/session/gtcdc25-dc51109/","41:27:00","https://cdnapisec.kaltura.com/p/2935771/sp/293577100/playManifest/entryId/1_z8s1pp3q/protocol/https/format/applehttp/flavorIds/1_zfz3yfol,1_k3u694ym,1_qsl4124p,1_msb95vwy,1_i86002cu,1_4bhw7kzo/a.m3u8?uiConfId=50468382&playSessionId=b5d1edfe-95cd-b84b-c88c-da5aaf733e14:8ce817b1-b763-d21c-90a1-2f7bd69951b6&referrer=aHR0cHM6Ly93d3cubnZpZGlhLmNvbS9lbi11cy9vbi1kZW1hbmQvc2Vzc2lvbi9ndGNkYzI1LWRjNTExMDkv&clientTag=html5:v7.264","m3u8"
"https://www.nvidia.com/en-us/on-demand/session/gtcdc25-dc51133/","14:57","https://cdnapisec.kaltura.com/p/2935771/sp/293577100/playManifest/entryId/1_8ajkieyv/protocol/https/format/applehttp/flavorIds/1_5n1lzulk,1_nec7gw3l,1_83oz9ve2,1_8usyu464,1_q9e97pf0,1_ch9kida8/a.m3u8?uiConfId=50468382&playSessionId=f4d1e10c-570c-16a9-7206-9d0a9db47f05:6b894f01-c99e-55ca-b53c-2dec37830ca2&referrer=aHR0cHM6Ly93d3cubnZpZGlhLmNvbS9lbi11cy9vbi1kZW1hbmQvc2Vzc2lvbi9ndGNkYzI1LWRjNTExMzMv&clientTag=html5:v7.264","m3u8"
"https://www.nvidia.com/en-us/on-demand/session/gtcdc25-dc51216/","15:28","https://cdnapisec.kaltura.com/p/2935771/sp/293577100/playManifest/entryId/1_6ffaav4p/protocol/https/format/applehttp/flavorIds/1_u1sfmqqc,1_vkyvq0qu,1_vtqd15et,1_rq3asvim,1_di2k2ydg,1_1rhqf2j1/a.m3u8?uiConfId=50468382&playSessionId=950d0c6b-dc4c-5da0-96bb-1cc9d17eea37:713b40e2-33cd-a766-93d1-f2c35edcd84c&referrer=aHR0cHM6Ly93d3cubnZpZGlhLmNvbS9lbi11cy9vbi1kZW1hbmQvc2Vzc2lvbi9ndGNkYzI1LWRjNTEyMTYv&clientTag=html5:v7.264","m3u8"
"https://www.nvidia.com/en-us/on-demand/session/gtcdc25-dc51025/","38:32:00","https://cdnapisec.kaltura.com/p/2935771/sp/293577100/playManifest/entryId/1_bny2hjnh/protocol/https/format/applehttp/flavorIds/1_y8epv1h5,1_pcdq5cvd,1_c3e1vqt6,1_xv091khs,1_dg3l1x1c,1_trofk8ud/a.m3u8?uiConfId=50468382&playSessionId=3308aefe-66e5-356f-c74a-5548de935f6b:283bc36b-54db-de8f-881b-8c7e25efe83a&referrer=aHR0cHM6Ly93d3cubnZpZGlhLmNvbS9lbi11cy9vbi1kZW1hbmQvc2Vzc2lvbi9ndGNkYzI1LWRjNTEwMjUv&clientTag=html5:v7.264","m3u8"
"https://www.nvidia.com/en-us/on-demand/session/gtcdc25-dc51119/","41:37:00","https://cdnapisec.kaltura.com/p/2935771/sp/293577100/playManifest/entryId/1_53qoqc3o/protocol/https/format/applehttp/flavorIds/1_vl924koy,1_eksbcad7,1_g9rqgf4x,1_x1vboh0f,1_iluqd17e,1_y9s1puex/a.m3u8?uiConfId=50468382&playSessionId=3b390db1-2ac8-24ac-7f8e-eeb95f302e34:97e7b4dd-c755-3cbc-2695-b69bd33eaf28&referrer=aHR0cHM6Ly93d3cubnZpZGlhLmNvbS9lbi11cy9vbi1kZW1hbmQvc2Vzc2lvbi9ndGNkYzI1LWRjNTExMTkv&clientTag=html5:v7.264","m3u8"
"https://www.nvidia.com/en-us/on-demand/session/gtcdc25-dc51125/","37:36:00","https://cdnapisec.kaltura.com/p/2935771/sp/293577100/playManifest/entryId/1_2gxb7ve0/protocol/https/format/applehttp/flavorIds/1_ogtwnmdm,1_guk057ul,1_6omt8dbg,1_nepmm3e7,1_vvukrlu9,1_3g0gh14y/a.m3u8?uiConfId=50468382&playSessionId=f24f81e4-16a1-dda9-4d31-4b5c6222005f:5ca25124-d0f8-2d42-bd51-09d4db189642&referrer=aHR0cHM6Ly93d3cubnZpZGlhLmNvbS9lbi11cy9vbi1kZW1hbmQvc2Vzc2lvbi9ndGNkYzI1LWRjNTExMjUv&clientTag=html5:v7.264","m3u8"
"https://www.nvidia.com/en-us/on-demand/session/gtcdc25-dc51188/","43:27:00","https://cdnapisec.kaltura.com/p/2935771/sp/293577100/playManifest/entryId/1_93sfi08p/protocol/https/format/applehttp/flavorIds/1_cdjhxf8v,1_n2a8tef5,1_rmeomm7d,1_waqikv4v,1_3zkrp9cb,1_a0gtk8zt/a.m3u8?uiConfId=50468382&playSessionId=4c645810-c04a-e429-14f7-cdd4afdb08d8:f844c4f9-64c2-0b67-468f-29bce83d9c2e&referrer=aHR0cHM6Ly93d3cubnZpZGlhLmNvbS9lbi11cy9vbi1kZW1hbmQvc2Vzc2lvbi9ndGNkYzI1LWRjNTExODgv&clientTag=html5:v7.264","m3u8"
"https://www.nvidia.com/en-us/on-demand/session/gtcdc25-dc51211/","41:01:00","https://cdnapisec.kaltura.com/p/2935771/sp/293577100/playManifest/entryId/1_fjnb57qw/protocol/https/format/applehttp/flavorIds/1_s9jyuw2r,1_csbljngv,1_1lh7ilj4,1_vvid06wf,1_9goaqqh8,1_bbebjnet/a.m3u8?uiConfId=50468382&playSessionId=03fac40d-a7da-4635-1fff-48dbe2489375:567c6eae-1f1c-fba2-998e-ab49c0974845&referrer=aHR0cHM6Ly93d3cubnZpZGlhLmNvbS9lbi11cy9vbi1kZW1hbmQvc2Vzc2lvbi9ndGNkYzI1LWRjNTEyMTEv&clientTag=html5:v7.264","m3u8"
"https://www.nvidia.com/en-us/on-demand/session/gtcdc25-dc51231/","12:16","https://cdnapisec.kaltura.com/p/2935771/sp/293577100/playManifest/entryId/1_sjz3393m/protocol/https/format/applehttp/flavorIds/1_1goy194y,1_tope98s0,1_mwtwacxw,1_p807ssrr,1_ai8lmaxd,1_x6ub6z2c/a.m3u8?uiConfId=50468382&playSessionId=cba770db-9e20-5a14-efc2-d08de19b03c6:575ed83f-9867-120d-7789-cbe948f1fdab&referrer=aHR0cHM6Ly93d3cubnZpZGlhLmNvbS9lbi11cy9vbi1kZW1hbmQvc2Vzc2lvbi9ndGNkYzI1LWRjNTEyMzEv&clientTag=html5:v7.264","m3u8"
"https://www.nvidia.com/en-us/on-demand/session/gtcdc25-dc51078/","43:36:00","https://cdnapisec.kaltura.com/p/2935771/sp/293577100/playManifest/entryId/1_0pan25sq/protocol/https/format/applehttp/flavorIds/1_1v1mwn6r,1_pyolv7mg,1_o1epnkx9,1_g42fcec4,1_zrpgfujm,1_y4s03v0n/a.m3u8?uiConfId=50468382&playSessionId=76c4f1c2-5aee-dac7-c23c-e7d7f3b29c93:aaed5d72-dbad-2425-3c4f-96a99915c2a7&referrer=aHR0cHM6Ly93d3cubnZpZGlhLmNvbS9lbi11cy9vbi1kZW1hbmQvc2Vzc2lvbi9ndGNkYzI1LWRjNTEwNzgv&clientTag=html5:v7.264","m3u8"
"https://www.nvidia.com/en-us/on-demand/session/gtcdc25-dc51087/","43:18:00","https://cdnapisec.kaltura.com/p/2935771/sp/293577100/playManifest/entryId/1_ome2efr9/protocol/https/format/applehttp/flavorIds/1_z7eu9nhq,1_fpc4b5x6,1_pm6609vl,1_ce8iirvf,1_it3kff2g,1_vnw6r3qn/a.m3u8?uiConfId=50468382&playSessionId=4211633e-bad2-a719-8209-0079e9317a60:ad43f60c-6248-be53-f7cb-5cf91e22bb50&referrer=aHR0cHM6Ly93d3cubnZpZGlhLmNvbS9lbi11cy9vbi1kZW1hbmQvc2Vzc2lvbi9ndGNkYzI1LWRjNTEwODcv&clientTag=html5:v7.264","m3u8"
"https://www.nvidia.com/en-us/on-demand/session/gtcdc25-dct51157/","1:24:43","https://cdnapisec.kaltura.com/p/2935771/sp/293577100/playManifest/entryId/1_aa8pxnx0/protocol/https/format/applehttp/flavorIds/1_9elexv8v,1_1529d82w,1_2xat7cdp/a.m3u8?uiConfId=50468382&playSessionId=00bd04f9-abdf-f6c9-6916-beaba51dcc34:5c1dbe98-0c7c-844e-3b41-c1c03b1bdc39&referrer=aHR0cHM6Ly93d3cubnZpZGlhLmNvbS9lbi11cy9vbi1kZW1hbmQvc2Vzc2lvbi9ndGNkYzI1LWRjdDUxMTU3Lw==&clientTag=html5:v7.264","m3u8"
"https://www.nvidia.com/en-us/on-demand/session/gtcdc25-dct51159/","1:30:05","https://cdnapisec.kaltura.com/p/2935771/sp/293577100/playManifest/entryId/1_8zfaygqi/protocol/https/format/applehttp/flavorIds/1_0bwyb3bm,1_cr4zt4uv,1_cfuu7zqc,1_okm0yeb3,1_ip1j8j3l/a.m3u8?uiConfId=50468382&playSessionId=dae3dddf-53f7-3bc5-5288-60fe7840688d:12aac8e0-75e3-4ab1-ab06-8caba42c8176&referrer=aHR0cHM6Ly93d3cubnZpZGlhLmNvbS9lbi11cy9vbi1kZW1hbmQvc2Vzc2lvbi9ndGNkYzI1LWRjdDUxMTU5Lw==&clientTag=html5:v7.264","m3u8"
"https://www.nvidia.com/en-us/on-demand/session/gtcdc25-dct51165/","1:33:35","https://cdnapisec.kaltura.com/p/2935771/sp/293577100/playManifest/entryId/1_tzk0kig3/protocol/https/format/applehttp/flavorIds/1_4dyhrnqo,1_q0is36c6,1_ijr9eghn,1_qdco8nj9,1_7fifbls7/a.m3u8?uiConfId=50468382&playSessionId=1dba4829-fb76-5d18-ad92-cfc3e2ac183c:3f2fa691-6586-2e9f-d271-8aba1f38f8c2&referrer=aHR0cHM6Ly93d3cubnZpZGlhLmNvbS9lbi11cy9vbi1kZW1hbmQvc2Vzc2lvbi9ndGNkYzI1LWRjdDUxMTY1Lw==&clientTag=html5:v7.264","m3u8"
"https://www.nvidia.com/en-us/on-demand/session/gtcdc25-dct51169/","1:25:33","https://cdnapisec.kaltura.com/p/2935771/sp/293577100/playManifest/entryId/1_rgrrslwp/protocol/https/format/applehttp/flavorIds/1_btv49ykh,1_89hkb5vs,1_c7pvnfrv,1_veqreoep,1_rcpk8uf8/a.m3u8?uiConfId=50468382&playSessionId=616a2d3a-a893-82fd-c7c5-1542ae4564ed:f1713247-b8a1-5b42-4baa-5cafda4232ab&referrer=aHR0cHM6Ly93d3cubnZpZGlhLmNvbS9lbi11cy9vbi1kZW1hbmQvc2Vzc2lvbi9ndGNkYzI1LWRjdDUxMTY5Lw==&clientTag=html5:v7.264","m3u8"
"https://www.nvidia.com/en-us/on-demand/session/gtcdc25-dc51151/","10:02","https://cdnapisec.kaltura.com/p/2935771/sp/293577100/playManifest/entryId/1_d1bl5bkn/protocol/https/format/applehttp/flavorIds/1_tjsb0nww,1_30zm8ixl,1_11x8cd55,1_29ggr7zn,1_wc4y0uxb,1_3i0bzpdi/a.m3u8?uiConfId=50468382&playSessionId=8e374e05-5239-b56b-499f-f4610bdfa4f0:2b36097b-28f8-68eb-fa44-9863e2b76d81&referrer=aHR0cHM6Ly93d3cubnZpZGlhLmNvbS9lbi11cy9vbi1kZW1hbmQvc2Vzc2lvbi9ndGNkYzI1LWRjNTExNTEv&clientTag=html5:v7.264","m3u8"
"https://www.nvidia.com/en-us/on-demand/session/gtcdc25-dc51212/","8:04","https://cdnapisec.kaltura.com/p/2935771/sp/293577100/playManifest/entryId/1_bqkzd3jx/protocol/https/format/applehttp/flavorIds/1_unzunvd8,1_ehkya7k3,1_2jgafm4l,1_ml5ky2js,1_1guuh78o,1_rfqzkg6c/a.m3u8?uiConfId=50468382&playSessionId=61bf5383-fae3-f3cf-3899-ee9f79d96137:e751e111-3e0c-49d5-2d40-2cdd5dac5195&referrer=aHR0cHM6Ly93d3cubnZpZGlhLmNvbS9lbi11cy9vbi1kZW1hbmQvc2Vzc2lvbi9ndGNkYzI1LWRjNTEyMTIv&clientTag=html5:v7.264","m3u8"
"https://www.nvidia.com/en-us/on-demand/session/gtcdc25-dc51129/","43:05:00","https://cdnapisec.kaltura.com/p/2935771/sp/293577100/playManifest/entryId/1_by6zb6o0/protocol/https/format/applehttp/flavorIds/1_rzrfko2t,1_e9fseuvj,1_xw60zoxq,1_ce4c9df5,1_u71t1n64,1_3mfc1qh4/a.m3u8?uiConfId=50468382&playSessionId=9ef5b632-b98f-399e-9fed-e69341fac1ba:845641a3-e2cc-887b-31ff-d834496e9d08&referrer=aHR0cHM6Ly93d3cubnZpZGlhLmNvbS9lbi11cy9vbi1kZW1hbmQvc2Vzc2lvbi9ndGNkYzI1LWRjNTExMjkv&clientTag=html5:v7.264","m3u8"
"https://www.nvidia.com/en-us/on-demand/session/gtcdc25-dc51121/","37:27:00","https://cdnapisec.kaltura.com/p/2935771/sp/293577100/playManifest/entryId/1_suwndxfs/protocol/https/format/applehttp/flavorIds/1_uf031173,1_qgu909l1,1_0oo1ow5e,1_w75wuvz5,1_cwprwgpm/a.m3u8?uiConfId=50468382&playSessionId=bf8e3b0d-87a1-1e40-983b-938243290ae6:22a65db4-bd38-ce78-e8a9-6fbd0ba9faf6&referrer=aHR0cHM6Ly93d3cubnZpZGlhLmNvbS9lbi11cy9vbi1kZW1hbmQvc2Vzc2lvbi9ndGNkYzI1LWRjNTExMjEv&clientTag=html5:v7.264","m3u8"
"https://www.nvidia.com/en-us/on-demand/session/gtcdc25-dc51164/","41:53:00","https://cdnapisec.kaltura.com/p/2935771/sp/293577100/playManifest/entryId/1_ujp3bycr/protocol/https/format/applehttp/flavorIds/1_5ih96t1f,1_elf5puku,1_n4iu0ypi,1_4npsmndm,1_8k5grb1k/a.m3u8?uiConfId=50468382&playSessionId=3ff8c65e-d104-f753-7a40-71ed099d2f9a:79cef90c-f114-3551-92a1-4aaade82ff85&referrer=aHR0cHM6Ly93d3cubnZpZGlhLmNvbS9lbi11cy9vbi1kZW1hbmQvc2Vzc2lvbi9ndGNkYzI1LWRjNTExNjQv&clientTag=html5:v7.264","m3u8"
"https://www.nvidia.com/en-us/on-demand/session/gtcdc25-dc51184/","39:34:00","https://cdnapisec.kaltura.com/p/2935771/sp/293577100/playManifest/entryId/1_haqsi67h/protocol/https/format/applehttp/flavorIds/1_q97ib2fc,1_7bxve092,1_h4h5smsq,1_24l241l3,1_zjkv5vbb,1_pfd7oilt/a.m3u8?uiConfId=50468382&playSessionId=1e9c19b3-3101-0c54-c3e4-8b3abe6f32bf:7be02f06-08ae-20b2-e0be-eb9df6e43906&referrer=aHR0cHM6Ly93d3cubnZpZGlhLmNvbS9lbi11cy9vbi1kZW1hbmQvc2Vzc2lvbi9ndGNkYzI1LWRjNTExODQv&clientTag=html5:v7.264","m3u8"
"https://www.nvidia.com/en-us/on-demand/session/gtcdc25-dc51273/","38:35:00","https://cdnapisec.kaltura.com/p/2935771/sp/293577100/playManifest/entryId/1_xwpuye5t/protocol/https/format/applehttp/flavorIds/1_n5qax2ua,1_ftq4lkw4,1_ckfd5g3n,1_3g4u9vbw,1_zq3txn36,1_j3f9krzj/a.m3u8?uiConfId=50468382&playSessionId=1250af29-780f-9d24-1609-dbe3a3c24637:521878a2-73a1-be6f-b2eb-cb04dbc52e2f&referrer=aHR0cHM6Ly93d3cubnZpZGlhLmNvbS9lbi11cy9vbi1kZW1hbmQvc2Vzc2lvbi9ndGNkYzI1LWRjNTEyNzMv&clientTag=html5:v7.264","m3u8"
"https://www.nvidia.com/en-us/on-demand/session/gtcdc25-dc51112/","17:58","https://cdnapisec.kaltura.com/p/2935771/sp/293577100/playManifest/entryId/1_fy4cm793/protocol/https/format/applehttp/flavorIds/1_ywfq1iqk,1_ij008jur,1_v79si29d,1_g78l851l,1_fks620bc,1_0gicdc15/a.m3u8?uiConfId=50468382&playSessionId=9a73a2f0-094e-05ed-de87-530aef420a26:6dd36f72-e62b-7a2f-c2f0-6c0ed50762da&referrer=aHR0cHM6Ly93d3cubnZpZGlhLmNvbS9lbi11cy9vbi1kZW1hbmQvc2Vzc2lvbi9ndGNkYzI1LWRjNTExMTIv&clientTag=html5:v7.264","m3u8"
"https://www.nvidia.com/en-us/on-demand/session/gtcdc25-dc51128/","11:54","https://cdnapisec.kaltura.com/p/2935771/sp/293577100/playManifest/entryId/1_s07xh9d1/protocol/https/format/applehttp/flavorIds/1_crqn7gn2,1_dak0ib41,1_wu3gwl2z,1_b33y1sua,1_daa8dkmt,1_auyvu34i/a.m3u8?uiConfId=50468382&playSessionId=c742a7fb-13d1-cdea-d32d-b063340e4a75:894d448b-24b6-d525-b3a5-8aa521177226&referrer=aHR0cHM6Ly93d3cubnZpZGlhLmNvbS9lbi11cy9vbi1kZW1hbmQvc2Vzc2lvbi9ndGNkYzI1LWRjNTExMjgv&clientTag=html5:v7.264","m3u8"
"https://www.nvidia.com/en-us/on-demand/session/gtcdc25-dct51148/","36:59:00","https://cdnapisec.kaltura.com/p/2935771/sp/293577100/playManifest/entryId/1_2gi3jyx4/protocol/https/format/applehttp/flavorIds/1_n6hf3ily,1_fvj2ylj7,1_le3qtlgs,1_ks2sroxn,1_u5k9s003/a.m3u8?uiConfId=50468382&playSessionId=0f192f64-1b54-148c-45bd-19f2ba5a3d19:971e1b16-0113-ee4e-7e23-54b2e0fe06be&referrer=aHR0cHM6Ly93d3cubnZpZGlhLmNvbS9lbi11cy9vbi1kZW1hbmQvc2Vzc2lvbi9ndGNkYzI1LWRjdDUxMTQ4Lw==&clientTag=html5:v7.264","m3u8"
"https://www.nvidia.com/en-us/on-demand/session/gtcdc25-dct51174/","47:03:00","https://cdnapisec.kaltura.com/p/2935771/sp/293577100/playManifest/entryId/1_0h5i3ruz/protocol/https/format/applehttp/flavorIds/1_ci3i3b89,1_tfdojdp5,1_5is5jf6h,1_fr3oiwa2,1_niv1s4qu,1_c0tbf9n0/a.m3u8?uiConfId=50468382&playSessionId=d8965163-fe20-e37e-4ae8-85782bf9e460:49d7b3a3-c950-921c-98e8-763e213fdd9e&referrer=aHR0cHM6Ly93d3cubnZpZGlhLmNvbS9lbi11cy9vbi1kZW1hbmQvc2Vzc2lvbi9ndGNkYzI1LWRjdDUxMTc0Lw==&clientTag=html5:v7.264","m3u8"
"https://www.nvidia.com/en-us/on-demand/session/gtcdc25-dct51185/","1:44:42","https://cdnapisec.kaltura.com/p/2935771/sp/293577100/playManifest/entryId/1_hxzu8p72/protocol/https/format/applehttp/flavorIds/1_076kbtxa,1_wuts0whh,1_0fcn299m,1_sx2j0un4,1_tjlq4jd7/a.m3u8?uiConfId=50468382&playSessionId=1c35cabe-a647-e142-1011-f4bab8b4839b:b8375f7b-6c6e-2842-473f-1d10cfa8c5d2&referrer=aHR0cHM6Ly93d3cubnZpZGlhLmNvbS9lbi11cy9vbi1kZW1hbmQvc2Vzc2lvbi9ndGNkYzI1LWRjdDUxMTg1Lw==&clientTag=html5:v7.264","m3u8"
"https://www.nvidia.com/en-us/on-demand/session/gtcdc25-dc51029/","38:49:00","https://cdnapisec.kaltura.com/p/2935771/sp/293577100/playManifest/entryId/1_sauc8cx8/protocol/https/format/applehttp/flavorIds/1_7wt0n1h8,1_kyrdowht,1_d2rjl71z,1_yapvw4m3,1_seh1fijo,1_z49bnhv1/a.m3u8?uiConfId=50468382&playSessionId=b90020dc-65a7-d8d6-d40c-02d52e527def:fe7569a1-e3fa-7c48-20a8-8c0bf9b3378e&referrer=aHR0cHM6Ly93d3cubnZpZGlhLmNvbS9lbi11cy9vbi1kZW1hbmQvc2Vzc2lvbi9ndGNkYzI1LWRjNTEwMjkv&clientTag=html5:v7.264","m3u8"
"https://www.nvidia.com/en-us/on-demand/session/gtcdc25-dc51036/","36:04:00","https://cdnapisec.kaltura.com/p/2935771/sp/293577100/playManifest/entryId/1_6oekp87l/protocol/https/format/applehttp/flavorIds/1_8ico2glo,1_bi04433o,1_m4ch4rmy,1_d6j1h4g1,1_lyp1rt5k/a.m3u8?uiConfId=50468382&playSessionId=4dfdf5b6-0487-a9fc-1c43-cfc9c34c6af4:b4d7da99-bf37-1e02-06fa-55a208f0eb27&referrer=aHR0cHM6Ly93d3cubnZpZGlhLmNvbS9lbi11cy9vbi1kZW1hbmQvc2Vzc2lvbi9ndGNkYzI1LWRjNTEwMzYv&clientTag=html5:v7.264","m3u8"
"https://www.nvidia.com/en-us/on-demand/session/gtcdc25-dc51153/","40:14:00","https://cdnapisec.kaltura.com/p/2935771/sp/293577100/playManifest/entryId/1_5pp81arh/protocol/https/format/applehttp/flavorIds/1_8tris40o,1_4vs7t8sp,1_vhn75zpl,1_606m3h7n,1_lf7o1sf7/a.m3u8?uiConfId=50468382&playSessionId=c53f18d9-ed3a-7894-3a1d-4850120a8872:face5e35-eb7a-244e-4e0e-49c40dbfab8c&referrer=aHR0cHM6Ly93d3cubnZpZGlhLmNvbS9lbi11cy9vbi1kZW1hbmQvc2Vzc2lvbi9ndGNkYzI1LWRjNTExNTMv&clientTag=html5:v7.264","m3u8"
"https://www.nvidia.com/en-us/on-demand/session/gtcdc25-dc51213/","7:51","https://cdnapisec.kaltura.com/p/2935771/sp/293577100/playManifest/entryId/1_b8jp6nkd/protocol/https/format/applehttp/flavorIds/1_wgree8ko,1_uxyanqyq,1_dfawi1se,1_s6kp0mzp,1_s6x55qlv,1_esc101ao/a.m3u8?uiConfId=50468382&playSessionId=4383dab1-9de5-705d-2046-cdd1fe2c9630:6704be30-3d88-2f49-3f36-f90ca1e4d916&referrer=aHR0cHM6Ly93d3cubnZpZGlhLmNvbS9lbi11cy9vbi1kZW1hbmQvc2Vzc2lvbi9ndGNkYzI1LWRjNTEyMTMv&clientTag=html5:v7.264","m3u8"
"https://www.nvidia.com/en-us/on-demand/session/gtcdc25-dc51299/","42:00:00","https://cdnapisec.kaltura.com/p/2935771/sp/293577100/playManifest/entryId/1_2bj96l9y/protocol/https/format/applehttp/flavorIds/1_5fp09sn7,1_64tmgdhj,1_fseq9jtd,1_9ztaaedx,1_ghzul4b1,1_3v651yl6/a.m3u8?uiConfId=50468382&playSessionId=4f5961d5-7850-521f-622c-ede96b8e31b4:9f272aab-0016-6d14-78dc-b919dd4c3053&referrer=aHR0cHM6Ly93d3cubnZpZGlhLmNvbS9lbi11cy9vbi1kZW1hbmQvc2Vzc2lvbi9ndGNkYzI1LWRjNTEyOTkv&clientTag=html5:v7.264","m3u8"
"https://www.nvidia.com/en-us/on-demand/session/gtcdc25-dc51066/","36:49:00","https://cdnapisec.kaltura.com/p/2935771/sp/293577100/playManifest/entryId/1_weixtvt3/protocol/https/format/applehttp/flavorIds/1_g1fmh972,1_lk9imdf3,1_1vkjiljb,1_fp0zjbtb,1_i54522cb,1_pg881o9z/a.m3u8?uiConfId=50468382&playSessionId=d8333e2c-1a88-6756-ffa9-b62d2d1a2921:5a640409-db3f-4cc9-45fa-10f7b254aae2&referrer=aHR0cHM6Ly93d3cubnZpZGlhLmNvbS9lbi11cy9vbi1kZW1hbmQvc2Vzc2lvbi9ndGNkYzI1LWRjNTEwNjYv&clientTag=html5:v7.264","m3u8"
"https://www.nvidia.com/en-us/on-demand/session/gtcdc25-dc51080/","52:23:00","https://cdnapisec.kaltura.com/p/2935771/sp/293577100/playManifest/entryId/1_d5o866o8/protocol/https/format/applehttp/flavorIds/1_qvz4uxq0,1_2kx7idwa,1_5bg9h5v4,1_83m1pjzz,1_mt7rp9mm,1_frjwrsln/a.m3u8?uiConfId=50468382&playSessionId=d8dc581a-f41c-4702-f521-16d8dda2edc7:53bed8e6-1fc1-ce73-d78c-7a79716a10dc&referrer=aHR0cHM6Ly93d3cubnZpZGlhLmNvbS9lbi11cy9vbi1kZW1hbmQvc2Vzc2lvbi9ndGNkYzI1LWRjNTEwODAv&clientTag=html5:v7.264","m3u8"
"https://www.nvidia.com/en-us/on-demand/session/gtcdc25-dc51084/","40:06:00","https://cdnapisec.kaltura.com/p/2935771/sp/293577100/playManifest/entryId/1_g5tev6vm/protocol/https/format/applehttp/flavorIds/1_9i4anccj,1_1j2f4ats,1_ugj0viua,1_iv1dmrcc,1_qj4fk4nl,1_o2i21t3d/a.m3u8?uiConfId=50468382&playSessionId=798f728f-cf84-4d70-b392-42d01d63679f:d8a19fd5-72c1-410f-c231-b7847a0718ed&referrer=aHR0cHM6Ly93d3cubnZpZGlhLmNvbS9lbi11cy9vbi1kZW1hbmQvc2Vzc2lvbi9ndGNkYzI1LWRjNTEwODQv&clientTag=html5:v7.264","m3u8"
"https://www.nvidia.com/en-us/on-demand/session/gtcdc25-dc51227/","15:29","https://cdnapisec.kaltura.com/p/2935771/sp/293577100/playManifest/entryId/1_p7erwajc/protocol/https/format/applehttp/flavorIds/1_9srebwmx,1_h1ldlrk1,1_a13ztnge,1_oy152x7z,1_xgq9ai1l,1_vutqldvf/a.m3u8?uiConfId=50468382&playSessionId=dd5796d9-9a91-3cd8-5357-22369460a7ab:0c0e0ebc-8655-dfb2-6fce-d8f025f0e0bd&referrer=aHR0cHM6Ly93d3cubnZpZGlhLmNvbS9lbi11cy9vbi1kZW1hbmQvc2Vzc2lvbi9ndGNkYzI1LWRjNTEyMjcv&clientTag=html5:v7.264","m3u8"
"https://www.nvidia.com/en-us/on-demand/session/gtcdc25-dc51099/","17:28","https://cdnapisec.kaltura.com/p/2935771/sp/293577100/playManifest/entryId/1_5qd3yctw/protocol/https/format/applehttp/flavorIds/1_r2obovvj,1_e46ee1hd,1_gj22mcg7,1_p6j7vh3x,1_ert48wip,1_suxfi2ax/a.m3u8?uiConfId=50468382&playSessionId=77ba6ad9-b898-e86f-6102-3bba1f4eb065:0336354a-5b14-67d6-cbec-752266dba1e9&referrer=aHR0cHM6Ly93d3cubnZpZGlhLmNvbS9lbi11cy9vbi1kZW1hbmQvc2Vzc2lvbi9ndGNkYzI1LWRjNTEwOTkv&clientTag=html5:v7.264","m3u8"
"https://www.nvidia.com/en-us/on-demand/session/gtcdc25-dc51038/","41:10:00","https://cdnapisec.kaltura.com/p/2935771/sp/293577100/playManifest/entryId/1_s61ktum2/protocol/https/format/applehttp/flavorIds/1_yhbhka8t,1_10zakqgv,1_dtwu8y98,1_9mqb1r43,1_8c42d4de,1_jz863n4t/a.m3u8?uiConfId=50468382&playSessionId=2676d904-c9f7-98a0-9889-0770a8b195a8:5a6513fc-35db-3c83-f39e-c6035c34f802&referrer=aHR0cHM6Ly93d3cubnZpZGlhLmNvbS9lbi11cy9vbi1kZW1hbmQvc2Vzc2lvbi9ndGNkYzI1LWRjNTEwMzgv&clientTag=html5:v7.264","m3u8"
"https://www.nvidia.com/en-us/on-demand/session/gtcdc25-dc51039/","40:57:00","https://cdnapisec.kaltura.com/p/2935771/sp/293577100/playManifest/entryId/1_3lfhndkn/protocol/https/format/applehttp/flavorIds/1_zpr2j03w,1_8boqposv,1_mr9lblw0,1_3qx720f7,1_nnsrr580,1_16qo6hlm/a.m3u8?uiConfId=50468382&playSessionId=f778f941-52c7-c31e-8de8-d42502bb939e:560911ae-a2fe-f756-6839-1df9ab35acff&referrer=aHR0cHM6Ly93d3cubnZpZGlhLmNvbS9lbi11cy9vbi1kZW1hbmQvc2Vzc2lvbi9ndGNkYzI1LWRjNTEwMzkv&clientTag=html5:v7.264","m3u8"
"https://www.nvidia.com/en-us/on-demand/session/gtcdc25-dc51049/","36:33:00","https://cdnapisec.kaltura.com/p/2935771/sp/293577100/playManifest/entryId/1_dlkzxeec/protocol/https/format/applehttp/flavorIds/1_m86jv5r1,1_inhrk1ab,1_jzwupjq7,1_z6mgqize,1_no4y55qu,1_ktwl5wy2/a.m3u8?uiConfId=50468382&playSessionId=d4c45ff7-be4d-8403-d338-d68663c6ef94:3c49dfe6-d9e8-d7d1-8700-83b11ce9181e&referrer=aHR0cHM6Ly93d3cubnZpZGlhLmNvbS9lbi11cy9vbi1kZW1hbmQvc2Vzc2lvbi9ndGNkYzI1LWRjNTEwNDkv&clientTag=html5:v7.264","m3u8"
"https://www.nvidia.com/en-us/on-demand/session/gtcdc25-dc51139/","43:25:00","https://cdnapisec.kaltura.com/p/2935771/sp/293577100/playManifest/entryId/1_vrag2x4w/protocol/https/format/applehttp/flavorIds/1_5d2lce7a,1_4h490b6v,1_dpfdryc4,1_c09mdrew,1_tem8ve5h,1_dvuzxyzz/a.m3u8?uiConfId=50468382&playSessionId=3236ab71-eab7-0bd5-e5cd-39b29f56491c:dcf35fc4-2114-bfd3-fc8a-1a429f5b3247&referrer=aHR0cHM6Ly93d3cubnZpZGlhLmNvbS9lbi11cy9vbi1kZW1hbmQvc2Vzc2lvbi9ndGNkYzI1LWRjNTExMzkv&clientTag=html5:v7.264","m3u8"
"https://www.nvidia.com/en-us/on-demand/session/gtcdc25-dc51196/","12:08","https://cdnapisec.kaltura.com/p/2935771/sp/293577100/playManifest/entryId/1_4xv9g3x4/protocol/https/format/applehttp/flavorIds/1_7isbtpin,1_ft05l2jo,1_bd41ymhc,1_j3qx7jly,1_rtd2hyp8,1_d7z2jbqk/a.m3u8?uiConfId=50468382&playSessionId=2db99f57-1417-ac51-81ef-fa7119a9f838:0415e40c-f0cd-0d6f-2a9f-1ba7ad1ac7c4&referrer=aHR0cHM6Ly93d3cubnZpZGlhLmNvbS9lbi11cy9vbi1kZW1hbmQvc2Vzc2lvbi9ndGNkYzI1LWRjNTExOTYv&clientTag=html5:v7.264","m3u8"
"https://www.nvidia.com/en-us/on-demand/session/gtcdc25-dc51071/","27:56:00","https://cdnapisec.kaltura.com/p/2935771/sp/293577100/playManifest/entryId/1_ucfdefbo/protocol/https/format/applehttp/flavorIds/1_mww8pdw9,1_f2nemmb5,1_4p5bgojg,1_0otxqya5,1_n6yp7llx,1_q0u6sltx/a.m3u8?uiConfId=50468382&playSessionId=8d2c087e-54f6-32c5-21d7-90a743289a1c:1209c39e-aae7-49d8-a91f-9d66b059ce81&referrer=aHR0cHM6Ly93d3cubnZpZGlhLmNvbS9lbi11cy9vbi1kZW1hbmQvc2Vzc2lvbi9ndGNkYzI1LWRjNTEwNzEv&clientTag=html5:v7.264","m3u8"
"https://www.nvidia.com/en-us/on-demand/session/gtcdc25-dc51091/","39:29:00","https://cdnapisec.kaltura.com/p/2935771/sp/293577100/playManifest/entryId/1_h62coduh/protocol/https/format/applehttp/flavorIds/1_zwfjkzbq,1_6ixp4t5l,1_ws8lkzrm,1_nhyh4erm,1_5kwnqi7s/a.m3u8?uiConfId=50468382&playSessionId=7ecbeb31-8e89-51b0-fba9-7e82765b69f4:16c6d3ad-359c-35c5-eb6f-5272215ddbba&referrer=aHR0cHM6Ly93d3cubnZpZGlhLmNvbS9lbi11cy9vbi1kZW1hbmQvc2Vzc2lvbi9ndGNkYzI1LWRjNTEwOTEv&clientTag=html5:v7.264","m3u8"
"https://www.nvidia.com/en-us/on-demand/session/gtcdc25-dc51064/","11:32","https://cdnapisec.kaltura.com/p/2935771/sp/293577100/playManifest/entryId/1_715gvj1k/protocol/https/format/applehttp/flavorIds/1_pqio928q,1_oozv9tkj,1_7jdkqnao,1_e6n940uu,1_5gdg57xz,1_0pp8u5cy/a.m3u8?uiConfId=50468382&playSessionId=5dd69310-6a0f-1807-d48b-e2fefbaec0df:24ae26ba-cfaf-19da-5d6b-ad2b14cc78cd&referrer=aHR0cHM6Ly93d3cubnZpZGlhLmNvbS9lbi11cy9vbi1kZW1hbmQvc2Vzc2lvbi9ndGNkYzI1LWRjNTEwNjQv&clientTag=html5:v7.264","m3u8"
"https://www.nvidia.com/en-us/on-demand/session/gtcdc25-dc51116/","16:09","https://cdnapisec.kaltura.com/p/2935771/sp/293577100/playManifest/entryId/1_j6s8757v/protocol/https/format/applehttp/flavorIds/1_hqiiy449,1_fs9ry6g5,1_yy0tgru2,1_i1kkvy7w,1_eaa35noh,1_doinpc3h/a.m3u8?uiConfId=50468382&playSessionId=3614d71b-5430-12b5-5c6c-d4397de8703f:30163285-6ffd-c3f3-62f0-0eb2f8204e00&referrer=aHR0cHM6Ly93d3cubnZpZGlhLmNvbS9lbi11cy9vbi1kZW1hbmQvc2Vzc2lvbi9ndGNkYzI1LWRjNTExMTYv&clientTag=html5:v7.264","m3u8"
"https://www.nvidia.com/en-us/on-demand/session/gtcdc25-dct51149/","1:19:13","https://cdnapisec.kaltura.com/p/2935771/sp/293577100/playManifest/entryId/1_yk18mw4v/protocol/https/format/applehttp/flavorIds/1_fry2u4no,1_0f0w1f4p,1_icm95xmg,1_32r1c47p,1_spsy669x/a.m3u8?uiConfId=50468382&playSessionId=c0cb3a4e-713c-6b8d-b210-1d364de90a2d:1bc649ae-e02d-bbf9-ab3b-637c41a7740e&referrer=aHR0cHM6Ly93d3cubnZpZGlhLmNvbS9lbi11cy9vbi1kZW1hbmQvc2Vzc2lvbi9ndGNkYzI1LWRjdDUxMTQ5Lw==&clientTag=html5:v7.264","m3u8"
"https://www.nvidia.com/en-us/on-demand/session/gtcdc25-dct51156/","1:30:48","https://cdnapisec.kaltura.com/p/2935771/sp/293577100/playManifest/entryId/1_e4ls0mxa/protocol/https/format/applehttp/flavorIds/1_ybc78qk3,1_ceybav3g,1_fpjunpyf,1_ht5mfuck,1_y1jgo7ep/a.m3u8?uiConfId=50468382&playSessionId=71bdeede-e93c-843c-9a60-ace3aa9e527a:ab8db790-142b-67e7-93a5-ed897bba0d31&referrer=aHR0cHM6Ly93d3cubnZpZGlhLmNvbS9lbi11cy9vbi1kZW1hbmQvc2Vzc2lvbi9ndGNkYzI1LWRjdDUxMTU2Lw==&clientTag=html5:v7.264","m3u8"
"https://www.nvidia.com/en-us/on-demand/session/gtcdc25-dct51166/","1:08:09","https://cdnapisec.kaltura.com/p/2935771/sp/293577100/playManifest/entryId/1_x5zru7we/protocol/https/format/applehttp/flavorIds/1_n4m6jwvf,1_8eok942n,1_42nzefbd,1_0zumq9jx,1_h4w6b5g2/a.m3u8?uiConfId=50468382&playSessionId=ad755432-fa91-8727-0de5-14c4ff16a3aa:b9f2e2b3-1155-8e2e-d6b8-4cd9c9d30701&referrer=aHR0cHM6Ly93d3cubnZpZGlhLmNvbS9lbi11cy9vbi1kZW1hbmQvc2Vzc2lvbi9ndGNkYzI1LWRjdDUxMTY2Lw==&clientTag=html5:v7.264","m3u8"
"https://www.nvidia.com/en-us/on-demand/session/gtcdc25-dct51181/","1:09:11","https://cdnapisec.kaltura.com/p/2935771/sp/293577100/playManifest/entryId/1_pjax18r2/protocol/https/format/applehttp/flavorIds/1_a9dklxkt,1_l1qinm82,1_21ubyn62/a.m3u8?uiConfId=50468382&playSessionId=dd3cfc6b-07bd-d17d-be39-86547b8b5c7e:75becd17-193f-32b7-ae3f-4485c957b27a&referrer=aHR0cHM6Ly93d3cubnZpZGlhLmNvbS9lbi11cy9vbi1kZW1hbmQvc2Vzc2lvbi9ndGNkYzI1LWRjdDUxMTgxLw==&clientTag=html5:v7.264","m3u8"
"https://www.nvidia.com/en-us/on-demand/session/gtcdc25-dc51150/","36:54:00","https://cdnapisec.kaltura.com/p/2935771/sp/293577100/playManifest/entryId/1_bdsf5lwd/protocol/https/format/applehttp/flavorIds/1_zrj0pdhh,1_5guto791,1_13ymswa9,1_1sm4162u,1_nc5nju2f,1_oypvtq29/a.m3u8?uiConfId=50468382&playSessionId=8a9ab566-bb8c-68a7-d2ac-292b2e7d0e62:59a9962a-e8cf-efe9-cc7b-37370a5ab804&referrer=aHR0cHM6Ly93d3cubnZpZGlhLmNvbS9lbi11cy9vbi1kZW1hbmQvc2Vzc2lvbi9ndGNkYzI1LWRjNTExNTAv&clientTag=html5:v7.264","m3u8"
"https://www.nvidia.com/en-us/on-demand/session/gtcdc25-dc51155/","44:07:00","https://cdnapisec.kaltura.com/p/2935771/sp/293577100/playManifest/entryId/1_07snx9sc/protocol/https/format/applehttp/flavorIds/1_ubd0cv7b,1_j4qik3al,1_xsm3uk03,1_47tyjke9,1_waw37bt0/a.m3u8?uiConfId=50468382&playSessionId=402f9c79-893a-b5a9-8d70-97e6495a5c2c:17eedf1d-1b61-8b0b-bdfb-efda8cd78e7a&referrer=aHR0cHM6Ly93d3cubnZpZGlhLmNvbS9lbi11cy9vbi1kZW1hbmQvc2Vzc2lvbi9ndGNkYzI1LWRjNTExNTUv&clientTag=html5:v7.264","m3u8"
"https://www.nvidia.com/en-us/on-demand/session/gtcdc25-dc51161/","42:02:00","https://cdnapisec.kaltura.com/p/2935771/sp/293577100/playManifest/entryId/1_m0fn823d/protocol/https/format/applehttp/flavorIds/1_jac1rd6i,1_chl3wn2d,1_0beq1yl9,1_appnru81,1_mgxaqx49/a.m3u8?uiConfId=50468382&playSessionId=ae2ef96a-96a6-3476-4669-6b88cd0f5ecc:971968ef-5e89-dbad-1d5e-5f7353a87e82&referrer=aHR0cHM6Ly93d3cubnZpZGlhLmNvbS9lbi11cy9vbi1kZW1hbmQvc2Vzc2lvbi9ndGNkYzI1LWRjNTExNjEv&clientTag=html5:v7.264","m3u8"
"https://www.nvidia.com/en-us/on-demand/session/gtcdc25-dc51193/","36:28:00","https://cdnapisec.kaltura.com/p/2935771/sp/293577100/playManifest/entryId/1_9mow8z72/protocol/https/format/applehttp/flavorIds/1_zxzz0inv,1_tgxqkrt3,1_60c4qupx,1_27d90erf,1_i6hh4n6h,1_9ez6ug7o/a.m3u8?uiConfId=50468382&playSessionId=af64f162-a9d5-d50d-2da6-e3b491df1ba3:3ff0353c-222e-b13f-5038-c03adc73450f&referrer=aHR0cHM6Ly93d3cubnZpZGlhLmNvbS9lbi11cy9vbi1kZW1hbmQvc2Vzc2lvbi9ndGNkYzI1LWRjNTExOTMv&clientTag=html5:v7.264","m3u8"
"https://www.nvidia.com/en-us/on-demand/session/gtcdc25-dc51070/","43:04:00","https://cdnapisec.kaltura.com/p/2935771/sp/293577100/playManifest/entryId/1_euq8e69z/protocol/https/format/applehttp/flavorIds/1_fa5541kz,1_g9zx6sli,1_jsxuxm3b,1_ainlostg,1_xkrgqcxn/a.m3u8?uiConfId=50468382&playSessionId=200d1c78-1ce2-9296-7675-ea44cb8a26d6:be0c839c-e3fc-4a28-708e-c57234a73c68&referrer=aHR0cHM6Ly93d3cubnZpZGlhLmNvbS9lbi11cy9vbi1kZW1hbmQvc2Vzc2lvbi9ndGNkYzI1LWRjNTEwNzAv&clientTag=html5:v7.264","m3u8"
"https://www.nvidia.com/en-us/on-demand/session/gtcdc25-dc51095/","7:10","https://cdnapisec.kaltura.com/p/2935771/sp/293577100/playManifest/entryId/1_1ceabehi/protocol/https/format/applehttp/flavorIds/1_hdbcfs6k,1_u1qymup4,1_yffagln1,1_x0s186rv,1_e6pb6guw,1_fngpta4w/a.m3u8?uiConfId=50468382&playSessionId=9ae46f87-f085-882a-5af0-9c0284f93646:94b7590b-aeaa-4007-7efa-df03777542f5&referrer=aHR0cHM6Ly93d3cubnZpZGlhLmNvbS9lbi11cy9vbi1kZW1hbmQvc2Vzc2lvbi9ndGNkYzI1LWRjNTEwOTUv&clientTag=html5:v7.264","m3u8"
"https://www.nvidia.com/en-us/on-demand/session/gtcdc25-dc51313/","40:22:00","https://cdnapisec.kaltura.com/p/2935771/sp/293577100/playManifest/entryId/1_03ufrllz/protocol/https/format/applehttp/flavorIds/1_zc3scay0,1_5ldxvxq1,1_q512fekc,1_pvaobm5k,1_h98jujmk,1_im7quc98/a.m3u8?uiConfId=50468382&playSessionId=b7786764-bd12-51b9-45d5-cdd569c73f8c:5386d2a0-3845-9cd4-45d4-b7dc3f7208b1&referrer=aHR0cHM6Ly93d3cubnZpZGlhLmNvbS9lbi11cy9vbi1kZW1hbmQvc2Vzc2lvbi9ndGNkYzI1LWRjNTEzMTMv&clientTag=html5:v7.264","m3u8"
"https://www.nvidia.com/en-us/on-demand/session/gtcdc25-dc51170/","13:35","https://cdnapisec.kaltura.com/p/2935771/sp/293577100/playManifest/entryId/1_rpaltwvj/protocol/https/format/applehttp/flavorIds/1_p5jqe492,1_m97ieh56,1_lutw8c48,1_mpo0tha6,1_wj7wrv6f,1_i89vdqqh/a.m3u8?uiConfId=50468382&playSessionId=a3b0e11a-8c59-583a-8512-7f4f26d66398:f98bd71b-3b8a-b498-032f-8098a9ce816c&referrer=aHR0cHM6Ly93d3cubnZpZGlhLmNvbS9lbi11cy9vbi1kZW1hbmQvc2Vzc2lvbi9ndGNkYzI1LWRjNTExNzAv&clientTag=html5:v7.264","m3u8"
"https://www.nvidia.com/en-us/on-demand/session/gtcdc25-dc51202/","12:07","https://cdnapisec.kaltura.com/p/2935771/sp/293577100/playManifest/entryId/1_rool30of/protocol/https/format/applehttp/flavorIds/1_uvnv08t8,1_kw91qd1g,1_1f4tc8a9,1_flihkn2m,1_u8kgm0us,1_reu0ndov/a.m3u8?uiConfId=50468382&playSessionId=9bf543b8-591c-9bfd-6e4b-4fec6f3772bc:905848cc-b24e-1c6a-2d6f-ee5cc84b8cd3&referrer=aHR0cHM6Ly93d3cubnZpZGlhLmNvbS9lbi11cy9vbi1kZW1hbmQvc2Vzc2lvbi9ndGNkYzI1LWRjNTEyMDIv&clientTag=html5:v7.264","m3u8"
"https://www.nvidia.com/en-us/on-demand/session/gtcdc25-dc1204/","1:43:08","https://cdnapisec.kaltura.com/p/2935771/sp/293577100/playManifest/entryId/1_6app54ep/protocol/https/format/applehttp/flavorIds/1_e3h7vely,1_53a7v3ww,1_wfgd0iq9,1_rju5c9fw,1_ba30lsot,1_5s0uwfeo,1_lu6alke4,1_ltdbd723/a.m3u8?uiConfId=50468382&playSessionId=8219fed1-3056-95df-d348-936201f8b826:41cb1110-3d32-4e03-e840-7ce462229142&referrer=aHR0cHM6Ly93d3cubnZpZGlhLmNvbS9lbi11cy9vbi1kZW1hbmQvc2Vzc2lvbi9ndGNkYzI1LWRjMTIwNC8=&clientTag=html5:v7.264","m3u8"
"https://www.nvidia.com/en-us/on-demand/session/other25-sva0001/","1:13:53","https://cdnapisec.kaltura.com/p/2935771/sp/293577100/playManifest/entryId/1_4cd1ek5h/protocol/https/format/applehttp/flavorIds/1_lfgrizfv,1_8bmf418k,1_xd1v3qx6,1_jtudpth7,1_v9lg6plw/a.m3u8?uiConfId=50468382&playSessionId=198fed6d-7e44-faa9-5088-881a296592ed:af462339-68dc-d00d-97ec-00fa58fe8d3b&referrer=aHR0cHM6Ly93d3cubnZpZGlhLmNvbS9lbi11cy9vbi1kZW1hbmQvc2Vzc2lvbi9vdGhlcjI1LXN2YTAwMDEv&clientTag=html5:v7.264","m3u8"
"https://www.nvidia.com/en-us/on-demand/session/aidaysydney25-ad21004/","39:12:00","https://cdnapisec.kaltura.com/p/2935771/sp/293577100/playManifest/entryId/1_mq6np0li/protocol/https/format/applehttp/flavorIds/1_2nvx3mkj,1_l26lw2ea,1_9sx1ty1q,1_raex8xyo/a.m3u8?uiConfId=50468382&playSessionId=fac425b0-58bc-2c85-6b3d-e75253f6b86a:0e08eb3c-0e9d-977b-a96b-9f168dcf1c8a&referrer=aHR0cHM6Ly93d3cubnZpZGlhLmNvbS9lbi11cy9vbi1kZW1hbmQvc2Vzc2lvbi9haWRheXN5ZG5leTI1LWFkMjEwMDQv&clientTag=html5:v7.264","m3u8"
"https://www.nvidia.com/en-us/on-demand/session/aidaysydney25-ad21005/","","https://cdnapisec.kaltura.com/p/2935771/sp/293577100/playManifest/entryId/1_lsy72a9i/protocol/https/format/applehttp/flavorIds/1_v6o0t9u0,1_xmgwhpqx,1_wh9tyidv,1_khwxqxtb,1_8vijzl9x/a.m3u8?uiConfId=50468382&playSessionId=1fb91e13-3323-197f-dcba-298ab2b8978e:496f43aa-4509-45d2-973d-0ecbf7b069cc&referrer=aHR0cHM6Ly93d3cubnZpZGlhLmNvbS9lbi11cy9vbi1kZW1hbmQvc2Vzc2lvbi9haWRheXN5ZG5leTI1LWFkMjEwMDUv&clientTag=html5:v7.264","m3u8"
"https://www.nvidia.com/en-us/on-demand/session/aidaysydney25-ad21006/","35:14:00","https://cdnapisec.kaltura.com/p/2935771/sp/293577100/playManifest/entryId/1_kd7o5quv/protocol/https/format/applehttp/flavorIds/1_zdtkjl2m,1_1iesf69l,1_ty85bx2t,1_bymssd36,1_zmez4rve/a.m3u8?uiConfId=50468382&playSessionId=e4dbdef2-8eee-54c4-cd58-93c7938e49e5:723b06b0-bcd2-498a-1bb3-537f117640c3&referrer=aHR0cHM6Ly93d3cubnZpZGlhLmNvbS9lbi11cy9vbi1kZW1hbmQvc2Vzc2lvbi9haWRheXN5ZG5leTI1LWFkMjEwMDYv&clientTag=html5:v7.264","m3u8"
"https://www.nvidia.com/en-us/on-demand/session/aidaysydney25-ad21007/","35:56:00","https://cdnapisec.kaltura.com/p/2935771/sp/293577100/playManifest/entryId/1_ogal3nlo/protocol/https/format/applehttp/flavorIds/1_8oai3pec,1_1umj36e4,1_59w97b1r,1_gbeipwpo,1_q9dr9xgb/a.m3u8?uiConfId=50468382&playSessionId=26b3c1a6-120f-6d86-3c5b-0069ed907141:5e11bbc0-3a2a-1360-04d6-fc10e6223de7&referrer=aHR0cHM6Ly93d3cubnZpZGlhLmNvbS9lbi11cy9vbi1kZW1hbmQvc2Vzc2lvbi9haWRheXN5ZG5leTI1LWFkMjEwMDcv&clientTag=html5:v7.264","m3u8"
"https://www.nvidia.com/en-us/on-demand/session/aidaysydney25-ad21008/","","https://cdnapisec.kaltura.com/p/2935771/sp/293577100/playManifest/entryId/1_rnu2vyak/protocol/https/format/applehttp/flavorIds/1_rl41ayv3,1_a8dmvwvg,1_x2h5t0fd,1_40r7b287/a.m3u8?uiConfId=50468382&playSessionId=9a2fc4a4-10bd-8cbd-5075-2dc640211b7d:d349f0af-bab0-2316-3552-69eb5290472f&referrer=aHR0cHM6Ly93d3cubnZpZGlhLmNvbS9lbi11cy9vbi1kZW1hbmQvc2Vzc2lvbi9haWRheXN5ZG5leTI1LWFkMjEwMDgv&clientTag=html5:v7.264","m3u8"
"https://www.nvidia.com/en-us/on-demand/session/aidaysydney25-ad21012/","43:16:00","https://cdnapisec.kaltura.com/p/2935771/sp/293577100/playManifest/entryId/1_fb866czd/protocol/https/format/applehttp/flavorIds/1_3wsq6x2l,1_26sk0ef9,1_t3kz70k8,1_ht5nny88,1_7uy33cpj/a.m3u8?uiConfId=50468382&playSessionId=d6d7b157-3c8a-1e47-daa9-d9dc7958a2b7:1d72d4c5-c2ce-5a17-9c5d-2a9cdec1dab7&referrer=aHR0cHM6Ly93d3cubnZpZGlhLmNvbS9lbi11cy9vbi1kZW1hbmQvc2Vzc2lvbi9haWRheXN5ZG5leTI1LWFkMjEwMTIv&clientTag=html5:v7.264","m3u8"
"https://www.nvidia.com/en-us/on-demand/session/aidaysydney25-ad21013/","29:12:00","https://cdnapisec.kaltura.com/p/2935771/sp/293577100/playManifest/entryId/1_rsm76va0/protocol/https/format/applehttp/flavorIds/1_pl85zsy3,1_axjjknl2,1_9uxfh463,1_7m4ep0qz,1_4r51t2ak/a.m3u8?uiConfId=50468382&playSessionId=9d1ff0d1-c73f-acaa-8f66-02294907d81a:cc01305d-2656-4200-d15a-2af7f5d79b2e&referrer=aHR0cHM6Ly93d3cubnZpZGlhLmNvbS9lbi11cy9vbi1kZW1hbmQvc2Vzc2lvbi9haWRheXN5ZG5leTI1LWFkMjEwMTMv&clientTag=html5:v7.264","m3u8"
"https://www.nvidia.com/en-us/on-demand/session/aidaysydney25-ad21014/","34:11:00","https://cdnapisec.kaltura.com/p/2935771/sp/293577100/playManifest/entryId/1_nxplp67p/protocol/https/format/applehttp/flavorIds/1_b1j6dwd3,1_yxk2aqb6,1_1g9xxcjw,1_6f40ozn1/a.m3u8?uiConfId=50468382&playSessionId=b0a75256-1554-f4c7-1a24-42d087273327:0a49da03-41d8-d207-71ef-60f8129fbd72&referrer=aHR0cHM6Ly93d3cubnZpZGlhLmNvbS9lbi11cy9vbi1kZW1hbmQvc2Vzc2lvbi9haWRheXN5ZG5leTI1LWFkMjEwMTQv&clientTag=html5:v7.264","m3u8"
"https://www.nvidia.com/en-us/on-demand/session/aidaysydney25-ad21015/","39:52:00","https://cdnapisec.kaltura.com/p/2935771/sp/293577100/playManifest/entryId/1_x2i7qxjf/protocol/https/format/applehttp/flavorIds/1_tovcc92o,1_ju9bfb9a,1_3cqqy9ha,1_o7kpme5p/a.m3u8?uiConfId=50468382&playSessionId=da2fc11b-6a1c-265e-5a07-3abc8f70403a:bbd58544-b1d0-d172-fe88-c96685237407&referrer=aHR0cHM6Ly93d3cubnZpZGlhLmNvbS9lbi11cy9vbi1kZW1hbmQvc2Vzc2lvbi9haWRheXN5ZG5leTI1LWFkMjEwMTUv&clientTag=html5:v7.264","m3u8"
"https://www.nvidia.com/en-us/on-demand/session/aidaysydney25-ad21016/","37:06:00","https://cdnapisec.kaltura.com/p/2935771/sp/293577100/playManifest/entryId/1_tm4ycc54/protocol/https/format/applehttp/flavorIds/1_ew3vr2qt,1_w0xgo31c,1_vvuf3p5x,1_lf2j3ha7,1_h0jb4k7m/a.m3u8?uiConfId=50468382&playSessionId=96eea016-6c2d-0d8a-999d-62d0de04716e:787d2e0c-a36b-841d-0076-fe2e3b51190b&referrer=aHR0cHM6Ly93d3cubnZpZGlhLmNvbS9lbi11cy9vbi1kZW1hbmQvc2Vzc2lvbi9haWRheXN5ZG5leTI1LWFkMjEwMTYv&clientTag=html5:v7.264","m3u8"
"https://www.nvidia.com/en-us/on-demand/session/aidaysydney25-ad21017/","","https://cdnapisec.kaltura.com/p/2935771/sp/293577100/playManifest/entryId/1_408l1h2c/protocol/https/format/applehttp/flavorIds/1_8mw88r6e,1_1c9waj6i,1_zfmn9aqo,1_5dwdu34e,1_7gqm9353/a.m3u8?uiConfId=50468382&playSessionId=38f9ac1f-e548-1bb7-2a32-5abb9e0f0179:25bb6ac1-c397-9f85-77e4-b2883c8bdbf3&referrer=aHR0cHM6Ly93d3cubnZpZGlhLmNvbS9lbi11cy9vbi1kZW1hbmQvc2Vzc2lvbi9haWRheXN5ZG5leTI1LWFkMjEwMTcv&clientTag=html5:v7.264","m3u8"
"https://www.nvidia.com/en-us/on-demand/session/aidaysydney25-ad21019/","35:14:00","https://cdnapisec.kaltura.com/p/2935771/sp/293577100/playManifest/entryId/1_ykwh867e/protocol/https/format/applehttp/flavorIds/1_6043nm8f,1_zruud9xa,1_wm2n99mp/a.m3u8?uiConfId=50468382&playSessionId=a817b99e-aa71-c574-13fb-c95e03563603:ddee7be7-bd70-7c0f-ca62-fe5c519673df&referrer=aHR0cHM6Ly93d3cubnZpZGlhLmNvbS9lbi11cy9vbi1kZW1hbmQvc2Vzc2lvbi9haWRheXN5ZG5leTI1LWFkMjEwMTkv&clientTag=html5:v7.264","m3u8"
"https://www.nvidia.com/en-us/on-demand/session/aidaysydney25-ad21020/","36:20:00","https://cdnapisec.kaltura.com/p/2935771/sp/293577100/playManifest/entryId/1_8qsviiuz/protocol/https/format/applehttp/flavorIds/1_2zv6wv11,1_to6r1swi,1_b84j2dpj,1_uk5swl9r,1_0x5oge6r,1_q5i9ihh5/a.m3u8?uiConfId=50468382&playSessionId=a77ddec2-2715-1941-c1b9-41fc30fdf3df:f52cc2ef-1d69-3c53-7834-7796a4211c0e&referrer=aHR0cHM6Ly93d3cubnZpZGlhLmNvbS9lbi11cy9vbi1kZW1hbmQvc2Vzc2lvbi9haWRheXN5ZG5leTI1LWFkMjEwMjAv&clientTag=html5:v7.264","m3u8"
"https://www.nvidia.com/en-us/on-demand/session/aidaysydney25-ad21023/","37:41:00","https://cdnapisec.kaltura.com/p/2935771/sp/293577100/playManifest/entryId/1_2tts60kc/protocol/https/format/applehttp/flavorIds/1_n6almoiw,1_ofwnk4md,1_owfdtngx,1_bjq2cwhe,1_c8a5zyd6/a.m3u8?uiConfId=50468382&playSessionId=5902b89e-d826-5b3a-5a13-f8dc73b96172:c13671e5-4e23-10d5-5f71-456c139df07d&referrer=aHR0cHM6Ly93d3cubnZpZGlhLmNvbS9lbi11cy9vbi1kZW1hbmQvc2Vzc2lvbi9haWRheXN5ZG5leTI1LWFkMjEwMjMv&clientTag=html5:v7.264","m3u8"
"https://www.nvidia.com/en-us/on-demand/session/aidaysydney25-ad21024/","27:32:00","https://cdnapisec.kaltura.com/p/2935771/sp/293577100/playManifest/entryId/1_57ou8kqb/protocol/https/format/applehttp/flavorIds/1_14hp4tyg,1_7gl98b4h,1_fswsm740,1_dg2wjif6,1_2y322rh4/a.m3u8?uiConfId=50468382&playSessionId=6ae954ad-630d-3161-e421-72414e0d2baf:b000d8d8-c6ef-4392-d3fb-24b70ab93a61&referrer=aHR0cHM6Ly93d3cubnZpZGlhLmNvbS9lbi11cy9vbi1kZW1hbmQvc2Vzc2lvbi9haWRheXN5ZG5leTI1LWFkMjEwMjQv&clientTag=html5:v7.264","m3u8"
"https://www.nvidia.com/en-us/on-demand/session/aidaysydney25-ad21025/","","https://cdnapisec.kaltura.com/p/2935771/sp/293577100/playManifest/entryId/1_r03fpkl8/protocol/https/format/applehttp/flavorIds/1_4vbf8itm,1_q2q7992k,1_fbr61tvn,1_dmqj1lu5/a.m3u8?uiConfId=50468382&playSessionId=697e98c7-645b-ed36-d6db-abb30e58097e:ab313baf-7354-fbcc-3879-3348fb69099c&referrer=aHR0cHM6Ly93d3cubnZpZGlhLmNvbS9lbi11cy9vbi1kZW1hbmQvc2Vzc2lvbi9haWRheXN5ZG5leTI1LWFkMjEwMjUv&clientTag=html5:v7.264","m3u8"
"https://www.nvidia.com/en-us/on-demand/session/aidaysydney25-ad21026/","18:42","https://cdnapisec.kaltura.com/p/2935771/sp/293577100/playManifest/entryId/1_n4ipeib8/protocol/https/format/applehttp/flavorIds/1_77u5i9ms,1_63kpel2l,1_b4lo2gip,1_tjv31e6d/a.m3u8?uiConfId=50468382&playSessionId=781ddb9a-a3cf-8889-e074-b20a880d20f1:383ee3ae-2d3f-5537-b49b-c80af8cf538e&referrer=aHR0cHM6Ly93d3cubnZpZGlhLmNvbS9lbi11cy9vbi1kZW1hbmQvc2Vzc2lvbi9haWRheXN5ZG5leTI1LWFkMjEwMjYv&clientTag=html5:v7.264","m3u8"
"https://www.nvidia.com/en-us/on-demand/session/aidaysydney25-ad21027/","21:45","https://cdnapisec.kaltura.com/p/2935771/sp/293577100/playManifest/entryId/1_92bzeiqo/protocol/https/format/applehttp/flavorIds/1_20hcy0ws,1_7csqzt46,1_zrqzvq9j,1_dmwqco45/a.m3u8?uiConfId=50468382&playSessionId=54717cc2-fe88-d9e7-c5a1-67b90dd1a5d5:80f4e993-fdda-621e-18ee-43874bc205f6&referrer=aHR0cHM6Ly93d3cubnZpZGlhLmNvbS9lbi11cy9vbi1kZW1hbmQvc2Vzc2lvbi9haWRheXN5ZG5leTI1LWFkMjEwMjcv&clientTag=html5:v7.264","m3u8"
"https://www.nvidia.com/en-us/on-demand/session/aidaysydney25-ad21029/","21:12","https://cdnapisec.kaltura.com/p/2935771/sp/293577100/playManifest/entryId/1_bgdtx6mz/protocol/https/format/applehttp/flavorIds/1_bbpi6c88,1_cfaxdi87,1_4wouljmq,1_uqy1nxlj,1_k4dkydof/a.m3u8?uiConfId=50468382&playSessionId=2f93f2dd-c075-840f-6b07-41f28b81bfad:c7b00965-eb4f-b633-93c8-09a5cab3caa0&referrer=aHR0cHM6Ly93d3cubnZpZGlhLmNvbS9lbi11cy9vbi1kZW1hbmQvc2Vzc2lvbi9haWRheXN5ZG5leTI1LWFkMjEwMjkv&clientTag=html5:v7.264","m3u8"
"https://www.nvidia.com/en-us/on-demand/session/aidaysydney25-ad21030/","1:06:20","https://cdnapisec.kaltura.com/p/2935771/sp/293577100/playManifest/entryId/1_pay5ya00/protocol/https/format/applehttp/flavorIds/1_8c9zk8ax,1_dgu7z1uo,1_belvmjpn,1_maw45gp5,1_7amuei2i/a.m3u8?uiConfId=50468382&playSessionId=c5eb7857-afe6-ac49-aebd-cc6131ac95e4:f63c53b5-e9f5-a920-a939-9d41f828df5d&referrer=aHR0cHM6Ly93d3cubnZpZGlhLmNvbS9lbi11cy9vbi1kZW1hbmQvc2Vzc2lvbi9haWRheXN5ZG5leTI1LWFkMjEwMzAv&clientTag=html5:v7.264","m3u8"
"https://www.nvidia.com/en-us/on-demand/session/other25-dgx-spark/","26:27:00","https://cdnapisec.kaltura.com/p/2935771/sp/293577100/playManifest/entryId/1_o3iox5py/protocol/https/format/applehttp/flavorIds/1_jgl5rj8z,1_0ipqm0ug,1_atmltp7z,1_go2xsfmz,1_oc04luoc/a.m3u8?uiConfId=50468382&playSessionId=e91b4b48-938e-8d5e-5cab-7651ed9f8a09:f3a80d35-9d58-a589-b08c-412da9b946a9&referrer=aHR0cHM6Ly93d3cubnZpZGlhLmNvbS9lbi11cy9vbi1kZW1hbmQvc2Vzc2lvbi9vdGhlcjI1LWRneC1zcGFyay8=&clientTag=html5:v7.264","m3u8"
"https://www.nvidia.com/en-us/on-demand/session/other25-y091030/","14:43","https://cdnapisec.kaltura.com/p/2935771/sp/293577100/playManifest/entryId/1_428ig398/protocol/https/format/applehttp/flavorIds/1_rjig6klf,1_l68qa6h1,1_fbslwx87,1_ey48qs2f,1_pvblwaaf,1_de9t7yhy/a.m3u8?uiConfId=50468382&playSessionId=bd667e06-060e-e798-4a0d-f86d99c6963d:68e804a4-2a06-16b3-daf9-3de0d99bf07c&referrer=aHR0cHM6Ly93d3cubnZpZGlhLmNvbS9lbi11cy9vbi1kZW1hbmQvc2Vzc2lvbi9vdGhlcjI1LXkwOTEwMzAv&clientTag=html5:v7.264","m3u8"
"https://www.nvidia.com/en-us/on-demand/session/other25-y091315/","13:01","https://cdnapisec.kaltura.com/p/2935771/sp/293577100/playManifest/entryId/1_550lthgu/protocol/https/format/applehttp/flavorIds/1_b579r7zt,1_puakr7g5,1_qiboexv8,1_ss162l5k,1_u3hbv2v0,1_a6dmhlh6/a.m3u8?uiConfId=50468382&playSessionId=922ba994-8e26-07e0-781c-2d272f5016e9:fa8119c4-c3d0-cbd6-fcd9-c12c50d0be73&referrer=aHR0cHM6Ly93d3cubnZpZGlhLmNvbS9lbi11cy9vbi1kZW1hbmQvc2Vzc2lvbi9vdGhlcjI1LXkwOTEzMTUv&clientTag=html5:v7.264","m3u8"
"https://www.nvidia.com/en-us/on-demand/session/other25-gnn-llm-marlowe/","57:34:00","https://cdnapisec.kaltura.com/p/2935771/sp/293577100/playManifest/entryId/1_e4h8kpfz/protocol/https/format/applehttp/flavorIds/1_igvf62aa,1_k0iazl1q/a.m3u8?uiConfId=50468382&playSessionId=e092ebf1-6cf6-9d13-6e35-c235c88853c2:740f1ef6-4024-1f89-dfe2-921e7a426175&referrer=aHR0cHM6Ly93d3cubnZpZGlhLmNvbS9lbi11cy9vbi1kZW1hbmQvc2Vzc2lvbi9vdGhlcjI1LWdubi1sbG0tbWFybG93ZS8=&clientTag=html5:v7.264","m3u8"
"https://www.nvidia.com/en-us/on-demand/session/other25-nv-0002/","58:50:00","https://cdnapisec.kaltura.com/p/2935771/sp/293577100/playManifest/entryId/1_6m0bahzz/protocol/https/format/applehttp/flavorIds/1_f39e1p2t,1_wm4uevrd/a.m3u8?uiConfId=50468382&playSessionId=5f360260-9e0b-a2cf-8c02-3a44bb8ebb2f:d212aa98-7f7e-d9ba-d932-420b6e6844e8&referrer=aHR0cHM6Ly93d3cubnZpZGlhLmNvbS9lbi11cy9vbi1kZW1hbmQvc2Vzc2lvbi9vdGhlcjI1LW52LTAwMDIv&clientTag=html5:v7.264","m3u8"
"https://www.nvidia.com/en-us/on-demand/session/other25-nv-0003/","57:34:00","https://cdnapisec.kaltura.com/p/2935771/sp/293577100/playManifest/entryId/1_e4h8kpfz/protocol/https/format/applehttp/flavorIds/1_igvf62aa,1_k0iazl1q/a.m3u8?uiConfId=50468382&playSessionId=bd67a8f7-d7fe-d1fc-78ca-3b7576dfe9b5:91b5084e-7306-5929-7969-94882e94b43a&referrer=aHR0cHM6Ly93d3cubnZpZGlhLmNvbS9lbi11cy9vbi1kZW1hbmQvc2Vzc2lvbi9vdGhlcjI1LW52LTAwMDMv&clientTag=html5:v7.264","m3u8"
"https://www.nvidia.com/en-us/on-demand/session/other25-nv-0004/","1:26:53","https://cdnapisec.kaltura.com/p/2935771/sp/293577100/playManifest/entryId/1_716znm4g/protocol/https/format/applehttp/flavorIds/1_7nsizolo,1_bjfrvn8v/a.m3u8?uiConfId=50468382&playSessionId=4d015282-8195-0dc7-385f-066f44b6fada:47088312-594e-bd71-5183-9c238e3df879&referrer=aHR0cHM6Ly93d3cubnZpZGlhLmNvbS9lbi11cy9vbi1kZW1hbmQvc2Vzc2lvbi9vdGhlcjI1LW52LTAwMDQv&clientTag=html5:v7.264","m3u8"
"https://www.nvidia.com/en-us/on-demand/session/other25-nva-0006/","1:15:41","https://cdnapisec.kaltura.com/p/2935771/sp/293577100/playManifest/entryId/1_791jogl6/protocol/https/format/applehttp/flavorIds/1_xo58glqx,1_e6x6u04h,1_9l56fvd0,1_pel4br9p/a.m3u8?uiConfId=50468382&playSessionId=d9d2caa1-5792-a89e-0b66-08470da645bf:8d6adc6f-ec17-4db6-8191-b8e8501c09c9&referrer=aHR0cHM6Ly93d3cubnZpZGlhLmNvbS9lbi11cy9vbi1kZW1hbmQvc2Vzc2lvbi9vdGhlcjI1LW52YS0wMDA2Lw==&clientTag=html5:v7.264","m3u8"
"https://www.nvidia.com/en-us/on-demand/session/other25-s091230/","27:49:00","https://cdnapisec.kaltura.com/p/2935771/sp/293577100/playManifest/entryId/1_iq03w7a5/protocol/https/format/applehttp/flavorIds/1_pwdpmuqp,1_add5vt4t,1_roxkzulb,1_efslectu,1_nd4pltp1/a.m3u8?uiConfId=50468382&playSessionId=dbb63340-053d-b5ac-28d3-b21190d65c3a:94dba795-355e-d4fc-131e-74636e522af5&referrer=aHR0cHM6Ly93d3cubnZpZGlhLmNvbS9lbi11cy9vbi1kZW1hbmQvc2Vzc2lvbi9vdGhlcjI1LXMwOTEyMzAv&clientTag=html5:v7.264","m3u8"
"https://www.nvidia.com/en-us/on-demand/session/aidaytokyo25-ad111018/","38:25:00","https://cdnapisec.kaltura.com/p/2935771/sp/293577100/playManifest/entryId/1_6h36gedj/protocol/https/format/applehttp/flavorIds/1_537v9cgu,1_gft149dy,1_fra3hntu,1_hxt4yacj/a.m3u8?uiConfId=50468382&playSessionId=c4308bca-5b83-a312-2d56-5846d8ffd607:c1a71688-b2a4-80c1-cb04-292bc5c5c411&referrer=aHR0cHM6Ly93d3cubnZpZGlhLmNvbS9lbi11cy9vbi1kZW1hbmQvc2Vzc2lvbi9haWRheXRva3lvMjUtYWQxMTEwMTgv&clientTag=html5:v7.264","m3u8"
"https://www.nvidia.com/en-us/on-demand/session/aidaytokyo25-ad111019/","31:08:00","https://cdnapisec.kaltura.com/p/2935771/sp/293577100/playManifest/entryId/1_gd6gvfn6/protocol/https/format/applehttp/flavorIds/1_fgu7z6mc,1_iw3tgvp2,1_m1dzmwzg,1_gnfnkwqy/a.m3u8?uiConfId=50468382&playSessionId=9deb42f8-79ca-e031-5cef-79ad88ca5d7e:b9497dd3-6630-a1e7-9ffb-c7cb5d14cbb7&referrer=aHR0cHM6Ly93d3cubnZpZGlhLmNvbS9lbi11cy9vbi1kZW1hbmQvc2Vzc2lvbi9haWRheXRva3lvMjUtYWQxMTEwMTkv&clientTag=html5:v7.264","m3u8"
"https://www.nvidia.com/en-us/on-demand/session/aidaytokyo25-ad111020/","39:14:00","https://cdnapisec.kaltura.com/p/2935771/sp/293577100/playManifest/entryId/1_jpbzrubv/protocol/https/format/applehttp/flavorIds/1_oz5cvn9m,1_wicadjy2,1_p7p5qhdd,1_ms6mdshi,1_2o4n523h/a.m3u8?uiConfId=50468382&playSessionId=a76e4845-2e49-33ff-9f45-041c0285f633:3636f323-1ebf-34e3-dd9a-bee0d4102873&referrer=aHR0cHM6Ly93d3cubnZpZGlhLmNvbS9lbi11cy9vbi1kZW1hbmQvc2Vzc2lvbi9haWRheXRva3lvMjUtYWQxMTEwMjAv&clientTag=html5:v7.264","m3u8"
"https://www.nvidia.com/en-us/on-demand/session/aidaytokyo25-ad111022/","34:28:00","https://cdnapisec.kaltura.com/p/2935771/sp/293577100/playManifest/entryId/1_6l97dy6w/protocol/https/format/applehttp/flavorIds/1_47rl6c5d,1_iiowmonn,1_p6dnzwk2,1_245wornf,1_0gmx7uqo/a.m3u8?uiConfId=50468382&playSessionId=ad88ac17-8a88-7651-47dc-456fc317919e:92583202-7c75-d45f-7494-fbbbaafc9d57&referrer=aHR0cHM6Ly93d3cubnZpZGlhLmNvbS9lbi11cy9vbi1kZW1hbmQvc2Vzc2lvbi9haWRheXRva3lvMjUtYWQxMTEwMjIv&clientTag=html5:v7.264","m3u8"
"https://www.nvidia.com/en-us/on-demand/session/aidaytokyo25-ad111023/","34:25:00","https://cdnapisec.kaltura.com/p/2935771/sp/293577100/playManifest/entryId/1_oqy88er2/protocol/https/format/applehttp/flavorIds/1_37p7ks5p,1_w4vcr7q5,1_44oahdf2,1_0ifvlaby/a.m3u8?uiConfId=50468382&playSessionId=1a4af6d0-43e6-dbaf-1d25-4e6d02822c16:d6911b0b-12be-88bc-574b-7a40db82971f&referrer=aHR0cHM6Ly93d3cubnZpZGlhLmNvbS9lbi11cy9vbi1kZW1hbmQvc2Vzc2lvbi9haWRheXRva3lvMjUtYWQxMTEwMjMv&clientTag=html5:v7.264","m3u8"
"https://www.nvidia.com/en-us/on-demand/session/aidaytokyo25-ad111024/","36:41:00","https://cdnapisec.kaltura.com/p/2935771/sp/293577100/playManifest/entryId/1_s00pr9ao/protocol/https/format/applehttp/flavorIds/1_ho39k1oj,1_r2lo5guh,1_ebokguhu,1_ire4dv7o/a.m3u8?uiConfId=50468382&playSessionId=d9b4e001-ac89-b541-685f-bd2ca20cbb22:2c221dbb-a429-1f99-ea8c-3c89241d3989&referrer=aHR0cHM6Ly93d3cubnZpZGlhLmNvbS9lbi11cy9vbi1kZW1hbmQvc2Vzc2lvbi9haWRheXRva3lvMjUtYWQxMTEwMjQv&clientTag=html5:v7.264","m3u8"
"https://www.nvidia.com/en-us/on-demand/session/aidaytokyo25-ad111025/","35:45:00","https://cdnapisec.kaltura.com/p/2935771/sp/293577100/playManifest/entryId/1_fw0ryb0m/protocol/https/format/applehttp/flavorIds/1_w22ri7v1,1_e7mweylg,1_dvqoj7ak,1_32sqi5ve,1_uuu97a6a/a.m3u8?uiConfId=50468382&playSessionId=a64454d4-0b3b-f83a-d7b3-f8c2c4ffd63b:40b305ae-2fa9-5803-cc26-efdf39ba0d89&referrer=aHR0cHM6Ly93d3cubnZpZGlhLmNvbS9lbi11cy9vbi1kZW1hbmQvc2Vzc2lvbi9haWRheXRva3lvMjUtYWQxMTEwMjUv&clientTag=html5:v7.264","m3u8"
"https://www.nvidia.com/en-us/on-demand/session/aidaytokyo25-ad111026/","31:19:00","https://cdnapisec.kaltura.com/p/2935771/sp/293577100/playManifest/entryId/1_57z6f1r6/protocol/https/format/applehttp/flavorIds/1_2ny8sadi,1_c5drgrnz,1_nfwgcmrn,1_zg6fnyjg/a.m3u8?uiConfId=50468382&playSessionId=543c7031-8d18-e4ee-859e-c17c44b879a4:3b3c48f2-1573-351d-0d3b-37a2d154a03e&referrer=aHR0cHM6Ly93d3cubnZpZGlhLmNvbS9lbi11cy9vbi1kZW1hbmQvc2Vzc2lvbi9haWRheXRva3lvMjUtYWQxMTEwMjYv&clientTag=html5:v7.264","m3u8"
"https://www.nvidia.com/en-us/on-demand/session/aidaytokyo25-ad111027/","35:16:00","https://cdnapisec.kaltura.com/p/2935771/sp/293577100/playManifest/entryId/1_mhgn8yfb/protocol/https/format/applehttp/flavorIds/1_sr6x8qpw,1_m7hofmew,1_tlfl9omb,1_lkpuzqar,1_ztlk4xdn/a.m3u8?uiConfId=50468382&playSessionId=0bd8a953-d54c-c6cb-f7cd-da7af3c57bf1:a0234fb2-93f1-3b65-83ef-56b99ccfea20&referrer=aHR0cHM6Ly93d3cubnZpZGlhLmNvbS9lbi11cy9vbi1kZW1hbmQvc2Vzc2lvbi9haWRheXRva3lvMjUtYWQxMTEwMjcv&clientTag=html5:v7.264","m3u8"
"https://www.nvidia.com/en-us/on-demand/session/aidaytokyo25-ad111028/","34:53:00","https://cdnapisec.kaltura.com/p/2935771/sp/293577100/playManifest/entryId/1_s6q7fx1g/protocol/https/format/applehttp/flavorIds/1_rrfx215w,1_9kmx0dyc,1_hj5bqb54,1_4a48v97i,1_h7dlulgo/a.m3u8?uiConfId=50468382&playSessionId=6673938f-a94a-1e5e-2ce0-2c21f79d114d:ea5ec933-a55c-6ee5-807a-cf4497f7d62c&referrer=aHR0cHM6Ly93d3cubnZpZGlhLmNvbS9lbi11cy9vbi1kZW1hbmQvc2Vzc2lvbi9haWRheXRva3lvMjUtYWQxMTEwMjgv&clientTag=html5:v7.264","m3u8"
"https://www.nvidia.com/en-us/on-demand/session/aidaytokyo25-ad111029/","34:42:00","https://cdnapisec.kaltura.com/p/2935771/sp/293577100/playManifest/entryId/1_i88tqzbg/protocol/https/format/applehttp/flavorIds/1_d1t1f9kw,1_m5pci6ms,1_pwp3brj9,1_eukdr80x,1_zeq5c4yq/a.m3u8?uiConfId=50468382&playSessionId=b0cf1174-a1de-f816-cb11-6ace7a71a9b1:f0104874-0f49-25aa-ee21-5af6ec928ac7&referrer=aHR0cHM6Ly93d3cubnZpZGlhLmNvbS9lbi11cy9vbi1kZW1hbmQvc2Vzc2lvbi9haWRheXRva3lvMjUtYWQxMTEwMjkv&clientTag=html5:v7.264","m3u8"
"https://www.nvidia.com/en-us/on-demand/session/aidaytokyo25-ad111030/","39:06:00","https://cdnapisec.kaltura.com/p/2935771/sp/293577100/playManifest/entryId/1_8ubj3br4/protocol/https/format/applehttp/flavorIds/1_u7502fwv,1_xhqn5qw2,1_zd933vd8,1_x4ylp81q,1_gq69czjq/a.m3u8?uiConfId=50468382&playSessionId=ff9a96a2-0482-7ebf-077e-4aa4cdefe9f0:05d452cd-3e6b-a998-ced2-038c22fc19d4&referrer=aHR0cHM6Ly93d3cubnZpZGlhLmNvbS9lbi11cy9vbi1kZW1hbmQvc2Vzc2lvbi9haWRheXRva3lvMjUtYWQxMTEwMzAv&clientTag=html5:v7.264","m3u8"
"https://www.nvidia.com/en-us/on-demand/session/aidaytokyo25-ad111031/","35:07:00","https://cdnapisec.kaltura.com/p/2935771/sp/293577100/playManifest/entryId/1_hjr5uzv1/protocol/https/format/applehttp/flavorIds/1_d8awwv13,1_gimzibfx,1_pccrujk6,1_40y11h40,1_2x6wtbee/a.m3u8?uiConfId=50468382&playSessionId=516b2f44-3d13-95bf-62de-b822d7bd62a2:9f017e24-685a-d543-0750-fbeb699e6c11&referrer=aHR0cHM6Ly93d3cubnZpZGlhLmNvbS9lbi11cy9vbi1kZW1hbmQvc2Vzc2lvbi9haWRheXRva3lvMjUtYWQxMTEwMzEv&clientTag=html5:v7.264","m3u8"
"https://www.nvidia.com/en-us/on-demand/session/aidaytokyo25-ad111032/","42:21:00","https://cdnapisec.kaltura.com/p/2935771/sp/293577100/playManifest/entryId/1_kzow840e/protocol/https/format/applehttp/flavorIds/1_dhfy2k59,1_n4j9nrt9,1_cjv1oqbf,1_itxf6l6u/a.m3u8?uiConfId=50468382&playSessionId=19687678-3f70-07d4-e812-1eed35cb9652:1ac9419f-2991-3e4d-46be-6dac4b056f64&referrer=aHR0cHM6Ly93d3cubnZpZGlhLmNvbS9lbi11cy9vbi1kZW1hbmQvc2Vzc2lvbi9haWRheXRva3lvMjUtYWQxMTEwMzIv&clientTag=html5:v7.264","m3u8"
"https://www.nvidia.com/en-us/on-demand/session/aidaytokyo25-ad111033/","36:13:00","https://cdnapisec.kaltura.com/p/2935771/sp/293577100/playManifest/entryId/1_713h77lm/protocol/https/format/applehttp/flavorIds/1_x2p5duyl,1_0l1xsgq4,1_hjgd3dlm,1_j4cdvb35/a.m3u8?uiConfId=50468382&playSessionId=ad1a0863-4e82-5192-aaa3-55403c8af1b6:16ad3150-2c19-61c3-fcde-858ceea0f314&referrer=aHR0cHM6Ly93d3cubnZpZGlhLmNvbS9lbi11cy9vbi1kZW1hbmQvc2Vzc2lvbi9haWRheXRva3lvMjUtYWQxMTEwMzMv&clientTag=html5:v7.264","m3u8"
"https://www.nvidia.com/en-us/on-demand/session/aidaytokyo25-ad111034/","26:11:00","https://cdnapisec.kaltura.com/p/2935771/sp/293577100/playManifest/entryId/1_i04ccbhq/protocol/https/format/applehttp/flavorIds/1_os85xfdo,1_0veo6hb8,1_f7fr5cmm,1_h5i1uqsf,1_nwz32oca/a.m3u8?uiConfId=50468382&playSessionId=9839cb1e-88a5-813d-476f-b363dfbb0794:35fc2010-57d8-d820-46a9-ebf9fa775d04&referrer=aHR0cHM6Ly93d3cubnZpZGlhLmNvbS9lbi11cy9vbi1kZW1hbmQvc2Vzc2lvbi9haWRheXRva3lvMjUtYWQxMTEwMzQv&clientTag=html5:v7.264","m3u8"
"https://www.nvidia.com/en-us/on-demand/session/aidaytokyo25-ad111035/","30:27:00","https://cdnapisec.kaltura.com/p/2935771/sp/293577100/playManifest/entryId/1_n2wg3z0h/protocol/https/format/applehttp/flavorIds/1_xaz73up5,1_iqe0uo3y,1_fk2v6okl,1_g7ga4xgb,1_z1uizj0b,1_nxgcm1m1/a.m3u8?uiConfId=50468382&playSessionId=f043dac3-dce5-e2c4-b114-411f5cacb5e0:802ccf25-e483-9872-8826-3c55deafc555&referrer=aHR0cHM6Ly93d3cubnZpZGlhLmNvbS9lbi11cy9vbi1kZW1hbmQvc2Vzc2lvbi9haWRheXRva3lvMjUtYWQxMTEwMzUv&clientTag=html5:v7.264","m3u8"
"https://www.nvidia.com/en-us/on-demand/session/aidaytokyo25-ad111036/","24:15:00","https://cdnapisec.kaltura.com/p/2935771/sp/293577100/playManifest/entryId/1_x1899ulr/protocol/https/format/applehttp/flavorIds/1_3vavsvvo,1_lhnzkzsw,1_b8hot8z4,1_ux3ohbw6,1_wwm12aql/a.m3u8?uiConfId=50468382&playSessionId=ee4d5047-27a8-6393-41aa-35637e4955f1:e7dba48e-d76c-6ed8-f741-f5b843074efb&referrer=aHR0cHM6Ly93d3cubnZpZGlhLmNvbS9lbi11cy9vbi1kZW1hbmQvc2Vzc2lvbi9haWRheXRva3lvMjUtYWQxMTEwMzYv&clientTag=html5:v7.264","m3u8"
"https://www.nvidia.com/en-us/on-demand/session/aidaytokyo25-ad111037/","1:01:28","https://cdnapisec.kaltura.com/p/2935771/sp/293577100/playManifest/entryId/1_shdjfzjm/protocol/https/format/applehttp/flavorIds/1_a7eikupp,1_x2086qxp,1_cho7ulm5,1_0tzdszw4,1_prqiwxz9/a.m3u8?uiConfId=50468382&playSessionId=b0027db1-4779-6f79-125f-c7982ab0515e:30899aa8-7f82-5f02-03ba-c5c341421696&referrer=aHR0cHM6Ly93d3cubnZpZGlhLmNvbS9lbi11cy9vbi1kZW1hbmQvc2Vzc2lvbi9haWRheXRva3lvMjUtYWQxMTEwMzcv&clientTag=html5:v7.264","m3u8"
"https://www.nvidia.com/en-us/on-demand/session/aidaytokyo25-ad111040/","36:00:00","https://cdnapisec.kaltura.com/p/2935771/sp/293577100/playManifest/entryId/1_wkozdicm/protocol/https/format/applehttp/flavorIds/1_q9yyh0t8,1_nnm0n7ln,1_pthxq7tt,1_f8qntqz8,1_at9fnwan/a.m3u8?uiConfId=50468382&playSessionId=4ae3422c-9726-9365-6353-b28aa8423fba:3426e508-6bf2-35c4-27cd-0207d2961ef7&referrer=aHR0cHM6Ly93d3cubnZpZGlhLmNvbS9lbi11cy9vbi1kZW1hbmQvc2Vzc2lvbi9haWRheXRva3lvMjUtYWQxMTEwNDAv&clientTag=html5:v7.264","m3u8"
"https://www.nvidia.com/en-us/on-demand/session/aidaytokyo25-ad111043/","58:58:00","https://cdnapisec.kaltura.com/p/2935771/sp/293577100/playManifest/entryId/1_kn02v7j1/protocol/https/format/applehttp/flavorIds/1_t54v5pzj,1_dmlxq6lr,1_qei7frs3,1_72j29ia4,1_eks6g8a5/a.m3u8?uiConfId=50468382&playSessionId=bb070b73-3601-1a42-d0ef-495dc7b7d0c9:f563bf3c-3575-53ee-d3d6-1d639846be0a&referrer=aHR0cHM6Ly93d3cubnZpZGlhLmNvbS9lbi11cy9vbi1kZW1hbmQvc2Vzc2lvbi9haWRheXRva3lvMjUtYWQxMTEwNDMv&clientTag=html5:v7.264","m3u8"
"https://www.nvidia.com/en-us/on-demand/session/aidaytokyo25-ad111008/","39:11:00","https://cdnapisec.kaltura.com/p/2935771/sp/293577100/playManifest/entryId/1_q5t33lcd/protocol/https/format/applehttp/flavorIds/1_3tbck0pl,1_t7f6brqs,1_ppqnyiyq,1_83bkuyao,1_e2iczfpd/a.m3u8?uiConfId=50468382&playSessionId=b547a2f5-79c6-f715-a018-333a884b0eb8:fb065c9f-5d6e-4c28-b41f-eff003a3f6c5&referrer=aHR0cHM6Ly93d3cubnZpZGlhLmNvbS9lbi11cy9vbi1kZW1hbmQvc2Vzc2lvbi9haWRheXRva3lvMjUtYWQxMTEwMDgv&clientTag=html5:v7.264","m3u8"
"https://www.nvidia.com/en-us/on-demand/session/aidaytokyo25-ad111013/","33:21:00","https://cdnapisec.kaltura.com/p/2935771/sp/293577100/playManifest/entryId/1_sqzr4n4y/protocol/https/format/applehttp/flavorIds/1_povr5kpw,1_047umwki,1_vcusgega,1_6njfcu3l/a.m3u8?uiConfId=50468382&playSessionId=3eb36729-5064-1b84-f189-3f434a666abc:8c6e2e69-25b9-d3eb-c121-c0086092ef56&referrer=aHR0cHM6Ly93d3cubnZpZGlhLmNvbS9lbi11cy9vbi1kZW1hbmQvc2Vzc2lvbi9haWRheXRva3lvMjUtYWQxMTEwMTMv&clientTag=html5:v7.264","m3u8"
"https://www.nvidia.com/en-us/on-demand/session/aidaytokyo25-ad111014/","28:30:00","https://cdnapisec.kaltura.com/p/2935771/sp/293577100/playManifest/entryId/1_jouq7ehv/protocol/https/format/applehttp/flavorIds/1_b7l0cduy,1_7uf2l1pp,1_rdf3ilct,1_7zeizcbl,1_zk02inhh/a.m3u8?uiConfId=50468382&playSessionId=0609e426-eda9-b263-069a-c3a3bda20db9:27aac76f-4e40-3f3c-bd4f-e54ac05f6db3&referrer=aHR0cHM6Ly93d3cubnZpZGlhLmNvbS9lbi11cy9vbi1kZW1hbmQvc2Vzc2lvbi9haWRheXRva3lvMjUtYWQxMTEwMTQv&clientTag=html5:v7.264","m3u8"
"https://www.nvidia.com/en-us/on-demand/session/aidaytokyo25-ad111015/","34:10:00","https://cdnapisec.kaltura.com/p/2935771/sp/293577100/playManifest/entryId/1_bj1tce3p/protocol/https/format/applehttp/flavorIds/1_44153gx8,1_qx5qgaal,1_oibivvvm,1_qlphd759/a.m3u8?uiConfId=50468382&playSessionId=93a3c604-c7a3-60b6-0bdf-015df1e82dbc:6e28cd35-1dea-345b-3fa3-5d67c0e9217a&referrer=aHR0cHM6Ly93d3cubnZpZGlhLmNvbS9lbi11cy9vbi1kZW1hbmQvc2Vzc2lvbi9haWRheXRva3lvMjUtYWQxMTEwMTUv&clientTag=html5:v7.264","m3u8"
"https://www.nvidia.com/en-us/on-demand/session/aidaytokyo25-ad111016/","36:24:00","https://cdnapisec.kaltura.com/p/2935771/sp/293577100/playManifest/entryId/1_nkstofbt/protocol/https/format/applehttp/flavorIds/1_l8t31mr8,1_3o5boq2v,1_hdpix3sr,1_sc839hgj,1_usmzxfby/a.m3u8?uiConfId=50468382&playSessionId=3e9dc254-4ca2-2954-5d7b-8e8e543e26a2:14794166-8103-f4fe-5448-0f07647b178d&referrer=aHR0cHM6Ly93d3cubnZpZGlhLmNvbS9lbi11cy9vbi1kZW1hbmQvc2Vzc2lvbi9haWRheXRva3lvMjUtYWQxMTEwMTYv&clientTag=html5:v7.264","m3u8"
"https://www.nvidia.com/en-us/on-demand/session/aidaytokyo25-ad111017/","37:35:00","https://cdnapisec.kaltura.com/p/2935771/sp/293577100/playManifest/entryId/1_k5qzrfqz/protocol/https/format/applehttp/flavorIds/1_5ojwh0hw,1_am8bzlx0,1_9h0rdbbk,1_mt8dnm9w,1_hc2m5ruh/a.m3u8?uiConfId=50468382&playSessionId=00eeb8b3-a8cd-0a6a-68f5-5aa0ad3e5832:a7174cb3-abf0-bf44-dc3a-ce1c0a45733e&referrer=aHR0cHM6Ly93d3cubnZpZGlhLmNvbS9lbi11cy9vbi1kZW1hbmQvc2Vzc2lvbi9haWRheXRva3lvMjUtYWQxMTEwMTcv&clientTag=html5:v7.264","m3u8"
"https://www.nvidia.com/en-us/on-demand/session/aidaytokyo25-ad111044/","1:01:28","https://cdnapisec.kaltura.com/p/2935771/sp/293577100/playManifest/entryId/1_ehk7wgar/protocol/https/format/applehttp/flavorIds/1_s9r1fwma,1_e98a39ti,1_v45q198b,1_ow4r520i,1_govw7b05/a.m3u8?uiConfId=50468382&playSessionId=f1df1ba5-a77e-407a-6423-7d23fe0f92d7:9b395756-d13e-8ef7-b291-93d07bed4919&referrer=aHR0cHM6Ly93d3cubnZpZGlhLmNvbS9lbi11cy9vbi1kZW1hbmQvc2Vzc2lvbi9haWRheXRva3lvMjUtYWQxMTEwNDQv&clientTag=html5:v7.264","m3u8"
"https://www.nvidia.com/en-us/on-demand/session/aidaytokyo25-ad111045/","58:58:00","https://cdnapisec.kaltura.com/p/2935771/sp/293577100/playManifest/entryId/1_wpugd9oj/protocol/https/format/applehttp/flavorIds/1_hvji6ym8,1_2i8vfaan,1_5shu94wh,1_vko1uniq,1_t5sounet/a.m3u8?uiConfId=50468382&playSessionId=d8d51bba-2985-0526-33b7-a8c674258953:a1aa12ec-b70f-a6a1-7fbe-a7c136f6e716&referrer=aHR0cHM6Ly93d3cubnZpZGlhLmNvbS9lbi11cy9vbi1kZW1hbmQvc2Vzc2lvbi9haWRheXRva3lvMjUtYWQxMTEwNDUv&clientTag=html5:v7.264","m3u8"
"https://www.nvidia.com/en-us/on-demand/session/aidaytokyo25-ad111009/","43:06:00","https://cdnapisec.kaltura.com/p/2935771/sp/293577100/playManifest/entryId/1_ara6yun9/protocol/https/format/applehttp/flavorIds/1_t04gcfo5,1_f541uf69,1_efdrouya,1_bsq0asjt,1_3q53zmmq/a.m3u8?uiConfId=50468382&playSessionId=ade63648-b684-6589-03b9-fcd6f5c898e2:b39b238e-e11d-46b7-321f-69095c67859e&referrer=aHR0cHM6Ly93d3cubnZpZGlhLmNvbS9lbi11cy9vbi1kZW1hbmQvc2Vzc2lvbi9haWRheXRva3lvMjUtYWQxMTEwMDkv&clientTag=html5:v7.264","m3u8"
"https://www.nvidia.com/en-us/on-demand/session/aidaytokyo25-ad111010/","30:34:00","https://cdnapisec.kaltura.com/p/2935771/sp/293577100/playManifest/entryId/1_95bzgkai/protocol/https/format/applehttp/flavorIds/1_wgoucxpm,1_dupv2d9m,1_cf3vzgx9,1_zv03jv5s,1_cdrhcxaq/a.m3u8?uiConfId=50468382&playSessionId=9cb601df-94e4-1f11-69a1-ae54c64ee375:6b049b90-0c26-8619-5000-c24024d1b235&referrer=aHR0cHM6Ly93d3cubnZpZGlhLmNvbS9lbi11cy9vbi1kZW1hbmQvc2Vzc2lvbi9haWRheXRva3lvMjUtYWQxMTEwMTAv&clientTag=html5:v7.264","m3u8"
"https://www.nvidia.com/en-us/on-demand/session/aidaytokyo25-ad111012/","","https://cdnapisec.kaltura.com/p/2935771/sp/293577100/playManifest/entryId/1_jvg41oik/protocol/https/format/applehttp/flavorIds/1_kz6tg4g1,1_r6yj41i8,1_px5awi0d,1_iy94obar/a.m3u8?uiConfId=50468382&playSessionId=6294520f-adab-d013-aa25-baca1bf0d472:9c1b0ecb-18aa-b091-a1a1-53b3058e4455&referrer=aHR0cHM6Ly93d3cubnZpZGlhLmNvbS9lbi11cy9vbi1kZW1hbmQvc2Vzc2lvbi9haWRheXRva3lvMjUtYWQxMTEwMTIv&clientTag=html5:v7.264","m3u8"
"https://www.nvidia.com/en-us/on-demand/session/aidayhochiminhcity25-ad11019/","","https://cdnapisec.kaltura.com/p/2935771/sp/293577100/playManifest/entryId/1_m635tuzi/protocol/https/format/applehttp/flavorIds/1_q248i6if,1_ssbx0jfk,1_4wzxythi,1_jqi006d1/a.m3u8?uiConfId=50468382&playSessionId=13061c8e-ea6a-13f6-4c7b-c4235072fa65:4202052e-9178-6d96-c1a5-1cbd76ecc442&referrer=aHR0cHM6Ly93d3cubnZpZGlhLmNvbS9lbi11cy9vbi1kZW1hbmQvc2Vzc2lvbi9haWRheWhvY2hpbWluaGNpdHkyNS1hZDExMDE5Lw==&clientTag=html5:v7.264","m3u8"
"https://www.nvidia.com/en-us/on-demand/session/aidayhochiminhcity25-ad11021/","","https://cdnapisec.kaltura.com/p/2935771/sp/293577100/playManifest/entryId/1_63po43y1/protocol/https/format/applehttp/flavorIds/1_6e8ovwev,1_121zhgvf,1_ud5pbesk/a.m3u8?uiConfId=50468382&playSessionId=5a13f9e8-ffa8-bce5-ba7c-aefdbd2320db:a49bf6eb-31fa-d2cb-186e-16f4efd8cf90&referrer=aHR0cHM6Ly93d3cubnZpZGlhLmNvbS9lbi11cy9vbi1kZW1hbmQvc2Vzc2lvbi9haWRheWhvY2hpbWluaGNpdHkyNS1hZDExMDIxLw==&clientTag=html5:v7.264","m3u8"
"https://www.nvidia.com/en-us/on-demand/session/aidayhochiminhcity25-ad11025/","","https://cdnapisec.kaltura.com/p/2935771/sp/293577100/playManifest/entryId/1_wdtmbr65/protocol/https/format/applehttp/flavorIds/1_7i7qiy6f,1_2y8apkr6,1_1h7xo7vu/a.m3u8?uiConfId=50468382&playSessionId=dafd72d7-f155-34c0-6b7d-2a26f2e6478a:96d60638-94a2-b51d-940c-062f4f30ef3a&referrer=aHR0cHM6Ly93d3cubnZpZGlhLmNvbS9lbi11cy9vbi1kZW1hbmQvc2Vzc2lvbi9haWRheWhvY2hpbWluaGNpdHkyNS1hZDExMDI1Lw==&clientTag=html5:v7.264","m3u8"
"https://www.nvidia.com/en-us/on-demand/session/aidayhochiminhcity25-ad11027/","","https://cdnapisec.kaltura.com/p/2935771/sp/293577100/playManifest/entryId/1_bsc0bvo9/protocol/https/format/applehttp/flavorIds/1_7h8vk3g7,1_h35z3dp5,1_nncr2592,1_crt0x42n,1_2ltf7xeo/a.m3u8?uiConfId=50468382&playSessionId=d34eaede-3de6-773a-f723-afb1132b2e12:82db7e02-e604-2e8e-d74b-b2bee3b741fe&referrer=aHR0cHM6Ly93d3cubnZpZGlhLmNvbS9lbi11cy9vbi1kZW1hbmQvc2Vzc2lvbi9haWRheWhvY2hpbWluaGNpdHkyNS1hZDExMDI3Lw==&clientTag=html5:v7.264","m3u8"
"https://www.nvidia.com/en-us/on-demand/session/aidayhochiminhcity25-ad11028/","","https://cdnapisec.kaltura.com/p/2935771/sp/293577100/playManifest/entryId/1_bbuy1ha1/protocol/https/format/applehttp/flavorIds/1_zmsurw0o,1_le6r2aih,1_tf4oviyg,1_x3wy9u4z,1_wyk9b2cn/a.m3u8?uiConfId=50468382&playSessionId=1213493c-a110-e1ef-f12a-7e4e5509f749:72d18f08-3108-6685-a7d1-6edfabe49c38&referrer=aHR0cHM6Ly93d3cubnZpZGlhLmNvbS9lbi11cy9vbi1kZW1hbmQvc2Vzc2lvbi9haWRheWhvY2hpbWluaGNpdHkyNS1hZDExMDI4Lw==&clientTag=html5:v7.264","m3u8"
"https://www.nvidia.com/en-us/on-demand/session/aidayhochiminhcity25-ad11029/","","https://cdnapisec.kaltura.com/p/2935771/sp/293577100/playManifest/entryId/1_w1388oee/protocol/https/format/applehttp/flavorIds/1_48ijr35y,1_9xtsxzp6,1_nj56kj7q,1_6xn11gdn,1_chr55jmd/a.m3u8?uiConfId=50468382&playSessionId=a91328ad-3189-5c21-60b8-a30999ac363a:e1acea52-ed9c-9532-3e23-0821de8cc587&referrer=aHR0cHM6Ly93d3cubnZpZGlhLmNvbS9lbi11cy9vbi1kZW1hbmQvc2Vzc2lvbi9haWRheWhvY2hpbWluaGNpdHkyNS1hZDExMDI5Lw==&clientTag=html5:v7.264","m3u8"
"https://www.nvidia.com/en-us/on-demand/session/aidayhochiminhcity25-ad11031/","","https://cdnapisec.kaltura.com/p/2935771/sp/293577100/playManifest/entryId/1_jxwxtivl/protocol/https/format/applehttp/flavorIds/1_xeyptvk6,1_c6p34x5n,1_b9fs51ge,1_ey0x0ssx/a.m3u8?uiConfId=50468382&playSessionId=1fecd343-757c-9813-d7f8-e1fdeb69e3d8:a8e9771d-b919-9029-0ce0-c0902fd8152f&referrer=aHR0cHM6Ly93d3cubnZpZGlhLmNvbS9lbi11cy9vbi1kZW1hbmQvc2Vzc2lvbi9haWRheWhvY2hpbWluaGNpdHkyNS1hZDExMDMxLw==&clientTag=html5:v7.264","m3u8"
"https://www.nvidia.com/en-us/on-demand/session/aidayhochiminhcity25-ad11033/","","https://cdnapisec.kaltura.com/p/2935771/sp/293577100/playManifest/entryId/1_rcre7yn0/protocol/https/format/applehttp/flavorIds/1_2sefwhj0,1_63nu6yxw,1_gzj9haan,1_jfhehtlc/a.m3u8?uiConfId=50468382&playSessionId=c3ea9b42-cb9a-23b2-7f05-4cafd4c7bfac:d2e7f4dd-f003-35dd-c26c-d042a9a5b709&referrer=aHR0cHM6Ly93d3cubnZpZGlhLmNvbS9lbi11cy9vbi1kZW1hbmQvc2Vzc2lvbi9haWRheWhvY2hpbWluaGNpdHkyNS1hZDExMDMzLw==&clientTag=html5:v7.264","m3u8"
"https://www.nvidia.com/en-us/on-demand/session/aidayhochiminhcity25-ad11037/","","https://cdnapisec.kaltura.com/p/2935771/sp/293577100/playManifest/entryId/1_y6q2gzl2/protocol/https/format/applehttp/flavorIds/1_4kftg75o,1_45gtmnqg,1_5m3oleuz,1_3f2z8cei,1_un6q3b5i/a.m3u8?uiConfId=50468382&playSessionId=f11ccc37-c668-13e6-7333-a43e9208b9c7:3468ba79-d0fe-c326-4c43-2ff9dc6f3a74&referrer=aHR0cHM6Ly93d3cubnZpZGlhLmNvbS9lbi11cy9vbi1kZW1hbmQvc2Vzc2lvbi9haWRheWhvY2hpbWluaGNpdHkyNS1hZDExMDM3Lw==&clientTag=html5:v7.264","m3u8"
"https://www.nvidia.com/en-us/on-demand/session/aidayhochiminhcity25-ad11038/","","https://cdnapisec.kaltura.com/p/2935771/sp/293577100/playManifest/entryId/1_xbn847pb/protocol/https/format/applehttp/flavorIds/1_u2lk9kpb,1_y3e0coh3,1_6eajrdyi,1_m6umxdns,1_x0b1ivk5/a.m3u8?uiConfId=50468382&playSessionId=d9b6b866-4287-3029-c201-24b5d16659d8:03670e2a-f246-3faf-d154-88bf896e9199&referrer=aHR0cHM6Ly93d3cubnZpZGlhLmNvbS9lbi11cy9vbi1kZW1hbmQvc2Vzc2lvbi9haWRheWhvY2hpbWluaGNpdHkyNS1hZDExMDM4Lw==&clientTag=html5:v7.264","m3u8"
"https://www.nvidia.com/en-us/on-demand/session/aidayhochiminhcity25-ad11042/","","https://cdnapisec.kaltura.com/p/2935771/sp/293577100/playManifest/entryId/1_hfiqse2p/protocol/https/format/applehttp/flavorIds/1_tvifn5sv,1_wci6x9yq,1_c8zqffgx,1_vqnoi763,1_dmii44c0,1_atx64xwy,1_wdbpqbbh,1_qoqcjec3/a.m3u8?uiConfId=50468382&playSessionId=55b9d606-2429-b9e3-f23e-7b492aab5eb2:b7780623-9361-2a76-55f3-14d83141c352&referrer=aHR0cHM6Ly93d3cubnZpZGlhLmNvbS9lbi11cy9vbi1kZW1hbmQvc2Vzc2lvbi9haWRheWhvY2hpbWluaGNpdHkyNS1hZDExMDQyLw==&clientTag=html5:v7.264","m3u8"
"https://www.nvidia.com/en-us/on-demand/session/aidayhochiminhcity25-ad11043/","","https://cdnapisec.kaltura.com/p/2935771/sp/293577100/playManifest/entryId/1_0w59kejp/protocol/https/format/applehttp/flavorIds/1_e1acc89j,1_yqkhglk5,1_76iq012q/a.m3u8?uiConfId=50468382&playSessionId=1c53f31a-025e-00de-7918-2afdc7f265b1:d42163bc-1196-6f7c-5dcd-677438ac56f3&referrer=aHR0cHM6Ly93d3cubnZpZGlhLmNvbS9lbi11cy9vbi1kZW1hbmQvc2Vzc2lvbi9haWRheWhvY2hpbWluaGNpdHkyNS1hZDExMDQzLw==&clientTag=html5:v7.264","m3u8"
"https://www.nvidia.com/en-us/on-demand/session/aidayhochiminhcity25-ad11044/","","https://cdnapisec.kaltura.com/p/2935771/sp/293577100/playManifest/entryId/1_ch12ulm7/protocol/https/format/applehttp/flavorIds/1_k59uajyd,1_uabjbbil,1_0qgyk4f3,1_00thncgi/a.m3u8?uiConfId=50468382&playSessionId=8e49dfa4-7801-d805-ae2f-ec5a194bcd74:95b9a374-00b7-bcb5-81c2-ea80ba55dd14&referrer=aHR0cHM6Ly93d3cubnZpZGlhLmNvbS9lbi11cy9vbi1kZW1hbmQvc2Vzc2lvbi9haWRheWhvY2hpbWluaGNpdHkyNS1hZDExMDQ0Lw==&clientTag=html5:v7.264","m3u8"
"https://www.nvidia.com/en-us/on-demand/session/other25-driveagxthor/","5:03","https://cdnapisec.kaltura.com/p/2935771/sp/293577100/playManifest/entryId/1_2lp05dji/protocol/https/format/applehttp/flavorIds/1_c1vpcf78,1_iwucdboc,1_sp7099b0,1_jwqzsb96,1_7l018lw1,1_c5aqffcv/a.m3u8?uiConfId=50468382&playSessionId=c5dc52ee-02c7-a46d-3d02-04e9ac127d98:b0c6426d-e702-3540-4f5d-4ad7793c2dbc&referrer=aHR0cHM6Ly93d3cubnZpZGlhLmNvbS9lbi11cy9vbi1kZW1hbmQvc2Vzc2lvbi9vdGhlcjI1LWRyaXZlYWd4dGhvci8=&clientTag=html5:v7.264","m3u8"
"https://www.nvidia.com/en-us/on-demand/session/other25-aientwkflw/","1:36:34","https://cdnapisec.kaltura.com/p/2935771/sp/293577100/playManifest/entryId/1_i4fahai6/protocol/https/format/applehttp/flavorIds/1_d263qdgv/a.m3u8?uiConfId=50468382&playSessionId=8eed1621-fcf7-cff6-ddd0-c0e4ddb19b10:27076707-7c62-5be5-577c-fb49ab037b35&referrer=aHR0cHM6Ly93d3cubnZpZGlhLmNvbS9lbi11cy9vbi1kZW1hbmQvc2Vzc2lvbi9vdGhlcjI1LWFpZW50d2tmbHcv&clientTag=html5:v7.264","m3u8"
"https://www.nvidia.com/en-us/on-demand/session/other25-wwc01/","35:16:00","https://cdnapisec.kaltura.com/p/2935771/sp/293577100/playManifest/entryId/1_enspgrtn/protocol/https/format/applehttp/flavorIds/1_8gbjbml9/a.m3u8?uiConfId=50468382&playSessionId=2aaa4ab6-525f-f570-427b-822b401c0455:ddf877d0-49b7-21b8-e2f0-2fbcf7921bd2&referrer=aHR0cHM6Ly93d3cubnZpZGlhLmNvbS9lbi11cy9vbi1kZW1hbmQvc2Vzc2lvbi9vdGhlcjI1LXd3YzAxLw==&clientTag=html5:v7.264","m3u8"
"https://www.nvidia.com/en-us/on-demand/session/other25-wwc02/","31:05:00","https://cdnapisec.kaltura.com/p/2935771/sp/293577100/playManifest/entryId/1_3xza0oz7/protocol/https/format/applehttp/flavorIds/1_kzo6j9pw,1_3shiugia,1_b7td6wyw,1_5659ulaw/a.m3u8?uiConfId=50468382&playSessionId=b948198a-e79c-380a-bcfe-8d58713706b5:4835f13e-fc16-65c9-d845-8805f16bcfea&referrer=aHR0cHM6Ly93d3cubnZpZGlhLmNvbS9lbi11cy9vbi1kZW1hbmQvc2Vzc2lvbi9vdGhlcjI1LXd3YzAyLw==&clientTag=html5:v7.264","m3u8"
"https://www.nvidia.com/en-us/on-demand/session/other25-cudax/","1:04:36","https://cdnapisec.kaltura.com/p/2935771/sp/293577100/playManifest/entryId/1_9uhe4v7w/protocol/https/format/applehttp/flavorIds/1_azp6prdw/a.m3u8?uiConfId=50468382&playSessionId=fbf0c6ed-47e8-e2be-2868-abab5882038d:2fabe357-7c4e-743d-1326-c8b766fdd8af&referrer=aHR0cHM6Ly93d3cubnZpZGlhLmNvbS9lbi11cy9vbi1kZW1hbmQvc2Vzc2lvbi9vdGhlcjI1LWN1ZGF4Lw==&clientTag=html5:v7.264","m3u8"
"https://www.nvidia.com/en-us/on-demand/session/other25-acelerestartup/","58:56:00","https://cdnapisec.kaltura.com/p/2935771/sp/293577100/playManifest/entryId/1_ng7dhjr0/protocol/https/format/applehttp/flavorIds/1_i28eg4jq,1_xyy9vhct,1_xf7lwmfg/a.m3u8?uiConfId=50468382&playSessionId=c867e685-136e-9011-c4c0-ffe1855ecbd8:4d9d64cb-f8d9-e420-1d3b-37c6b0e8b062&referrer=aHR0cHM6Ly93d3cubnZpZGlhLmNvbS9lbi11cy9vbi1kZW1hbmQvc2Vzc2lvbi9vdGhlcjI1LWFjZWxlcmVzdGFydHVwLw==&clientTag=html5:v7.264","m3u8"
"https://www.nvidia.com/en-us/on-demand/session/other25-upleveltech/","1:06:26","https://cdnapisec.kaltura.com/p/2935771/sp/293577100/playManifest/entryId/1_7c8m3c2w/protocol/https/format/applehttp/flavorIds/1_en6ud52u,1_z5pi6u04,1_arf8l1sg,1_lhv2rumd/a.m3u8?uiConfId=50468382&playSessionId=73b7d1bb-a68d-4746-575b-abd0e767a82f:eec30cf4-a0a5-bfce-7693-fada6e082861&referrer=aHR0cHM6Ly93d3cubnZpZGlhLmNvbS9lbi11cy9vbi1kZW1hbmQvc2Vzc2lvbi9vdGhlcjI1LXVwbGV2ZWx0ZWNoLw==&clientTag=html5:v7.264","m3u8"
"https://www.nvidia.com/en-us/on-demand/session/other25-flywheeljp/","29:52:00","https://cdnapisec.kaltura.com/p/2935771/sp/293577100/playManifest/entryId/1_ykb2krbg/protocol/https/format/applehttp/flavorIds/1_twhr7bi2,1_l2wvks4h,1_vblnzv0d,1_cfwvlb6f,1_hmenddlm/a.m3u8?uiConfId=50468382&playSessionId=984ccaf1-bd9b-2751-6d71-1728c7684994:83d21ef2-52ab-cc48-a48f-0f8187828abd&referrer=aHR0cHM6Ly93d3cubnZpZGlhLmNvbS9lbi11cy9vbi1kZW1hbmQvc2Vzc2lvbi9vdGhlcjI1LWZseXdoZWVsanAv&clientTag=html5:v7.264","m3u8"
"https://www.nvidia.com/en-us/on-demand/session/other25-eduessentials/","53:45:00","https://cdnapisec.kaltura.com/p/2935771/sp/293577100/playManifest/entryId/1_9s3u43zy/protocol/https/format/applehttp/flavorIds/1_ywo1vab2/a.m3u8?uiConfId=50468382&playSessionId=a85fdf18-ac54-dd7c-de73-dd96aee926c1:bf1d0263-d597-fbf0-1486-935dd73d010f&referrer=aHR0cHM6Ly93d3cubnZpZGlhLmNvbS9lbi11cy9vbi1kZW1hbmQvc2Vzc2lvbi9vdGhlcjI1LWVkdWVzc2VudGlhbHMv&clientTag=html5:v7.264","m3u8"
"https://www.nvidia.com/en-us/on-demand/session/other25-agenticai/","1:33:23","https://cdnapisec.kaltura.com/p/2935771/sp/293577100/playManifest/entryId/1_e1cw9au2/protocol/https/format/applehttp/flavorIds/1_szwgv1uz/a.m3u8?uiConfId=50468382&playSessionId=56613fd2-7ccb-8329-939e-4b7fe261e59b:5e4a6da3-ab6e-f049-62be-107785a0d883&referrer=aHR0cHM6Ly93d3cubnZpZGlhLmNvbS9lbi11cy9vbi1kZW1hbmQvc2Vzc2lvbi9vdGhlcjI1LWFnZW50aWNhaS8=&clientTag=html5:v7.264","m3u8"
"https://www.nvidia.com/en-us/on-demand/session/other25-inceptionroap/","","https://cdnapisec.kaltura.com/p/2935771/sp/293577100/playManifest/entryId/1_hxg5mdym/protocol/https/format/applehttp/flavorIds/1_k3y8nz5d,1_crqgz4oa,1_6owir3lv,1_fuyy9pwl,1_6xa29mm7/a.m3u8?uiConfId=50468382&playSessionId=ec9b466c-71b9-f743-e4a2-4d9e38e40e0b:075e836e-9c69-ffcb-9b9c-ae6b5ce46de3&referrer=aHR0cHM6Ly93d3cubnZpZGlhLmNvbS9lbi11cy9vbi1kZW1hbmQvc2Vzc2lvbi9vdGhlcjI1LWluY2VwdGlvbnJvYXAv&clientTag=html5:v7.264","m3u8"
"https://www.nvidia.com/en-us/on-demand/session/computex25-keynote/","1:42:51","https://cdnapisec.kaltura.com/p/2935771/sp/293577100/playManifest/entryId/1_p33ptvnj/protocol/https/format/applehttp/flavorIds/1_3oa79rcq,1_gvdmhkcn,1_f8bqlpv0,1_ie9xc5xw,1_prdci030,1_lt21mf1o/a.m3u8?uiConfId=50468382&playSessionId=58ac55a8-72aa-4599-e437-d42f3c7a4549:fd89e5e3-d3d5-9767-9d0a-20f084ff5f2a&referrer=aHR0cHM6Ly93d3cubnZpZGlhLmNvbS9lbi11cy9vbi1kZW1hbmQvc2Vzc2lvbi9jb21wdXRleDI1LWtleW5vdGUv&clientTag=html5:v7.264","m3u8"
"https://www.nvidia.com/en-us/on-demand/session/other25-datacenterwrld/","38:12:00","https://cdnapisec.kaltura.com/p/2935771/sp/293577100/playManifest/entryId/1_ndga613m/protocol/https/format/applehttp/flavorIds/1_bcx1o9se,1_35c9q15k,1_2j4oyck7,1_9bs1fbww,1_fo6wxcpc,1_cj3avtaq/a.m3u8?uiConfId=50468382&playSessionId=3af43f76-f65e-cec6-0634-4b189d692e9f:852c65e7-f3ad-34e3-ab79-6f3dc0f13a7a&referrer=aHR0cHM6Ly93d3cubnZpZGlhLmNvbS9lbi11cy9vbi1kZW1hbmQvc2Vzc2lvbi9vdGhlcjI1LWRhdGFjZW50ZXJ3cmxkLw==&clientTag=html5:v7.264","m3u8"
"https://www.nvidia.com/en-us/on-demand/session/other25-vss/","2:12","https://cdnapisec.kaltura.com/p/2935771/sp/293577100/playManifest/entryId/1_p9b3qjxy/protocol/https/format/applehttp/flavorIds/1_eh2q858u,1_69vpzr4p,1_4vochdnc,1_kow1n0jf,1_byo7h9jc/a.m3u8?uiConfId=50468382&playSessionId=126d6bbb-3bbe-8380-c628-b217e3e23892:73726346-f2eb-3791-3812-9abc45d04c83&referrer=aHR0cHM6Ly93d3cubnZpZGlhLmNvbS9lbi11cy9vbi1kZW1hbmQvc2Vzc2lvbi9vdGhlcjI1LXZzcy8=&clientTag=html5:v7.264","m3u8"
"https://www.nvidia.com/en-us/on-demand/session/gtc25-studentexp/","46:33:00","https://cdnapisec.kaltura.com/p/2935771/sp/293577100/playManifest/entryId/1_3o0wgli4/protocol/https/format/applehttp/flavorIds/1_a8v24dnc,1_bxmy6chd,1_c8qn54td,1_qpdbclgf,1_cqwraxs7/a.m3u8?uiConfId=50468382&playSessionId=372ff376-f704-d880-cd82-5904ebbfc436:85f98830-4307-bdc9-95f2-8f6a8fb66d81&referrer=aHR0cHM6Ly93d3cubnZpZGlhLmNvbS9lbi11cy9vbi1kZW1hbmQvc2Vzc2lvbi9ndGMyNS1zdHVkZW50ZXhwLw==&clientTag=html5:v7.264","m3u8"
"https://www.nvidia.com/en-us/on-demand/session/gtc25-s72484/","2:11:48","https://cdnapisec.kaltura.com/p/2935771/sp/293577100/playManifest/entryId/1_i4n8e58g/protocol/https/format/applehttp/flavorIds/1_fp6y295a,1_eu9rxzfp,1_7q6pndrd,1_cbob6936,1_f7o0wpmn,1_f1mqeilr,1_l6iphd1a,1_1qlpt9q7/a.m3u8?uiConfId=50468382&playSessionId=970c935c-6729-5a4c-6449-721a82237d63:5f81f9f9-bc89-3ee6-1d85-f2468861cc30&referrer=aHR0cHM6Ly93d3cubnZpZGlhLmNvbS9lbi11cy9vbi1kZW1hbmQvc2Vzc2lvbi9ndGMyNS1zNzI0ODQv&clientTag=html5:v7.264","m3u8"
"https://www.nvidia.com/en-us/on-demand/session/other25-enhance/","2:14:48","https://cdnapisec.kaltura.com/p/2935771/sp/293577100/playManifest/entryId/1_z56cgii1/protocol/https/format/applehttp/flavorIds/1_pogaxyba/a.m3u8?uiConfId=50468382&playSessionId=1f8d0c93-19fb-2588-d2b3-ed9c6deecd5f:293d9c23-c209-37b1-bc7a-60af5fd01cb7&referrer=aHR0cHM6Ly93d3cubnZpZGlhLmNvbS9lbi11cy9vbi1kZW1hbmQvc2Vzc2lvbi9vdGhlcjI1LWVuaGFuY2Uv&clientTag=html5:v7.264","m3u8"
"https://www.nvidia.com/en-us/on-demand/session/other25-mwcbarcelona/","46:41:00","https://cdnapisec.kaltura.com/p/2935771/sp/293577100/playManifest/entryId/1_x7hz0tyu/protocol/https/format/applehttp/flavorIds/1_mo77y4y5,1_rm2wiu57,1_yqjmag5v,1_7plfic9w,1_wmq7cikk/a.m3u8?uiConfId=50468382&playSessionId=fd141e22-4b59-89c1-3c51-db55e55f8c31:f7431385-4f59-72af-d9a4-3e7cdf7c84c2&referrer=aHR0cHM6Ly93d3cubnZpZGlhLmNvbS9lbi11cy9vbi1kZW1hbmQvc2Vzc2lvbi9vdGhlcjI1LW13Y2JhcmNlbG9uYS8=&clientTag=html5:v7.264","m3u8"
"https://www.nvidia.com/en-us/on-demand/session/other25-6gdevdayjp/","1:13:33","https://cdnapisec.kaltura.com/p/2935771/sp/293577100/playManifest/entryId/1_5wh0eud7/protocol/https/format/applehttp/flavorIds/1_espraqui/a.m3u8?uiConfId=50468382&playSessionId=5ef3dba0-7ce6-a024-f491-553b1c2e92df:df95c291-6d5d-5884-0338-79e49abe0e43&referrer=aHR0cHM6Ly93d3cubnZpZGlhLmNvbS9lbi11cy9vbi1kZW1hbmQvc2Vzc2lvbi9vdGhlcjI1LTZnZGV2ZGF5anAv&clientTag=html5:v7.264","m3u8"
"https://www.nvidia.com/en-us/on-demand/session/other25-6gdevdayjp01/","1:20:40","https://cdnapisec.kaltura.com/p/2935771/sp/293577100/playManifest/entryId/1_1aa6ptq5/protocol/https/format/applehttp/flavorIds/1_ks53ppvk,1_jlzzj1v0/a.m3u8?uiConfId=50468382&playSessionId=3ea2aa4c-3539-30aa-3b51-5d8ee6c9cfb3:8560bd17-8fcc-9ff3-6707-f3a61c4d752b&referrer=aHR0cHM6Ly93d3cubnZpZGlhLmNvbS9lbi11cy9vbi1kZW1hbmQvc2Vzc2lvbi9vdGhlcjI1LTZnZGV2ZGF5anAwMS8=&clientTag=html5:v7.264","m3u8"
"https://www.nvidia.com/en-us/on-demand/session/other25-6gdevdayjp02/","50:51:00","https://cdnapisec.kaltura.com/p/2935771/sp/293577100/playManifest/entryId/1_o8ys3haj/protocol/https/format/applehttp/flavorIds/1_kwxuvdkc,1_2b5wyjyb,1_lervc1ff,1_4042xaml/a.m3u8?uiConfId=50468382&playSessionId=2eda5b01-d8cd-7fa6-3ff8-348b40ef5609:dd3d9117-2780-6212-1921-4c9ba8d7ec9e&referrer=aHR0cHM6Ly93d3cubnZpZGlhLmNvbS9lbi11cy9vbi1kZW1hbmQvc2Vzc2lvbi9vdGhlcjI1LTZnZGV2ZGF5anAwMi8=&clientTag=html5:v7.264","m3u8"
"https://www.nvidia.com/en-us/on-demand/session/gtc25-dlit74486/","56:51:00","https://cdnapisec.kaltura.com/p/2935771/sp/293577100/playManifest/entryId/1_dbt3uorf/protocol/https/format/applehttp/flavorIds/1_ic5faqk0,1_3mopqpjt,1_bsi4vl9l,1_30dseslu,1_5hpwd2b9/a.m3u8?uiConfId=50468382&playSessionId=76716a5c-badd-e6b5-28d0-4d465cd598b5:259aadae-7072-2f26-d1aa-b30069b2c515&referrer=aHR0cHM6Ly93d3cubnZpZGlhLmNvbS9lbi11cy9vbi1kZW1hbmQvc2Vzc2lvbi9ndGMyNS1kbGl0NzQ0ODYv&clientTag=html5:v7.264","m3u8"
"https://www.nvidia.com/en-us/on-demand/session/gtc25-dlit74487/","1:33:00","https://cdnapisec.kaltura.com/p/2935771/sp/293577100/playManifest/entryId/1_p64oq7kq/protocol/https/format/applehttp/flavorIds/1_pohr14sx,1_zufp88mr,1_c6dekhwh,1_0krccmav,1_m04fx5mc/a.m3u8?uiConfId=50468382&playSessionId=dde18074-59c5-4084-a379-e7c380751959:c17dada2-869b-ea44-1b84-365a2c0c76bd&referrer=aHR0cHM6Ly93d3cubnZpZGlhLmNvbS9lbi11cy9vbi1kZW1hbmQvc2Vzc2lvbi9ndGMyNS1kbGl0NzQ0ODcv&clientTag=html5:v7.264","m3u8"
"https://www.nvidia.com/en-us/on-demand/session/gtc25-exs74187/","13:32","https://cdnapisec.kaltura.com/p/2935771/sp/293577100/playManifest/entryId/1_ouedcv84/protocol/https/format/applehttp/flavorIds/1_tlvey6o9,1_68h0pdb3,1_ej1vlmcw,1_8bkk4rz5,1_czsy8uzs,1_7m9y401f/a.m3u8?uiConfId=50468382&playSessionId=ac1e6083-fb36-2569-3a0f-b761ce2e001b:1652658e-67ef-8d51-023a-7c2e05a88182&referrer=aHR0cHM6Ly93d3cubnZpZGlhLmNvbS9lbi11cy9vbi1kZW1hbmQvc2Vzc2lvbi9ndGMyNS1leHM3NDE4Ny8=&clientTag=html5:v7.264","m3u8"
"https://www.nvidia.com/en-us/on-demand/session/gtc25-exs74254/","12:42","https://cdnapisec.kaltura.com/p/2935771/sp/293577100/playManifest/entryId/1_ro5s6i97/protocol/https/format/applehttp/flavorIds/1_x48jammr,1_tzhumn0s,1_ctsk87py,1_6vo3dhpi,1_k0m6kfib,1_4tu5k4bl/a.m3u8?uiConfId=50468382&playSessionId=68ad5b8a-3eee-ed39-cbea-ec3e3b775f5c:8a4d5d1c-9819-bc58-f9ed-617b21659598&referrer=aHR0cHM6Ly93d3cubnZpZGlhLmNvbS9lbi11cy9vbi1kZW1hbmQvc2Vzc2lvbi9ndGMyNS1leHM3NDI1NC8=&clientTag=html5:v7.264","m3u8"
"https://www.nvidia.com/en-us/on-demand/session/gtc25-exs74178/","13:46","https://cdnapisec.kaltura.com/p/2935771/sp/293577100/playManifest/entryId/1_krky17rn/protocol/https/format/applehttp/flavorIds/1_peoes623,1_pz97m22s,1_bu63va30,1_8mfyajsx,1_6d2c4t3x,1_qybtyfgu/a.m3u8?uiConfId=50468382&playSessionId=f23581b7-15d1-1091-5ef3-5c7bf04eee63:d2675ba4-5cc7-3743-4098-7d0b905ac812&referrer=aHR0cHM6Ly93d3cubnZpZGlhLmNvbS9lbi11cy9vbi1kZW1hbmQvc2Vzc2lvbi9ndGMyNS1leHM3NDE3OC8=&clientTag=html5:v7.264","m3u8"
"https://www.nvidia.com/en-us/on-demand/session/gtc25-exs74393/","14:57","https://cdnapisec.kaltura.com/p/2935771/sp/293577100/playManifest/entryId/1_1omre8aw/protocol/https/format/applehttp/flavorIds/1_c6u1w7yl,1_qi6if8db,1_m59hhjyd,1_x5i52aqi,1_c3p7ozn6/a.m3u8?uiConfId=50468382&playSessionId=1f39709c-5b37-9ff5-d8d3-12e404b0fe88:30214f94-9a95-1057-ec84-0475fd34dd9b&referrer=aHR0cHM6Ly93d3cubnZpZGlhLmNvbS9lbi11cy9vbi1kZW1hbmQvc2Vzc2lvbi9ndGMyNS1leHM3NDM5My8=&clientTag=html5:v7.264","m3u8"
"https://www.nvidia.com/en-us/on-demand/session/gtc25-exs74430/","15:15","https://cdnapisec.kaltura.com/p/2935771/sp/293577100/playManifest/entryId/1_2llytbfp/protocol/https/format/applehttp/flavorIds/1_87flm68v,1_0uw5uz17,1_qk6z11im,1_4kfw9977/a.m3u8?uiConfId=50468382&playSessionId=7352d33c-8090-174b-1245-5e82a5e17d93:f182085e-3f7b-14f5-e8d1-50b24e928e2a&referrer=aHR0cHM6Ly93d3cubnZpZGlhLmNvbS9lbi11cy9vbi1kZW1hbmQvc2Vzc2lvbi9ndGMyNS1leHM3NDQzMC8=&clientTag=html5:v7.264","m3u8"
"https://www.nvidia.com/en-us/on-demand/session/gtc25-exs74605/","11:04","https://cdnapisec.kaltura.com/p/2935771/sp/293577100/playManifest/entryId/1_1ag2b5wy/protocol/https/format/applehttp/flavorIds/1_8t69briu,1_lm4qz60k,1_0x489mo7,1_9pn47dty,1_59uo4m01,1_8oufkhqm/a.m3u8?uiConfId=50468382&playSessionId=a5f98fb9-6f91-2be1-3e7a-025b43481cb3:01533995-57e1-805a-7517-2a514039f817&referrer=aHR0cHM6Ly93d3cubnZpZGlhLmNvbS9lbi11cy9vbi1kZW1hbmQvc2Vzc2lvbi9ndGMyNS1leHM3NDYwNS8=&clientTag=html5:v7.264","m3u8"
"https://www.nvidia.com/en-us/on-demand/session/gtc25-s74639/","48:33:00","https://cdnapisec.kaltura.com/p/2935771/sp/293577100/playManifest/entryId/1_spt7zmsr/protocol/https/format/applehttp/flavorIds/1_lizaaokw,1_781vg5b2,1_6bhbw01z,1_ftquamc4,1_y7jwylut/a.m3u8?uiConfId=50468382&playSessionId=f3de1154-affd-4060-f47c-0282f824ba08:0ba5e74b-ff3f-122d-6795-55bd65348f3f&referrer=aHR0cHM6Ly93d3cubnZpZGlhLmNvbS9lbi11cy9vbi1kZW1hbmQvc2Vzc2lvbi9ndGMyNS1zNzQ2Mzkv&clientTag=html5:v7.264","m3u8"
"https://www.nvidia.com/en-us/on-demand/session/gtc25-s72294/","41:07:00","https://cdnapisec.kaltura.com/p/2935771/sp/293577100/playManifest/entryId/1_gxs4y1dj/protocol/https/format/applehttp/flavorIds/1_f44llcax,1_b3cnfq5o,1_5ux2l1sh,1_cheakt3p,1_86pf2e81/a.m3u8?uiConfId=50468382&playSessionId=9de98f1f-4bc6-df07-4d06-89306805f1f4:d7c9247f-9f6d-d058-1e65-edb548ffe95e&referrer=aHR0cHM6Ly93d3cubnZpZGlhLmNvbS9lbi11cy9vbi1kZW1hbmQvc2Vzc2lvbi9ndGMyNS1zNzIyOTQv&clientTag=html5:v7.264","m3u8"
"https://www.nvidia.com/en-us/on-demand/session/gtc25-s72323/","33:24:00","https://cdnapisec.kaltura.com/p/2935771/sp/293577100/playManifest/entryId/1_yw0qb9vy/protocol/https/format/applehttp/flavorIds/1_pd4o77v0,1_xxp9wr4m/a.m3u8?uiConfId=50468382&playSessionId=7b0d5580-04ec-f552-0bae-436c4eb067ad:5cf2bad5-5801-65ac-0b0f-4001ac11c045&referrer=aHR0cHM6Ly93d3cubnZpZGlhLmNvbS9lbi11cy9vbi1kZW1hbmQvc2Vzc2lvbi9ndGMyNS1zNzIzMjMv&clientTag=html5:v7.264","m3u8"
"https://www.nvidia.com/en-us/on-demand/session/gtc25-s72650/","37:39:00","https://cdnapisec.kaltura.com/p/2935771/sp/293577100/playManifest/entryId/1_amjocj0o/protocol/https/format/applehttp/flavorIds/1_dapenac6,1_vpi04zuf,1_czfs8r7z,1_lueummmz,1_n04oxeva/a.m3u8?uiConfId=50468382&playSessionId=8559616a-c032-7aa9-3390-8b4e6a3f1a78:c90645f8-08cc-2a9e-ae1e-c07283014801&referrer=aHR0cHM6Ly93d3cubnZpZGlhLmNvbS9lbi11cy9vbi1kZW1hbmQvc2Vzc2lvbi9ndGMyNS1zNzI2NTAv&clientTag=html5:v7.264","m3u8"
"https://www.nvidia.com/en-us/on-demand/session/gtc25-s72083/","37:11:00","https://cdnapisec.kaltura.com/p/2935771/sp/293577100/playManifest/entryId/1_djmggdrn/protocol/https/format/applehttp/flavorIds/1_awtddrby,1_4chyf5yi,1_vh4l545r,1_y8p8c1q2,1_yyqlrufx/a.m3u8?uiConfId=50468382&playSessionId=c115a3f1-c7b7-0d87-77c4-4e90b0ace913:577b2eaa-324a-4847-0e52-499cf712fda5&referrer=aHR0cHM6Ly93d3cubnZpZGlhLmNvbS9lbi11cy9vbi1kZW1hbmQvc2Vzc2lvbi9ndGMyNS1zNzIwODMv&clientTag=html5:v7.264","m3u8"
"https://www.nvidia.com/en-us/on-demand/session/gtc25-dlit71690/","1:20:23","https://cdnapisec.kaltura.com/p/2935771/sp/293577100/playManifest/entryId/1_ww94f4mx/protocol/https/format/applehttp/flavorIds/1_3caetar9,1_im72fnuz,1_tqpdgg29,1_z3nxltes,1_gibsxq8m/a.m3u8?uiConfId=50468382&playSessionId=93d0f60f-7089-4db6-6419-20cf0cba5a7b:e508f8e9-df39-4de0-b55b-433e5df68f1a&referrer=aHR0cHM6Ly93d3cubnZpZGlhLmNvbS9lbi11cy9vbi1kZW1hbmQvc2Vzc2lvbi9ndGMyNS1kbGl0NzE2OTAv&clientTag=html5:v7.264","m3u8"
"https://www.nvidia.com/en-us/on-demand/session/gtc25-dlit74500/","1:26:47","https://cdnapisec.kaltura.com/p/2935771/sp/293577100/playManifest/entryId/1_6wlidmp7/protocol/https/format/applehttp/flavorIds/1_0aqds85c,1_946hs3ly,1_mk2mue9g,1_2b8nmnx3,1_1qcssiux/a.m3u8?uiConfId=50468382&playSessionId=7a98c002-87d2-eb0a-8f97-bff5fdeeaec0:6838777f-c16d-eb48-c93e-06b8430bbf0b&referrer=aHR0cHM6Ly93d3cubnZpZGlhLmNvbS9lbi11cy9vbi1kZW1hbmQvc2Vzc2lvbi9ndGMyNS1kbGl0NzQ1MDAv&clientTag=html5:v7.264","m3u8"
"https://www.nvidia.com/en-us/on-demand/session/gtc25-s72938/","38:54:00","https://cdnapisec.kaltura.com/p/2935771/sp/293577100/playManifest/entryId/1_5zgriycm/protocol/https/format/applehttp/flavorIds/1_iyitmfzp,1_z8kl939c,1_ken9x1e1,1_x39htyzq,1_s4sto7mg/a.m3u8?uiConfId=50468382&playSessionId=df01bf43-9163-3491-fc85-28f9708fe2b3:f9401cfe-c5ba-afcd-05b2-a9a886c17643&referrer=aHR0cHM6Ly93d3cubnZpZGlhLmNvbS9lbi11cy9vbi1kZW1hbmQvc2Vzc2lvbi9ndGMyNS1zNzI5Mzgv&clientTag=html5:v7.264","m3u8"
"https://www.nvidia.com/en-us/on-demand/session/gtc25-s73015/","41:32:00","https://cdnapisec.kaltura.com/p/2935771/sp/293577100/playManifest/entryId/1_jpp5hipk/protocol/https/format/applehttp/flavorIds/1_216nhzlx,1_bxb1c8hr,1_42gv7g3o,1_p96z0brt,1_6irtxicm/a.m3u8?uiConfId=50468382&playSessionId=3eff2e6c-fa62-a7a1-d13d-69f15b88fb95:e4d926ce-67a1-d3ff-0ee2-ddcb722da410&referrer=aHR0cHM6Ly93d3cubnZpZGlhLmNvbS9lbi11cy9vbi1kZW1hbmQvc2Vzc2lvbi9ndGMyNS1zNzMwMTUv&clientTag=html5:v7.264","m3u8"
"https://www.nvidia.com/en-us/on-demand/session/gtc25-s72896/","40:53:00","https://cdnapisec.kaltura.com/p/2935771/sp/293577100/playManifest/entryId/1_fwfch9qz/protocol/https/format/applehttp/flavorIds/1_fh2a7bid,1_j12auroh,1_5ml40cch,1_zoqfbufd/a.m3u8?uiConfId=50468382&playSessionId=ffe94c13-469c-007a-d2f0-07be0952bd4d:03c3efc1-3c88-ac70-7f2c-87fb4d1e905c&referrer=aHR0cHM6Ly93d3cubnZpZGlhLmNvbS9lbi11cy9vbi1kZW1hbmQvc2Vzc2lvbi9ndGMyNS1zNzI4OTYv&clientTag=html5:v7.264","m3u8"
"https://www.nvidia.com/en-us/on-demand/session/gtc25-dlit74509/","1:16:28","https://cdnapisec.kaltura.com/p/2935771/sp/293577100/playManifest/entryId/1_7i5ihk73/protocol/https/format/applehttp/flavorIds/1_as9yt0la,1_r0t0g0zo,1_eugf2psp,1_bl0eol2s,1_3lyoq3te/a.m3u8?uiConfId=50468382&playSessionId=89240d83-8172-8c19-c85d-673d76d90dcb:836be430-9a3f-25e3-1e67-9f6412c66747&referrer=aHR0cHM6Ly93d3cubnZpZGlhLmNvbS9lbi11cy9vbi1kZW1hbmQvc2Vzc2lvbi9ndGMyNS1kbGl0NzQ1MDkv&clientTag=html5:v7.264","m3u8"
"https://www.nvidia.com/en-us/on-demand/session/gtc25-dlit74570/","35:35:00","https://cdnapisec.kaltura.com/p/2935771/sp/293577100/playManifest/entryId/1_tf21uvrm/protocol/https/format/applehttp/flavorIds/1_nnmc8gjp,1_p0pfimfd,1_fpn3xvyu,1_mnkl9umv/a.m3u8?uiConfId=50468382&playSessionId=6ae18b92-6736-211d-d8f0-303b4c5ea17c:1ef1a9e0-fe81-9107-703b-38e3b51ee42d&referrer=aHR0cHM6Ly93d3cubnZpZGlhLmNvbS9lbi11cy9vbi1kZW1hbmQvc2Vzc2lvbi9ndGMyNS1kbGl0NzQ1NzAv&clientTag=html5:v7.264","m3u8"
"https://www.nvidia.com/en-us/on-demand/session/gtc25-s71729/","43:08:00","https://cdnapisec.kaltura.com/p/2935771/sp/293577100/playManifest/entryId/1_yfw1qjyb/protocol/https/format/applehttp/flavorIds/1_sw6i9357,1_3j51r4ad,1_frvjtdap/a.m3u8?uiConfId=50468382&playSessionId=2c0c46f0-44ff-9d8b-e419-b77601b975b4:0bace82a-cadb-d4a1-8544-6ccd09478c95&referrer=aHR0cHM6Ly93d3cubnZpZGlhLmNvbS9lbi11cy9vbi1kZW1hbmQvc2Vzc2lvbi9ndGMyNS1zNzE3Mjkv&clientTag=html5:v7.264","m3u8"
"https://www.nvidia.com/en-us/on-demand/session/gtc25-s71759/","26:17:00","https://cdnapisec.kaltura.com/p/2935771/sp/293577100/playManifest/entryId/1_hehkl64t/protocol/https/format/applehttp/flavorIds/1_qas2hmev,1_3qyq5nou,1_t5z0z8g9,1_oqytqpmg,1_kcruf0vo/a.m3u8?uiConfId=50468382&playSessionId=47736a8a-5378-6bbb-3e15-abc2af57e433:30a7886c-ac19-c00d-2d19-775fbac67007&referrer=aHR0cHM6Ly93d3cubnZpZGlhLmNvbS9lbi11cy9vbi1kZW1hbmQvc2Vzc2lvbi9ndGMyNS1zNzE3NTkv&clientTag=html5:v7.264","m3u8"
"https://www.nvidia.com/en-us/on-demand/session/gtc25-s72720/","49:45:00","https://cdnapisec.kaltura.com/p/2935771/sp/293577100/playManifest/entryId/1_qgtadf89/protocol/https/format/applehttp/flavorIds/1_c6pf7809,1_4cbp0p4j,1_99txo1tb,1_zgow7akr,1_0bg2oxlm/a.m3u8?uiConfId=50468382&playSessionId=e447b66a-5a27-5e84-b023-7482ef07bb8c:8d635515-2fd9-a3d8-ee97-7a2c241c1b8b&referrer=aHR0cHM6Ly93d3cubnZpZGlhLmNvbS9lbi11cy9vbi1kZW1hbmQvc2Vzc2lvbi9ndGMyNS1zNzI3MjAv&clientTag=html5:v7.264","m3u8"
"https://www.nvidia.com/en-us/on-demand/session/gtc25-s72728/","40:41:00","https://cdnapisec.kaltura.com/p/2935771/sp/293577100/playManifest/entryId/1_aj8qn2zo/protocol/https/format/applehttp/flavorIds/1_kjoh97fb,1_vkhfg1t0,1_5jmbpf83,1_qool4lkv,1_bjkdd86h/a.m3u8?uiConfId=50468382&playSessionId=6943b46b-9937-d0b1-3af3-857d6f216d5d:a3508a1a-2ead-eef1-d48f-d92f729bdd80&referrer=aHR0cHM6Ly93d3cubnZpZGlhLmNvbS9lbi11cy9vbi1kZW1hbmQvc2Vzc2lvbi9ndGMyNS1zNzI3Mjgv&clientTag=html5:v7.264","m3u8"
"https://www.nvidia.com/en-us/on-demand/session/gtc25-s72755/","42:00:00","https://cdnapisec.kaltura.com/p/2935771/sp/293577100/playManifest/entryId/1_ypvhgo8c/protocol/https/format/applehttp/flavorIds/1_d3bn3zsb,1_2s09t59s,1_yopeids7,1_rh5e9508,1_2y8k2gbj/a.m3u8?uiConfId=50468382&playSessionId=2db5ec6b-c921-4ab3-e4db-e2a9fc9ec8df:9bbb9baa-d2df-1a2b-80f5-adc629297e35&referrer=aHR0cHM6Ly93d3cubnZpZGlhLmNvbS9lbi11cy9vbi1kZW1hbmQvc2Vzc2lvbi9ndGMyNS1zNzI3NTUv&clientTag=html5:v7.264","m3u8"
"https://www.nvidia.com/en-us/on-demand/session/gtc25-s72775/","37:01:00","https://cdnapisec.kaltura.com/p/2935771/sp/293577100/playManifest/entryId/1_j9ro6ogd/protocol/https/format/applehttp/flavorIds/1_eba2jmmd,1_ddak1kui,1_tp69h973,1_vntj5mhg,1_4m4nv55n,1_om8rjin9/a.m3u8?uiConfId=50468382&playSessionId=0540a0a8-3e98-cf94-2ee3-85045ba4fd8f:76a57a0c-69c2-e8dc-fff3-f2abc1dc393e&referrer=aHR0cHM6Ly93d3cubnZpZGlhLmNvbS9lbi11cy9vbi1kZW1hbmQvc2Vzc2lvbi9ndGMyNS1zNzI3NzUv&clientTag=html5:v7.264","m3u8"
"https://www.nvidia.com/en-us/on-demand/session/gtc25-s74505/","43:37:00","https://cdnapisec.kaltura.com/p/2935771/sp/293577100/playManifest/entryId/1_3bha3859/protocol/https/format/applehttp/flavorIds/1_nrulhace,1_571f3tfz/a.m3u8?uiConfId=50468382&playSessionId=7128d875-b8c9-c468-5e23-239cca1dbf5a:2f4d9442-8013-b780-9089-d9fa28ae6943&referrer=aHR0cHM6Ly93d3cubnZpZGlhLmNvbS9lbi11cy9vbi1kZW1hbmQvc2Vzc2lvbi9ndGMyNS1zNzQ1MDUv&clientTag=html5:v7.264","m3u8"
"https://www.nvidia.com/en-us/on-demand/session/gtc25-s72435/","56:18:00","https://cdnapisec.kaltura.com/p/2935771/sp/293577100/playManifest/entryId/1_wrzdwtxv/protocol/https/format/applehttp/flavorIds/1_lmaddco3,1_o400o0rb,1_bovb00se,1_yc4pfm24,1_1ao571od,1_xhbephe8/a.m3u8?uiConfId=50468382&playSessionId=53412b98-98c2-c767-6bc6-25749d21f26c:601b0148-4a27-9370-901d-d8ebef6a7fbb&referrer=aHR0cHM6Ly93d3cubnZpZGlhLmNvbS9lbi11cy9vbi1kZW1hbmQvc2Vzc2lvbi9ndGMyNS1zNzI0MzUv&clientTag=html5:v7.264","m3u8"
"https://www.nvidia.com/en-us/on-demand/session/gtc25-s72305/","41:14:00","https://cdnapisec.kaltura.com/p/2935771/sp/293577100/playManifest/entryId/1_y5guesrv/protocol/https/format/applehttp/flavorIds/1_vkep21ub,1_yvxy71fp,1_7jyz6mzb/a.m3u8?uiConfId=50468382&playSessionId=f2db1b5a-db22-4602-43e7-b84536245f76:e4e41544-fb06-e9a9-4285-da1dd968a6f1&referrer=aHR0cHM6Ly93d3cubnZpZGlhLmNvbS9lbi11cy9vbi1kZW1hbmQvc2Vzc2lvbi9ndGMyNS1zNzIzMDUv&clientTag=html5:v7.264","m3u8"
"https://www.nvidia.com/en-us/on-demand/session/gtc25-s72603/","36:33:00","https://cdnapisec.kaltura.com/p/2935771/sp/293577100/playManifest/entryId/1_l4b9zg79/protocol/https/format/applehttp/flavorIds/1_j01eqegi,1_d5j6o40w,1_l3ruytt4,1_82kx09l0,1_f3kx17e5/a.m3u8?uiConfId=50468382&playSessionId=45c63f5e-e03e-9090-dc77-5f1b0a56a3e7:26ba0bce-b55b-7551-f6d5-b2c801a3b79f&referrer=aHR0cHM6Ly93d3cubnZpZGlhLmNvbS9lbi11cy9vbi1kZW1hbmQvc2Vzc2lvbi9ndGMyNS1zNzI2MDMv&clientTag=html5:v7.264","m3u8"
"https://www.nvidia.com/en-us/on-demand/session/gtc25-s72675/","40:28:00","https://cdnapisec.kaltura.com/p/2935771/sp/293577100/playManifest/entryId/1_558l68w5/protocol/https/format/applehttp/flavorIds/1_c5tivq87,1_rnl99oy2,1_17u16cdf,1_6cpj9h99,1_bx9gmxpy/a.m3u8?uiConfId=50468382&playSessionId=a18dab0c-4e0c-de30-72db-ba85f7faabb7:e927141c-087c-08b0-84db-f768a9a89778&referrer=aHR0cHM6Ly93d3cubnZpZGlhLmNvbS9lbi11cy9vbi1kZW1hbmQvc2Vzc2lvbi9ndGMyNS1zNzI2NzUv&clientTag=html5:v7.264","m3u8"
"https://www.nvidia.com/en-us/on-demand/session/gtc25-dlit71431/","1:19:13","https://cdnapisec.kaltura.com/p/2935771/sp/293577100/playManifest/entryId/1_44eexlhh/protocol/https/format/applehttp/flavorIds/1_inf3nszp,1_vweymjj6,1_32v7xmjs,1_ci9w3jbk,1_jr318l0c,1_v5t517et/a.m3u8?uiConfId=50468382&playSessionId=4db153ac-a7c6-4d12-73d5-062b6e0b33e3:4ec8be48-c730-d5c1-cc2e-85a771952ce4&referrer=aHR0cHM6Ly93d3cubnZpZGlhLmNvbS9lbi11cy9vbi1kZW1hbmQvc2Vzc2lvbi9ndGMyNS1kbGl0NzE0MzEv&clientTag=html5:v7.264","m3u8"
"https://www.nvidia.com/en-us/on-demand/session/gtc25-dlit71866/","1:13:20","https://cdnapisec.kaltura.com/p/2935771/sp/293577100/playManifest/entryId/1_ubukvq3f/protocol/https/format/applehttp/flavorIds/1_dbql26v2,1_dd7pa5gl,1_qsy8ktly,1_7ghvfn2i,1_dpc18im7/a.m3u8?uiConfId=50468382&playSessionId=909653d1-5770-bc9e-ef7d-40a377aef703:b9c00b09-14f0-8bfd-609b-f37aad4814f5&referrer=aHR0cHM6Ly93d3cubnZpZGlhLmNvbS9lbi11cy9vbi1kZW1hbmQvc2Vzc2lvbi9ndGMyNS1kbGl0NzE4NjYv&clientTag=html5:v7.264","m3u8"
"https://www.nvidia.com/en-us/on-demand/session/gtc25-dlit72423/","1:01:18","https://cdnapisec.kaltura.com/p/2935771/sp/293577100/playManifest/entryId/1_ljowvave/protocol/https/format/applehttp/flavorIds/1_tnwvb43s,1_hxkw6bb0,1_k0doqpzr,1_k8x981ha/a.m3u8?uiConfId=50468382&playSessionId=bbfb8e63-974a-1e67-6d57-a4950816a68b:af73afc2-04af-f5db-1bc4-dd2ceb53b035&referrer=aHR0cHM6Ly93d3cubnZpZGlhLmNvbS9lbi11cy9vbi1kZW1hbmQvc2Vzc2lvbi9ndGMyNS1kbGl0NzI0MjMv&clientTag=html5:v7.264","m3u8"
"https://www.nvidia.com/en-us/on-demand/session/gtc25-dlit73337/","45:49:00","https://cdnapisec.kaltura.com/p/2935771/sp/293577100/playManifest/entryId/1_rpmjwlcr/protocol/https/format/applehttp/flavorIds/1_c956isqp,1_fq9usfwu,1_etezsv9l,1_p52i5n4z,1_lv3urt7v/a.m3u8?uiConfId=50468382&playSessionId=b38fed6f-f2ca-f851-c37b-e45a9d63378e:32e139d6-f925-e217-69d4-cc7882865567&referrer=aHR0cHM6Ly93d3cubnZpZGlhLmNvbS9lbi11cy9vbi1kZW1hbmQvc2Vzc2lvbi9ndGMyNS1kbGl0NzMzMzcv&clientTag=html5:v7.264","m3u8"
"https://www.nvidia.com/en-us/on-demand/session/gtc25-s72227/","39:32:00","https://cdnapisec.kaltura.com/p/2935771/sp/293577100/playManifest/entryId/1_oumud9av/protocol/https/format/applehttp/flavorIds/1_kdw4jx0p,1_89lp9o45,1_40xu9ezs,1_gfcmg5d8/a.m3u8?uiConfId=50468382&playSessionId=b113c1d7-5b36-78bf-e88f-1bd5412d7c14:fd14e24e-fc9f-4dad-747d-8956ea0b0d39&referrer=aHR0cHM6Ly93d3cubnZpZGlhLmNvbS9lbi11cy9vbi1kZW1hbmQvc2Vzc2lvbi9ndGMyNS1zNzIyMjcv&clientTag=html5:v7.264","m3u8"
"https://www.nvidia.com/en-us/on-demand/session/gtc25-s71685/","39:02:00","https://cdnapisec.kaltura.com/p/2935771/sp/293577100/playManifest/entryId/1_xnhpk446/protocol/https/format/applehttp/flavorIds/1_fnfe0lud,1_w3tu88ar,1_x8kjx9ea,1_fl1e4dq8/a.m3u8?uiConfId=50468382&playSessionId=946fa1a2-8055-575a-a176-4c8e4480a964:fcd28cd9-96d8-8bd5-6ae7-5d3b8b1dc7bb&referrer=aHR0cHM6Ly93d3cubnZpZGlhLmNvbS9lbi11cy9vbi1kZW1hbmQvc2Vzc2lvbi9ndGMyNS1zNzE2ODUv&clientTag=html5:v7.264","m3u8"
"https://www.nvidia.com/en-us/on-demand/session/gtc25-s73894/","25:21:00","https://cdnapisec.kaltura.com/p/2935771/sp/293577100/playManifest/entryId/1_qw9c6wnn/protocol/https/format/applehttp/flavorIds/1_ap4lugrq,1_1wn5hvb1,1_ziaqznwn,1_jrjfg5nw/a.m3u8?uiConfId=50468382&playSessionId=9ff6ca40-262b-01f3-c4ac-ca01bee45c7a:952c2088-d053-2e49-f709-dfcdf98995df&referrer=aHR0cHM6Ly93d3cubnZpZGlhLmNvbS9lbi11cy9vbi1kZW1hbmQvc2Vzc2lvbi9ndGMyNS1zNzM4OTQv&clientTag=html5:v7.264","m3u8"
"https://www.nvidia.com/en-us/on-demand/session/gtc25-s73917/","36:33:00","https://cdnapisec.kaltura.com/p/2935771/sp/293577100/playManifest/entryId/1_2ianntdt/protocol/https/format/applehttp/flavorIds/1_2b1blkmm,1_p5x7iews,1_dgdbq84l,1_cd5lfqgi/a.m3u8?uiConfId=50468382&playSessionId=4c85fdbf-d78d-b565-bc0e-b29d1f560974:d6a65122-5d31-72f8-59b5-40419c1e110c&referrer=aHR0cHM6Ly93d3cubnZpZGlhLmNvbS9lbi11cy9vbi1kZW1hbmQvc2Vzc2lvbi9ndGMyNS1zNzM5MTcv&clientTag=html5:v7.264","m3u8"
"https://www.nvidia.com/en-us/on-demand/session/gtc25-s72426/","31:32:00","https://cdnapisec.kaltura.com/p/2935771/sp/293577100/playManifest/entryId/1_7x9d7mj0/protocol/https/format/applehttp/flavorIds/1_hltkn1rp,1_77od0gwd,1_h4tl1ekd,1_4m3jta70/a.m3u8?uiConfId=50468382&playSessionId=c16ed5e5-b9b3-678c-cd2c-8acaab6c98a2:0c937584-97dc-2345-8657-f024b1261dca&referrer=aHR0cHM6Ly93d3cubnZpZGlhLmNvbS9lbi11cy9vbi1kZW1hbmQvc2Vzc2lvbi9ndGMyNS1zNzI0MjYv&clientTag=html5:v7.264","m3u8"
"https://www.nvidia.com/en-us/on-demand/session/gtc25-s73866/","38:55:00","https://cdnapisec.kaltura.com/p/2935771/sp/293577100/playManifest/entryId/1_q4t9lnwt/protocol/https/format/applehttp/flavorIds/1_fo4at9ro,1_mvnzcz6h,1_ra0fgd3q,1_40fhtwi3,1_zj1r8mgw/a.m3u8?uiConfId=50468382&playSessionId=dbcbba6c-c0bd-5c66-7e5c-c41f6a67d552:1df85400-3a32-1c03-097c-e403ca8d3c42&referrer=aHR0cHM6Ly93d3cubnZpZGlhLmNvbS9lbi11cy9vbi1kZW1hbmQvc2Vzc2lvbi9ndGMyNS1zNzM4NjYv&clientTag=html5:v7.264","m3u8"
"https://www.nvidia.com/en-us/on-demand/session/gtc25-s73895/","28:34:00","https://cdnapisec.kaltura.com/p/2935771/sp/293577100/playManifest/entryId/1_705oqiqh/protocol/https/format/applehttp/flavorIds/1_ah1hfwif,1_nkpbi087,1_4goabncm,1_glb5brq0,1_2sbe5w2q/a.m3u8?uiConfId=50468382&playSessionId=665a2d5a-e3f2-9432-28d6-8850315f2fd3:66a95b22-f2e1-2dec-f94c-259e97ebc1ef&referrer=aHR0cHM6Ly93d3cubnZpZGlhLmNvbS9lbi11cy9vbi1kZW1hbmQvc2Vzc2lvbi9ndGMyNS1zNzM4OTUv&clientTag=html5:v7.264","m3u8"
"https://www.nvidia.com/en-us/on-demand/session/gtc25-s73913/","39:51:00","https://cdnapisec.kaltura.com/p/2935771/sp/293577100/playManifest/entryId/1_4yvimu17/protocol/https/format/applehttp/flavorIds/1_9l6qkrnw,1_znitkzau,1_mswvm7u0,1_02n0hla2,1_ji5qk7hz/a.m3u8?uiConfId=50468382&playSessionId=bc91c0f6-adba-2970-a5db-32e64f7d498b:9c94a2e0-6e18-920c-46c5-308eee167fd9&referrer=aHR0cHM6Ly93d3cubnZpZGlhLmNvbS9lbi11cy9vbi1kZW1hbmQvc2Vzc2lvbi9ndGMyNS1zNzM5MTMv&clientTag=html5:v7.264","m3u8"
"https://www.nvidia.com/en-us/on-demand/session/gtc25-s73867/","38:28:00","https://cdnapisec.kaltura.com/p/2935771/sp/293577100/playManifest/entryId/1_zg0b78l5/protocol/https/format/applehttp/flavorIds/1_o338b76q,1_m1dsubua,1_kddbc8i6,1_ztmvzsmw,1_fjexdktr/a.m3u8?uiConfId=50468382&playSessionId=1b72d44b-76ae-d103-0000-c398c936a8d7:d568d1fa-7d61-3d65-6ec6-e3286173b05a&referrer=aHR0cHM6Ly93d3cubnZpZGlhLmNvbS9lbi11cy9vbi1kZW1hbmQvc2Vzc2lvbi9ndGMyNS1zNzM4Njcv&clientTag=html5:v7.264","m3u8"
"https://www.nvidia.com/en-us/on-demand/session/gtc25-s73868/","41:49:00","https://cdnapisec.kaltura.com/p/2935771/sp/293577100/playManifest/entryId/1_iomhqcfz/protocol/https/format/applehttp/flavorIds/1_2iiuhjxa,1_4reqjjyo,1_6wrpbpiq,1_3nttmpqg,1_z0156ta6/a.m3u8?uiConfId=50468382&playSessionId=289d1348-bfbc-3836-70ad-579cdbb8986b:1c8b8c88-a62c-0c37-f732-d1a111a4728f&referrer=aHR0cHM6Ly93d3cubnZpZGlhLmNvbS9lbi11cy9vbi1kZW1hbmQvc2Vzc2lvbi9ndGMyNS1zNzM4Njgv&clientTag=html5:v7.264","m3u8"
"https://www.nvidia.com/en-us/on-demand/session/gtc25-s73890/","32:40:00","https://cdnapisec.kaltura.com/p/2935771/sp/293577100/playManifest/entryId/1_mz3jm3uz/protocol/https/format/applehttp/flavorIds/1_v1pmq7vg,1_w29ow1b0,1_2nmw3zap,1_hs6uo55p,1_mhl9mwhi/a.m3u8?uiConfId=50468382&playSessionId=6b7666e7-4889-1d4b-2880-fffbcf8a4e2a:5875543d-8d51-a296-99b9-3e3e390cf0d1&referrer=aHR0cHM6Ly93d3cubnZpZGlhLmNvbS9lbi11cy9vbi1kZW1hbmQvc2Vzc2lvbi9ndGMyNS1zNzM4OTAv&clientTag=html5:v7.264","m3u8"
"https://www.nvidia.com/en-us/on-demand/session/gtc25-s73843/","30:59:00","https://cdnapisec.kaltura.com/p/2935771/sp/293577100/playManifest/entryId/1_f2t8a15g/protocol/https/format/applehttp/flavorIds/1_44fnn42z,1_e2lwloz7,1_gq9chs84,1_nu5512s2/a.m3u8?uiConfId=50468382&playSessionId=dc823def-ea21-9880-84cd-3683150d2948:b23f78bb-6701-654e-330d-aca2da09971c&referrer=aHR0cHM6Ly93d3cubnZpZGlhLmNvbS9lbi11cy9vbi1kZW1hbmQvc2Vzc2lvbi9ndGMyNS1zNzM4NDMv&clientTag=html5:v7.264","m3u8"
"https://www.nvidia.com/en-us/on-demand/session/gtc25-s73870/","30:47:00","https://cdnapisec.kaltura.com/p/2935771/sp/293577100/playManifest/entryId/1_ao24mz61/protocol/https/format/applehttp/flavorIds/1_y6rvgigm,1_ics3p6bh,1_thvo6b1g,1_ef44ibrq,1_5cvtd1um/a.m3u8?uiConfId=50468382&playSessionId=15f74d5a-8dd7-5a5b-3321-0aeecd94744f:11a73574-a3ac-0a0b-e100-509b42db2346&referrer=aHR0cHM6Ly93d3cubnZpZGlhLmNvbS9lbi11cy9vbi1kZW1hbmQvc2Vzc2lvbi9ndGMyNS1zNzM4NzAv&clientTag=html5:v7.264","m3u8"
"https://www.nvidia.com/en-us/on-demand/session/gtc25-s73892/","37:36:00","https://cdnapisec.kaltura.com/p/2935771/sp/293577100/playManifest/entryId/1_4nasj7at/protocol/https/format/applehttp/flavorIds/1_9uhti233,1_7sedqzdy,1_npi5n0sg,1_e6r595v5/a.m3u8?uiConfId=50468382&playSessionId=26879b4f-e354-8811-7d99-c0b467501724:6256c7ae-3119-ae8c-99c2-f9a98c858abb&referrer=aHR0cHM6Ly93d3cubnZpZGlhLmNvbS9lbi11cy9vbi1kZW1hbmQvc2Vzc2lvbi9ndGMyNS1zNzM4OTIv&clientTag=html5:v7.264","m3u8"
"https://www.nvidia.com/en-us/on-demand/session/gtc25-s73886/","40:00:00","https://cdnapisec.kaltura.com/p/2935771/sp/293577100/playManifest/entryId/1_64gqn83y/protocol/https/format/applehttp/flavorIds/1_on528bqw,1_kkqeps0o,1_2j76xtv8,1_vptmzvj3,1_xvrhh10k/a.m3u8?uiConfId=50468382&playSessionId=35690fe5-3e5a-9295-60ee-6b8a7f5569f5:818eda96-8877-8aba-440d-f31390c8ded2&referrer=aHR0cHM6Ly93d3cubnZpZGlhLmNvbS9lbi11cy9vbi1kZW1hbmQvc2Vzc2lvbi9ndGMyNS1zNzM4ODYv&clientTag=html5:v7.264","m3u8"
"https://www.nvidia.com/en-us/on-demand/session/gtc25-s73893/","33:16:00","https://cdnapisec.kaltura.com/p/2935771/sp/293577100/playManifest/entryId/1_p4kjf95f/protocol/https/format/applehttp/flavorIds/1_94zjvpok,1_zifv8hgj,1_467t8ud7,1_9ig21f8m,1_2u8enscj/a.m3u8?uiConfId=50468382&playSessionId=7d4f762f-6ddb-2a7b-698f-0366437821c1:d5dfbb0f-eed8-f825-308a-585398631d12&referrer=aHR0cHM6Ly93d3cubnZpZGlhLmNvbS9lbi11cy9vbi1kZW1hbmQvc2Vzc2lvbi9ndGMyNS1zNzM4OTMv&clientTag=html5:v7.264","m3u8"
"https://www.nvidia.com/en-us/on-demand/session/gtc25-s71554/","34:23:00","https://cdnapisec.kaltura.com/p/2935771/sp/293577100/playManifest/entryId/1_1jyr98pv/protocol/https/format/applehttp/flavorIds/1_hu8mzecp,1_xkn5k17o,1_8t78fqqv,1_725mz134/a.m3u8?uiConfId=50468382&playSessionId=73460fc4-d04e-5462-06be-79ce90bd36e8:c14b1807-9685-c4c1-7d86-ac025ceb507c&referrer=aHR0cHM6Ly93d3cubnZpZGlhLmNvbS9lbi11cy9vbi1kZW1hbmQvc2Vzc2lvbi9ndGMyNS1zNzE1NTQv&clientTag=html5:v7.264","m3u8"
"https://www.nvidia.com/en-us/on-demand/session/gtc25-s73883/","37:31:00","https://cdnapisec.kaltura.com/p/2935771/sp/293577100/playManifest/entryId/1_lqntcg2h/protocol/https/format/applehttp/flavorIds/1_yi6qi2j0,1_m0jdebln,1_xzecv6ve,1_c8bzbz83,1_f4ii39q5,1_4onplm73/a.m3u8?uiConfId=50468382&playSessionId=98f70b86-12a8-c1b5-ff73-29deefa0d193:7399d09d-b2a5-7fb8-5827-3d3a7285a3e6&referrer=aHR0cHM6Ly93d3cubnZpZGlhLmNvbS9lbi11cy9vbi1kZW1hbmQvc2Vzc2lvbi9ndGMyNS1zNzM4ODMv&clientTag=html5:v7.264","m3u8"
"https://www.nvidia.com/en-us/on-demand/session/gtc25-s73911/","36:27:00","https://cdnapisec.kaltura.com/p/2935771/sp/293577100/playManifest/entryId/1_jc6t0m6v/protocol/https/format/applehttp/flavorIds/1_vuaozaq5,1_btdx5bul,1_144gc1o7,1_mqry0x7x,1_e1jovfo1/a.m3u8?uiConfId=50468382&playSessionId=30557ae7-71b6-d080-50f8-a7c2ab9ea76d:a94ef0aa-c5c1-133f-b7e1-49714bb9f304&referrer=aHR0cHM6Ly93d3cubnZpZGlhLmNvbS9lbi11cy9vbi1kZW1hbmQvc2Vzc2lvbi9ndGMyNS1zNzM5MTEv&clientTag=html5:v7.264","m3u8"
"https://www.nvidia.com/en-us/on-demand/session/gtc25-s71773/","25:10:00","https://cdnapisec.kaltura.com/p/2935771/sp/293577100/playManifest/entryId/1_oqj74h70/protocol/https/format/applehttp/flavorIds/1_iw0aenms,1_y0huxqh6,1_ab2n1kg2,1_w59vw946,1_wntre96a/a.m3u8?uiConfId=50468382&playSessionId=d966d599-87cc-a9c2-fa4f-45c2345e9c66:38078675-bec1-8453-88a5-bf699a99d96a&referrer=aHR0cHM6Ly93d3cubnZpZGlhLmNvbS9lbi11cy9vbi1kZW1hbmQvc2Vzc2lvbi9ndGMyNS1zNzE3NzMv&clientTag=html5:v7.264","m3u8"
"https://www.nvidia.com/en-us/on-demand/session/gtc25-exs74642/","18:43","https://cdnapisec.kaltura.com/p/2935771/sp/293577100/playManifest/entryId/1_7zqwbw5a/protocol/https/format/applehttp/flavorIds/1_c40hlzxw,1_j6jo9mgq,1_02lhxluc,1_enp2tojo,1_lpcway77/a.m3u8?uiConfId=50468382&playSessionId=0c37b9aa-9c04-447e-0092-e782077be5cb:75997404-063d-bdb1-09df-74b0f7d1c33a&referrer=aHR0cHM6Ly93d3cubnZpZGlhLmNvbS9lbi11cy9vbi1kZW1hbmQvc2Vzc2lvbi9ndGMyNS1leHM3NDY0Mi8=&clientTag=html5:v7.264","m3u8"
"https://www.nvidia.com/en-us/on-demand/session/gtc25-exs74477/","19:50","https://cdnapisec.kaltura.com/p/2935771/sp/293577100/playManifest/entryId/1_gsles0ir/protocol/https/format/applehttp/flavorIds/1_5l4queob,1_ei2dol2q,1_qvj6aln9,1_ov9omck5,1_nnk9grpf,1_694jv5o0/a.m3u8?uiConfId=50468382&playSessionId=20ed8829-3d86-8ad9-fba2-21de0c7bd7b6:af668d2d-748c-2faa-479a-d4c074bb1726&referrer=aHR0cHM6Ly93d3cubnZpZGlhLmNvbS9lbi11cy9vbi1kZW1hbmQvc2Vzc2lvbi9ndGMyNS1leHM3NDQ3Ny8=&clientTag=html5:v7.264","m3u8"
"https://www.nvidia.com/en-us/on-demand/session/gtc25-exs74613/","15:29","https://cdnapisec.kaltura.com/p/2935771/sp/293577100/playManifest/entryId/1_wh4mlko7/protocol/https/format/applehttp/flavorIds/1_xypnggx1,1_niyrlp96,1_mfg8gj3a,1_66nx4ij0,1_w7w1osah/a.m3u8?uiConfId=50468382&playSessionId=9f51f36d-4ff8-462a-31f9-d4a3fccc2dd0:fd5097f1-1847-2a89-1d27-5334748d5006&referrer=aHR0cHM6Ly93d3cubnZpZGlhLmNvbS9lbi11cy9vbi1kZW1hbmQvc2Vzc2lvbi9ndGMyNS1leHM3NDYxMy8=&clientTag=html5:v7.264","m3u8"
"https://www.nvidia.com/en-us/on-demand/session/gtc25-exs74620/","15:30","https://cdnapisec.kaltura.com/p/2935771/sp/293577100/playManifest/entryId/1_jcvsugum/protocol/https/format/applehttp/flavorIds/1_p8ete0se,1_m2viptcv,1_7509q4zv,1_0tbjdk0x,1_e420fre8,1_othrgxca/a.m3u8?uiConfId=50468382&playSessionId=5b97bd15-debc-c650-b705-22ad9c31019f:b5cdbe60-0e6b-a293-d011-2c10f9b4d473&referrer=aHR0cHM6Ly93d3cubnZpZGlhLmNvbS9lbi11cy9vbi1kZW1hbmQvc2Vzc2lvbi9ndGMyNS1leHM3NDYyMC8=&clientTag=html5:v7.264","m3u8"
"https://www.nvidia.com/en-us/on-demand/session/gtc25-exs74623/","7:34","https://cdnapisec.kaltura.com/p/2935771/sp/293577100/playManifest/entryId/1_1ton9t2a/protocol/https/format/applehttp/flavorIds/1_ccavkp50,1_d36puukr,1_ohdqvn6p,1_w0tp0pv9,1_ec5bcpha,1_s8bnbu91/a.m3u8?uiConfId=50468382&playSessionId=5a6bc8bf-462b-e9af-d224-163b0268f885:959f0290-5607-f22d-38e5-499a354eb11c&referrer=aHR0cHM6Ly93d3cubnZpZGlhLmNvbS9lbi11cy9vbi1kZW1hbmQvc2Vzc2lvbi9ndGMyNS1leHM3NDYyMy8=&clientTag=html5:v7.264","m3u8"
"https://www.nvidia.com/en-us/on-demand/session/gtc25-exs74339/","15:11","https://cdnapisec.kaltura.com/p/2935771/sp/293577100/playManifest/entryId/1_ngyd73uh/protocol/https/format/applehttp/flavorIds/1_5o0m9ydf,1_sg21f4l1,1_n5xpy1jw,1_9negekv7,1_vjfac7d4,1_u3u12gue/a.m3u8?uiConfId=50468382&playSessionId=74a87a60-e987-ac66-3224-b3d3db525d83:754601dc-9ddf-ff4d-e1c6-40e5fbbdd45b&referrer=aHR0cHM6Ly93d3cubnZpZGlhLmNvbS9lbi11cy9vbi1kZW1hbmQvc2Vzc2lvbi9ndGMyNS1leHM3NDMzOS8=&clientTag=html5:v7.264","m3u8"
"https://www.nvidia.com/en-us/on-demand/session/gtc25-exs74428/","15:16","https://cdnapisec.kaltura.com/p/2935771/sp/293577100/playManifest/entryId/1_bhwkpn7c/protocol/https/format/applehttp/flavorIds/1_uhljld4z,1_d8ipsd3e,1_0ny6epwv,1_4u00fe54,1_a980xbce,1_w6kkz7h0/a.m3u8?uiConfId=50468382&playSessionId=01596e6b-9f02-cb02-cafb-5703470f4b30:eb00fef2-9473-1804-5f46-5df61ef90065&referrer=aHR0cHM6Ly93d3cubnZpZGlhLmNvbS9lbi11cy9vbi1kZW1hbmQvc2Vzc2lvbi9ndGMyNS1leHM3NDQyOC8=&clientTag=html5:v7.264","m3u8"
"https://www.nvidia.com/en-us/on-demand/session/gtc25-s74680/","38:07:00","https://cdnapisec.kaltura.com/p/2935771/sp/293577100/playManifest/entryId/1_eiw0m144/protocol/https/format/applehttp/flavorIds/1_yosinkq6,1_td2oso4c,1_ybvyhxiz,1_etl2w865/a.m3u8?uiConfId=50468382&playSessionId=c34ac27f-bce7-578d-11d6-2fd0830c9108:b3f44947-9dc6-ddc5-5c0d-e627d2452406&referrer=aHR0cHM6Ly93d3cubnZpZGlhLmNvbS9lbi11cy9vbi1kZW1hbmQvc2Vzc2lvbi9ndGMyNS1zNzQ2ODAv&clientTag=html5:v7.264","m3u8"
"https://www.nvidia.com/en-us/on-demand/session/gtc25-s72990/","43:05:00","https://cdnapisec.kaltura.com/p/2935771/sp/293577100/playManifest/entryId/1_9lsf51ry/protocol/https/format/applehttp/flavorIds/1_i6hk6hms,1_i9sjjgge,1_uf1cper9/a.m3u8?uiConfId=50468382&playSessionId=113229aa-c515-bb73-a5c4-ed760202dffc:bfd508ef-f730-67f6-ef5a-849aff1d87d6&referrer=aHR0cHM6Ly93d3cubnZpZGlhLmNvbS9lbi11cy9vbi1kZW1hbmQvc2Vzc2lvbi9ndGMyNS1zNzI5OTAv&clientTag=html5:v7.264","m3u8"
"https://www.nvidia.com/en-us/on-demand/session/gtc25-s72993/","35:14:00","https://cdnapisec.kaltura.com/p/2935771/sp/293577100/playManifest/entryId/1_tp9x3b82/protocol/https/format/applehttp/flavorIds/1_hilb11vd,1_jt0tcblt/a.m3u8?uiConfId=50468382&playSessionId=6f276ad4-0c9a-d367-c7e0-17265d9e376d:de9f8350-c803-4251-924e-ff74388a61cf&referrer=aHR0cHM6Ly93d3cubnZpZGlhLmNvbS9lbi11cy9vbi1kZW1hbmQvc2Vzc2lvbi9ndGMyNS1zNzI5OTMv&clientTag=html5:v7.264","m3u8"
"https://www.nvidia.com/en-us/on-demand/session/gtc25-s72925/","40:16:00","https://cdnapisec.kaltura.com/p/2935771/sp/293577100/playManifest/entryId/1_lxxhoe4v/protocol/https/format/applehttp/flavorIds/1_prh6genp,1_24g8exzq,1_q7vqqoju,1_nv10n2i7,1_3sogw1ld/a.m3u8?uiConfId=50468382&playSessionId=c2b3ea14-a50a-ad0f-da1f-0c9d65806e1a:72ba3410-4e3d-bb2d-5c25-af7c10e234c7&referrer=aHR0cHM6Ly93d3cubnZpZGlhLmNvbS9lbi11cy9vbi1kZW1hbmQvc2Vzc2lvbi9ndGMyNS1zNzI5MjUv&clientTag=html5:v7.264","m3u8"
"https://www.nvidia.com/en-us/on-demand/session/gtc25-s73168/","39:52:00","https://cdnapisec.kaltura.com/p/2935771/sp/293577100/playManifest/entryId/1_ksk0avxy/protocol/https/format/applehttp/flavorIds/1_vewbkaag,1_e4v8g5z8,1_7aecirq1/a.m3u8?uiConfId=50468382&playSessionId=97e4e5d8-3f06-c7f7-0db4-2658c3a82435:6552f383-1945-31e7-0b0f-2cbd221d5b2f&referrer=aHR0cHM6Ly93d3cubnZpZGlhLmNvbS9lbi11cy9vbi1kZW1hbmQvc2Vzc2lvbi9ndGMyNS1zNzMxNjgv&clientTag=html5:v7.264","m3u8"
"https://www.nvidia.com/en-us/on-demand/session/gtc25-s74035/","38:28:00","https://cdnapisec.kaltura.com/p/2935771/sp/293577100/playManifest/entryId/1_xji2brya/protocol/https/format/applehttp/flavorIds/1_ftopul2j,1_p93x22vn,1_c8diszko,1_kxz8i8ln,1_wqkhb68v/a.m3u8?uiConfId=50468382&playSessionId=37c1f8bb-bb85-6157-b4a4-48d372a31b55:58cc2f0e-5ca5-cfca-c699-3d1be243648a&referrer=aHR0cHM6Ly93d3cubnZpZGlhLmNvbS9lbi11cy9vbi1kZW1hbmQvc2Vzc2lvbi9ndGMyNS1zNzQwMzUv&clientTag=html5:v7.264","m3u8"
"https://www.nvidia.com/en-us/on-demand/session/gtc25-s74338/","36:44:00","https://cdnapisec.kaltura.com/p/2935771/sp/293577100/playManifest/entryId/1_8xf73kt4/protocol/https/format/applehttp/flavorIds/1_5lkds9jv,1_qrhf8dk3,1_s1cvu5u4,1_9hiekljl,1_bb1kvzdq/a.m3u8?uiConfId=50468382&playSessionId=cff78a1e-546a-621b-8b2d-70bfd1745e47:3ec77dde-ee38-aeee-6b8e-1df4d7c7e8f3&referrer=aHR0cHM6Ly93d3cubnZpZGlhLmNvbS9lbi11cy9vbi1kZW1hbmQvc2Vzc2lvbi9ndGMyNS1zNzQzMzgv&clientTag=html5:v7.264","m3u8"
"https://www.nvidia.com/en-us/on-demand/session/gtc25-s74621/","39:30:00","https://cdnapisec.kaltura.com/p/2935771/sp/293577100/playManifest/entryId/1_2fipy3w7/protocol/https/format/applehttp/flavorIds/1_sb62a9jk,1_1g9fg4yy,1_ej7fr4pz,1_52nudaky,1_at0q04w3/a.m3u8?uiConfId=50468382&playSessionId=7d0c4c1b-3ec0-ba34-cfec-b312427bf29a:6f99b491-f7e7-7018-0042-ec08e063bfff&referrer=aHR0cHM6Ly93d3cubnZpZGlhLmNvbS9lbi11cy9vbi1kZW1hbmQvc2Vzc2lvbi9ndGMyNS1zNzQ2MjEv&clientTag=html5:v7.264","m3u8"
"https://www.nvidia.com/en-us/on-demand/session/gtc25-s74507/","59:09:00","https://cdnapisec.kaltura.com/p/2935771/sp/293577100/playManifest/entryId/1_dgtdaybf/protocol/https/format/applehttp/flavorIds/1_efft5ng1,1_mo12ndwb,1_svvpdw3p,1_ki3xz67i,1_uxd8l6ps,1_bch5f4xx/a.m3u8?uiConfId=50468382&playSessionId=1ff7538f-c03d-76e7-66f3-a13f9b1739e7:ce173226-e176-5284-f12d-10b0068f4276&referrer=aHR0cHM6Ly93d3cubnZpZGlhLmNvbS9lbi11cy9vbi1kZW1hbmQvc2Vzc2lvbi9ndGMyNS1zNzQ1MDcv&clientTag=html5:v7.264","m3u8"
"https://www.nvidia.com/en-us/on-demand/session/gtc25-s74529/","51:35:00","https://cdnapisec.kaltura.com/p/2935771/sp/293577100/playManifest/entryId/1_880zp2lu/protocol/https/format/applehttp/flavorIds/1_cle9442u,1_iny54dii,1_nuofnmub,1_27t4xank,1_5d7jinxb/a.m3u8?uiConfId=50468382&playSessionId=b56d1329-f01d-c30c-58d8-9f3c865ca6f6:9fd23005-6a86-a022-1f11-0fb28f1f4f80&referrer=aHR0cHM6Ly93d3cubnZpZGlhLmNvbS9lbi11cy9vbi1kZW1hbmQvc2Vzc2lvbi9ndGMyNS1zNzQ1Mjkv&clientTag=html5:v7.264","m3u8"
"https://www.nvidia.com/en-us/on-demand/session/gtc25-se75028/","53:31:00","https://cdnapisec.kaltura.com/p/2935771/sp/293577100/playManifest/entryId/1_fb8eqjyg/protocol/https/format/applehttp/flavorIds/1_w8t0jve6,1_zgpt346c,1_9aptyfvc,1_u5lohwxt,1_awghneiz/a.m3u8?uiConfId=50468382&playSessionId=23025604-c4aa-6cd9-259a-2b4d70f65d67:6be01ec9-8359-a88c-ef95-ddca3be5c171&referrer=aHR0cHM6Ly93d3cubnZpZGlhLmNvbS9lbi11cy9vbi1kZW1hbmQvc2Vzc2lvbi9ndGMyNS1zZTc1MDI4Lw==&clientTag=html5:v7.264","m3u8"
"https://www.nvidia.com/en-us/on-demand/session/gtc25-exs74263/","16:07","https://cdnapisec.kaltura.com/p/2935771/sp/293577100/playManifest/entryId/1_64rl7gay/protocol/https/format/applehttp/flavorIds/1_75r1bxkg,1_i1og60yj,1_4vm9knyv,1_o7bsruss,1_tudt77ku,1_2xyx6ee7/a.m3u8?uiConfId=50468382&playSessionId=7d98a7a4-99a3-da42-3c51-8dfaf3ca48b3:71f78b41-0cf3-e66f-a050-e45ed223d3e8&referrer=aHR0cHM6Ly93d3cubnZpZGlhLmNvbS9lbi11cy9vbi1kZW1hbmQvc2Vzc2lvbi9ndGMyNS1leHM3NDI2My8=&clientTag=html5:v7.264","m3u8"
"https://www.nvidia.com/en-us/on-demand/session/gtc25-s72457/","38:31:00","https://cdnapisec.kaltura.com/p/2935771/sp/293577100/playManifest/entryId/1_4e0zqtg3/protocol/https/format/applehttp/flavorIds/1_hj9dm36n,1_aeveqss7,1_at2lbgz0,1_drtv6tkq,1_dc2ct6p7/a.m3u8?uiConfId=50468382&playSessionId=f08f79b5-3af8-c9ac-6c1d-266d57e9a844:4a217915-fd32-9719-5aaa-c7fa569ba9cf&referrer=aHR0cHM6Ly93d3cubnZpZGlhLmNvbS9lbi11cy9vbi1kZW1hbmQvc2Vzc2lvbi9ndGMyNS1zNzI0NTcv&clientTag=html5:v7.264","m3u8"
"https://www.nvidia.com/en-us/on-demand/session/gtc25-s72520/","1:02:13","https://cdnapisec.kaltura.com/p/2935771/sp/293577100/playManifest/entryId/1_veqrutga/protocol/https/format/applehttp/flavorIds/1_xw35wfyc,1_tk7lqv5u,1_1cb6nrln,1_0s9uez0z,1_7nhr7oae,1_n70dfnxr/a.m3u8?uiConfId=50468382&playSessionId=49564c40-bd95-d6a1-d0bb-eff7014fcbcb:dff94507-b3f7-3e4a-b9fe-5e19d83a2b3e&referrer=aHR0cHM6Ly93d3cubnZpZGlhLmNvbS9lbi11cy9vbi1kZW1hbmQvc2Vzc2lvbi9ndGMyNS1zNzI1MjAv&clientTag=html5:v7.264","m3u8"
"https://www.nvidia.com/en-us/on-demand/session/gtc25-s72260/","38:44:00","https://cdnapisec.kaltura.com/p/2935771/sp/293577100/playManifest/entryId/1_jjre2iky/protocol/https/format/applehttp/flavorIds/1_wc93jzss,1_d0pxzkw9,1_5uca0c3z,1_o3n9wotf,1_n29dtjfg/a.m3u8?uiConfId=50468382&playSessionId=8d71aeea-7212-1258-f226-ac4eb3df7bb7:03c1ccb1-4faa-9162-15d7-50983facd5e6&referrer=aHR0cHM6Ly93d3cubnZpZGlhLmNvbS9lbi11cy9vbi1kZW1hbmQvc2Vzc2lvbi9ndGMyNS1zNzIyNjAv&clientTag=html5:v7.264","m3u8"
"https://www.nvidia.com/en-us/on-demand/session/gtc25-s72290/","40:36:00","https://cdnapisec.kaltura.com/p/2935771/sp/293577100/playManifest/entryId/1_rxizss3q/protocol/https/format/applehttp/flavorIds/1_ae1abke1,1_8x2r91w1,1_yrqeas72,1_honew7n6/a.m3u8?uiConfId=50468382&playSessionId=155f1e50-5483-5d1c-bd8a-1f749aa898b2:459f2ce5-9476-eb36-133f-ba263fa392d5&referrer=aHR0cHM6Ly93d3cubnZpZGlhLmNvbS9lbi11cy9vbi1kZW1hbmQvc2Vzc2lvbi9ndGMyNS1zNzIyOTAv&clientTag=html5:v7.264","m3u8"
"https://www.nvidia.com/en-us/on-demand/session/gtc25-s71514/","35:37:00","https://cdnapisec.kaltura.com/p/2935771/sp/293577100/playManifest/entryId/1_l6592z1l/protocol/https/format/applehttp/flavorIds/1_dgwav8xd,1_p1sx01fi/a.m3u8?uiConfId=50468382&playSessionId=4d2ad9d5-4aa6-bfb3-81c1-3ea9e1aae303:e9d91c01-0229-e033-dbca-19af70526911&referrer=aHR0cHM6Ly93d3cubnZpZGlhLmNvbS9lbi11cy9vbi1kZW1hbmQvc2Vzc2lvbi9ndGMyNS1zNzE1MTQv&clientTag=html5:v7.264","m3u8"
"https://www.nvidia.com/en-us/on-demand/session/gtc25-s71521/","41:04:00","https://cdnapisec.kaltura.com/p/2935771/sp/293577100/playManifest/entryId/1_kymkhd25/protocol/https/format/applehttp/flavorIds/1_3vhzu9d8,1_z3pnd7tq,1_9xojiww6,1_04cpnvzw/a.m3u8?uiConfId=50468382&playSessionId=6879f09f-9c30-cd64-ca63-5ed84851b835:f6c4bebf-50b8-ca47-cf01-84c4b0156ab1&referrer=aHR0cHM6Ly93d3cubnZpZGlhLmNvbS9lbi11cy9vbi1kZW1hbmQvc2Vzc2lvbi9ndGMyNS1zNzE1MjEv&clientTag=html5:v7.264","m3u8"
"https://www.nvidia.com/en-us/on-demand/session/gtc25-s71575/","31:24:00","https://cdnapisec.kaltura.com/p/2935771/sp/293577100/playManifest/entryId/1_mki21bix/protocol/https/format/applehttp/flavorIds/1_odobq9x5,1_dqqvar39,1_st8p50ft,1_eec9k3tv,1_nyt3lii4/a.m3u8?uiConfId=50468382&playSessionId=d902c8aa-6f23-32ab-08aa-6c47d31104ed:9e2eb7d5-13fe-1d84-994e-f31547a070bf&referrer=aHR0cHM6Ly93d3cubnZpZGlhLmNvbS9lbi11cy9vbi1kZW1hbmQvc2Vzc2lvbi9ndGMyNS1zNzE1NzUv&clientTag=html5:v7.264","m3u8"
"https://www.nvidia.com/en-us/on-demand/session/gtc25-s72589/","39:02:00","https://cdnapisec.kaltura.com/p/2935771/sp/293577100/playManifest/entryId/1_c6bru31h/protocol/https/format/applehttp/flavorIds/1_tokbyyry,1_9htjxtw5,1_bvs2k6wt,1_p5kfeo5d,1_5hx36opx,1_k5d4e0jg/a.m3u8?uiConfId=50468382&playSessionId=eae171c2-3635-541b-c38c-b2399bff60cb:ff97a3c0-9d77-38d0-18a1-26b226c54198&referrer=aHR0cHM6Ly93d3cubnZpZGlhLmNvbS9lbi11cy9vbi1kZW1hbmQvc2Vzc2lvbi9ndGMyNS1zNzI1ODkv&clientTag=html5:v7.264","m3u8"
"https://www.nvidia.com/en-us/on-demand/session/gtc25-s72742/","44:20:00","https://cdnapisec.kaltura.com/p/2935771/sp/293577100/playManifest/entryId/1_ijy0qegw/protocol/https/format/applehttp/flavorIds/1_uy5go4z4,1_uu985lj3,1_duuonatf,1_svuj9lvf,1_j0pz51yr,1_d6fbsqui/a.m3u8?uiConfId=50468382&playSessionId=97bf0b87-f753-9bb2-6140-27f8fdb1f7e9:2abc492a-ff6f-8a42-00f3-187a2303b446&referrer=aHR0cHM6Ly93d3cubnZpZGlhLmNvbS9lbi11cy9vbi1kZW1hbmQvc2Vzc2lvbi9ndGMyNS1zNzI3NDIv&clientTag=html5:v7.264","m3u8"
"https://www.nvidia.com/en-us/on-demand/session/gtc25-s73347/","39:46:00","https://cdnapisec.kaltura.com/p/2935771/sp/293577100/playManifest/entryId/1_ejrta9jk/protocol/https/format/applehttp/flavorIds/1_4ql5mamn,1_undgualo,1_nw350zu7,1_p1dy99c8,1_ufqnyg87/a.m3u8?uiConfId=50468382&playSessionId=04d47d78-41bc-24d6-387e-a44b2062d43d:0977dca2-84b0-a6ab-ed48-8a27bad3bd55&referrer=aHR0cHM6Ly93d3cubnZpZGlhLmNvbS9lbi11cy9vbi1kZW1hbmQvc2Vzc2lvbi9ndGMyNS1zNzMzNDcv&clientTag=html5:v7.264","m3u8"
"https://www.nvidia.com/en-us/on-demand/session/gtc25-exs74602/","14:49","https://cdnapisec.kaltura.com/p/2935771/sp/293577100/playManifest/entryId/1_07nf0yei/protocol/https/format/applehttp/flavorIds/1_gfu27nj8,1_why7skm0,1_dln66ssr,1_v4wpj697,1_qcdm35e8/a.m3u8?uiConfId=50468382&playSessionId=a615815b-5e73-4ee5-0a76-166dde671ba8:df823187-843a-a36c-44d7-5ff49b7be616&referrer=aHR0cHM6Ly93d3cubnZpZGlhLmNvbS9lbi11cy9vbi1kZW1hbmQvc2Vzc2lvbi9ndGMyNS1leHM3NDYwMi8=&clientTag=html5:v7.264","m3u8"
"https://www.nvidia.com/en-us/on-demand/session/gtc25-exs74347/","14:20","https://cdnapisec.kaltura.com/p/2935771/sp/293577100/playManifest/entryId/1_9s6t1q2y/protocol/https/format/applehttp/flavorIds/1_lvekqhst,1_42mxp7wv,1_6v7msqqo,1_u0bp0h4y,1_kux1wvc3,1_hf0veno6/a.m3u8?uiConfId=50468382&playSessionId=07e9307d-21b1-d1fb-13df-144974b0e8dd:7f9a429b-a9e1-d341-f992-5ee0a032728e&referrer=aHR0cHM6Ly93d3cubnZpZGlhLmNvbS9lbi11cy9vbi1kZW1hbmQvc2Vzc2lvbi9ndGMyNS1leHM3NDM0Ny8=&clientTag=html5:v7.264","m3u8"
"https://www.nvidia.com/en-us/on-demand/session/gtc25-s72897/","41:49:00","https://cdnapisec.kaltura.com/p/2935771/sp/293577100/playManifest/entryId/1_vaf2o1y6/protocol/https/format/applehttp/flavorIds/1_sy0dhr9q,1_aa11e11v,1_p4ayjolg,1_yiv9h99i/a.m3u8?uiConfId=50468382&playSessionId=95dcad0c-805c-2ebc-45ac-70d9bf8b461d:25baeb4c-8a42-b9e0-63f6-923e3ce8d385&referrer=aHR0cHM6Ly93d3cubnZpZGlhLmNvbS9lbi11cy9vbi1kZW1hbmQvc2Vzc2lvbi9ndGMyNS1zNzI4OTcv&clientTag=html5:v7.264","m3u8"
"https://www.nvidia.com/en-us/on-demand/session/gtc25-s73028/","38:05:00","https://cdnapisec.kaltura.com/p/2935771/sp/293577100/playManifest/entryId/1_g1s7ut91/protocol/https/format/applehttp/flavorIds/1_6x0yxel2,1_e4vouy7w,1_hl1svzg7,1_jjp6i4zw,1_rrls9l4k/a.m3u8?uiConfId=50468382&playSessionId=11fc570e-67c5-d287-764c-9bba10d4f5c5:4bd2d887-3d7e-01f8-fd63-6108eff95cb5&referrer=aHR0cHM6Ly93d3cubnZpZGlhLmNvbS9lbi11cy9vbi1kZW1hbmQvc2Vzc2lvbi9ndGMyNS1zNzMwMjgv&clientTag=html5:v7.264","m3u8"
"https://www.nvidia.com/en-us/on-demand/session/gtc25-s72994/","39:08:00","https://cdnapisec.kaltura.com/p/2935771/sp/293577100/playManifest/entryId/1_ezlk1yow/protocol/https/format/applehttp/flavorIds/1_3pkv1g3m,1_bsfts63c,1_3o10ilab,1_jkgwblzq,1_bkefiy79,1_qut6im9n/a.m3u8?uiConfId=50468382&playSessionId=0291cf1b-36b8-fc9d-0b26-ee96c6be610d:1b748796-9706-b8d1-0893-4d17c2e45f80&referrer=aHR0cHM6Ly93d3cubnZpZGlhLmNvbS9lbi11cy9vbi1kZW1hbmQvc2Vzc2lvbi9ndGMyNS1zNzI5OTQv&clientTag=html5:v7.264","m3u8"
"https://www.nvidia.com/en-us/on-demand/session/gtc25-s72826/","39:53:00","https://cdnapisec.kaltura.com/p/2935771/sp/293577100/playManifest/entryId/1_b5rlkpyc/protocol/https/format/applehttp/flavorIds/1_nqgk0qr7,1_ed7j6uw0,1_ts15yoj0,1_h74l6ph0,1_cietnqu6,1_uh5h65km/a.m3u8?uiConfId=50468382&playSessionId=03aaa13b-7cb6-0296-056e-39eef1f5d69e:d8040d40-0276-8a99-6ca0-72e894c874b0&referrer=aHR0cHM6Ly93d3cubnZpZGlhLmNvbS9lbi11cy9vbi1kZW1hbmQvc2Vzc2lvbi9ndGMyNS1zNzI4MjYv&clientTag=html5:v7.264","m3u8"
"https://www.nvidia.com/en-us/on-demand/session/gtc25-s73087/","30:52:00","https://cdnapisec.kaltura.com/p/2935771/sp/293577100/playManifest/entryId/1_v5ma9go6/protocol/https/format/applehttp/flavorIds/1_6qmw0gkn,1_uv7urj65,1_a9x94p5p,1_h3ruvb3e,1_qpi3y4ny/a.m3u8?uiConfId=50468382&playSessionId=58bc5fed-221a-32a1-9634-6c4f0746cde7:200afab0-90fb-2e93-6eba-1300dd3d0fb3&referrer=aHR0cHM6Ly93d3cubnZpZGlhLmNvbS9lbi11cy9vbi1kZW1hbmQvc2Vzc2lvbi9ndGMyNS1zNzMwODcv&clientTag=html5:v7.264","m3u8"
"https://www.nvidia.com/en-us/on-demand/session/gtc25-s73114/","36:05:00","https://cdnapisec.kaltura.com/p/2935771/sp/293577100/playManifest/entryId/1_d2s2w75h/protocol/https/format/applehttp/flavorIds/1_pcf5c1ev,1_bi1vo4hf,1_4l4xxxph,1_wdi06722/a.m3u8?uiConfId=50468382&playSessionId=8c701e7f-aed8-722a-a721-a5def9984741:9e9a38ce-7a7b-31e5-1f59-a5a77552ff1a&referrer=aHR0cHM6Ly93d3cubnZpZGlhLmNvbS9lbi11cy9vbi1kZW1hbmQvc2Vzc2lvbi9ndGMyNS1zNzMxMTQv&clientTag=html5:v7.264","m3u8"
"https://www.nvidia.com/en-us/on-demand/session/gtc25-s73152/","39:42:00","https://cdnapisec.kaltura.com/p/2935771/sp/293577100/playManifest/entryId/1_m7pjuq30/protocol/https/format/applehttp/flavorIds/1_ndn5r52l,1_238qqn0m/a.m3u8?uiConfId=50468382&playSessionId=4bbe2d5f-453b-d2d9-5af0-d78078b5bc34:2990f128-0401-bc49-272c-193b2fc324bb&referrer=aHR0cHM6Ly93d3cubnZpZGlhLmNvbS9lbi11cy9vbi1kZW1hbmQvc2Vzc2lvbi9ndGMyNS1zNzMxNTIv&clientTag=html5:v7.264","m3u8"
"https://www.nvidia.com/en-us/on-demand/session/gtc25-s73178/","34:52:00","https://cdnapisec.kaltura.com/p/2935771/sp/293577100/playManifest/entryId/1_kngbinue/protocol/https/format/applehttp/flavorIds/1_nf5punnv,1_pkbj5ngv,1_gkconwrc,1_e1lu9zze,1_69h4k6sq/a.m3u8?uiConfId=50468382&playSessionId=52ae3d9c-5bf6-a1f5-afbd-24d762cbf8e0:1a3df59b-8ff9-47c5-7769-89d541f05584&referrer=aHR0cHM6Ly93d3cubnZpZGlhLmNvbS9lbi11cy9vbi1kZW1hbmQvc2Vzc2lvbi9ndGMyNS1zNzMxNzgv&clientTag=html5:v7.264","m3u8"
"https://www.nvidia.com/en-us/on-demand/session/gtc25-dlit71304/","1:06:38","https://cdnapisec.kaltura.com/p/2935771/sp/293577100/playManifest/entryId/1_l9ez23wr/protocol/https/format/applehttp/flavorIds/1_1tzihu2k,1_07kg4hkp,1_djoeqayb/a.m3u8?uiConfId=50468382&playSessionId=9d5817aa-afa4-7269-7c83-3fcf3bc89f2f:763824a7-0de0-63a2-d98c-f121320d9500&referrer=aHR0cHM6Ly93d3cubnZpZGlhLmNvbS9lbi11cy9vbi1kZW1hbmQvc2Vzc2lvbi9ndGMyNS1kbGl0NzEzMDQv&clientTag=html5:v7.264","m3u8"
"https://www.nvidia.com/en-us/on-demand/session/gtc25-s73977/","19:13","https://cdnapisec.kaltura.com/p/2935771/sp/293577100/playManifest/entryId/1_qgi5l1ee/protocol/https/format/applehttp/flavorIds/1_xfoz52ec,1_a37kauf3,1_xytjw39f,1_u6ater7k,1_z05zlt1u,1_63lehvz1/a.m3u8?uiConfId=50468382&playSessionId=1eb1ba9c-3251-947a-9f80-09e58a389a9f:b98d7eab-c7b0-9c74-7acc-6da03e5b5197&referrer=aHR0cHM6Ly93d3cubnZpZGlhLmNvbS9lbi11cy9vbi1kZW1hbmQvc2Vzc2lvbi9ndGMyNS1zNzM5Nzcv&clientTag=html5:v7.264","m3u8"
"https://www.nvidia.com/en-us/on-demand/session/gtc25-s74269/","35:38:00","https://cdnapisec.kaltura.com/p/2935771/sp/293577100/playManifest/entryId/1_onnzl8f3/protocol/https/format/applehttp/flavorIds/1_nct2ni24,1_de0qxa1k,1_hohyhssv/a.m3u8?uiConfId=50468382&playSessionId=827956cf-19b7-4f52-ce92-66c86fd72788:b6959769-e5c7-9275-9b3d-1e80808a4a2a&referrer=aHR0cHM6Ly93d3cubnZpZGlhLmNvbS9lbi11cy9vbi1kZW1hbmQvc2Vzc2lvbi9ndGMyNS1zNzQyNjkv&clientTag=html5:v7.264","m3u8"
"https://www.nvidia.com/en-us/on-demand/session/gtc25-s74528/","1:02:10","https://cdnapisec.kaltura.com/p/2935771/sp/293577100/playManifest/entryId/1_d6r54hhe/protocol/https/format/applehttp/flavorIds/1_g1w7pvam,1_y3y88ftv,1_2smes74s,1_tfpdp833,1_y9ue0tf4,1_bie3g5i1/a.m3u8?uiConfId=50468382&playSessionId=301e0ca2-c2c8-0f01-a740-23e7700c4eb8:f2be500e-5ea6-acd4-806b-394e6cef9d28&referrer=aHR0cHM6Ly93d3cubnZpZGlhLmNvbS9lbi11cy9vbi1kZW1hbmQvc2Vzc2lvbi9ndGMyNS1zNzQ1Mjgv&clientTag=html5:v7.264","m3u8"
"https://www.nvidia.com/en-us/on-demand/session/gtc25-dlit71682/","1:11:25","https://cdnapisec.kaltura.com/p/2935771/sp/293577100/playManifest/entryId/1_vrbr20i3/protocol/https/format/applehttp/flavorIds/1_yq81ihee,1_6em8sti6,1_h7i5zos2/a.m3u8?uiConfId=50468382&playSessionId=63d6d232-e44f-6c1c-4d2c-f4897ba2c48e:97b9a11e-224c-032c-c2a4-a8a78fbb389e&referrer=aHR0cHM6Ly93d3cubnZpZGlhLmNvbS9lbi11cy9vbi1kZW1hbmQvc2Vzc2lvbi9ndGMyNS1kbGl0NzE2ODIv&clientTag=html5:v7.264","m3u8"
"https://www.nvidia.com/en-us/on-demand/session/gtc25-dlit71918/","1:08:09","https://cdnapisec.kaltura.com/p/2935771/sp/293577100/playManifest/entryId/1_k8kbqcpr/protocol/https/format/applehttp/flavorIds/1_ap0dc80p,1_rjcfg4wo,1_uggwxlt3,1_h377hxwd/a.m3u8?uiConfId=50468382&playSessionId=79600bc7-096f-bfe0-af48-f5e704df83a7:333e4332-2b29-a4f8-b04b-dfbd9d8f013f&referrer=aHR0cHM6Ly93d3cubnZpZGlhLmNvbS9lbi11cy9vbi1kZW1hbmQvc2Vzc2lvbi9ndGMyNS1kbGl0NzE5MTgv&clientTag=html5:v7.264","m3u8"
"https://www.nvidia.com/en-us/on-demand/session/gtc25-dlit72753/","1:13:37","https://cdnapisec.kaltura.com/p/2935771/sp/293577100/playManifest/entryId/1_20oalcas/protocol/https/format/applehttp/flavorIds/1_8z28o886,1_e33b5aob,1_fkdsgul3,1_kq3tzj0z,1_gkg65951/a.m3u8?uiConfId=50468382&playSessionId=4efdbb4c-f486-15ac-dd44-bdab03aa3d77:7c262008-fd38-fa75-e101-35837927ef13&referrer=aHR0cHM6Ly93d3cubnZpZGlhLmNvbS9lbi11cy9vbi1kZW1hbmQvc2Vzc2lvbi9ndGMyNS1kbGl0NzI3NTMv&clientTag=html5:v7.264","m3u8"
"https://www.nvidia.com/en-us/on-demand/session/gtc25-exs74108/","10:57","https://cdnapisec.kaltura.com/p/2935771/sp/293577100/playManifest/entryId/1_kuyh5lu6/protocol/https/format/applehttp/flavorIds/1_lzwyipv2,1_mmplizeb,1_gzodp1wh,1_y6n6ixa6,1_xc7cf1yy,1_bggtv84j/a.m3u8?uiConfId=50468382&playSessionId=be967714-4b4c-cb4c-968f-c5b788827f88:ae45d673-0fbb-728c-f94b-7b8f2e6486ed&referrer=aHR0cHM6Ly93d3cubnZpZGlhLmNvbS9lbi11cy9vbi1kZW1hbmQvc2Vzc2lvbi9ndGMyNS1leHM3NDEwOC8=&clientTag=html5:v7.264","m3u8"
"https://www.nvidia.com/en-us/on-demand/session/gtc25-s71236/","42:08:00","https://cdnapisec.kaltura.com/p/2935771/sp/293577100/playManifest/entryId/1_5x8rw21n/protocol/https/format/applehttp/flavorIds/1_4f6m5lh3,1_sfsis2iv,1_ttw30kqs,1_ntipc7wo,1_ojrz2ru0,1_xorvefdk/a.m3u8?uiConfId=50468382&playSessionId=54aacad4-2b69-0381-6b18-9dafd3570c2b:5ddf8cf1-7c3e-76f8-7260-cd96ac4c229f&referrer=aHR0cHM6Ly93d3cubnZpZGlhLmNvbS9lbi11cy9vbi1kZW1hbmQvc2Vzc2lvbi9ndGMyNS1zNzEyMzYv&clientTag=html5:v7.264","m3u8"
"https://www.nvidia.com/en-us/on-demand/session/gtc25-s71358/","34:32:00","https://cdnapisec.kaltura.com/p/2935771/sp/293577100/playManifest/entryId/1_z5clvqjb/protocol/https/format/applehttp/flavorIds/1_shj0xrm2,1_p55c4ouk,1_qiswuo6v,1_cnsx88c0,1_2wgcz76h/a.m3u8?uiConfId=50468382&playSessionId=f8c76158-b481-b223-966a-6b0e34e9c6f1:1e37d2bc-2c08-6fae-9782-d08e5650a264&referrer=aHR0cHM6Ly93d3cubnZpZGlhLmNvbS9lbi11cy9vbi1kZW1hbmQvc2Vzc2lvbi9ndGMyNS1zNzEzNTgv&clientTag=html5:v7.264","m3u8"
"https://www.nvidia.com/en-us/on-demand/session/gtc25-s72489/","39:36:00","https://cdnapisec.kaltura.com/p/2935771/sp/293577100/playManifest/entryId/1_i4lubz7x/protocol/https/format/applehttp/flavorIds/1_g5fh9ex9,1_1jop6ysy,1_32kjsop3,1_pgd6ydq0/a.m3u8?uiConfId=50468382&playSessionId=1634e527-3626-8427-0d42-642ef2c16501:97a1b47c-8f45-8c42-12b0-b6e62ffb4162&referrer=aHR0cHM6Ly93d3cubnZpZGlhLmNvbS9lbi11cy9vbi1kZW1hbmQvc2Vzc2lvbi9ndGMyNS1zNzI0ODkv&clientTag=html5:v7.264","m3u8"
"https://www.nvidia.com/en-us/on-demand/session/gtc25-s72501/","39:37:00","https://cdnapisec.kaltura.com/p/2935771/sp/293577100/playManifest/entryId/1_qtaztcoz/protocol/https/format/applehttp/flavorIds/1_zr8iwg6k,1_90rda4zg,1_7ws1siem,1_03a2urnc,1_xkxjrdhq,1_1vgt9gqc/a.m3u8?uiConfId=50468382&playSessionId=39c07d71-46ac-8224-254a-5858d6485572:8d54d170-1c7f-059a-25db-9600e042ae81&referrer=aHR0cHM6Ly93d3cubnZpZGlhLmNvbS9lbi11cy9vbi1kZW1hbmQvc2Vzc2lvbi9ndGMyNS1zNzI1MDEv&clientTag=html5:v7.264","m3u8"
"https://www.nvidia.com/en-us/on-demand/session/gtc25-s72542/","41:20:00","https://cdnapisec.kaltura.com/p/2935771/sp/293577100/playManifest/entryId/1_0cz5c7rs/protocol/https/format/applehttp/flavorIds/1_6p9xjm5b,1_0u7r8ejb,1_1o91nc5w,1_91t8qj0y,1_nqnq58yo/a.m3u8?uiConfId=50468382&playSessionId=8014fd65-e3df-e707-a717-0e55e92b9eb9:cdae33ad-a58e-baaa-88f0-fbea85ac1566&referrer=aHR0cHM6Ly93d3cubnZpZGlhLmNvbS9lbi11cy9vbi1kZW1hbmQvc2Vzc2lvbi9ndGMyNS1zNzI1NDIv&clientTag=html5:v7.264","m3u8"
"https://www.nvidia.com/en-us/on-demand/session/gtc25-s71460/","36:42:00","https://cdnapisec.kaltura.com/p/2935771/sp/293577100/playManifest/entryId/1_x5urr63j/protocol/https/format/applehttp/flavorIds/1_1uyjanpa,1_ol4ge57h,1_3obb88n7,1_4qwi80iy,1_f1efzl3w/a.m3u8?uiConfId=50468382&playSessionId=98f93af0-167b-034b-6e0d-a4f708903a26:784eb94d-f758-aef5-8d19-94fddfe389ed&referrer=aHR0cHM6Ly93d3cubnZpZGlhLmNvbS9lbi11cy9vbi1kZW1hbmQvc2Vzc2lvbi9ndGMyNS1zNzE0NjAv&clientTag=html5:v7.264","m3u8"
"https://www.nvidia.com/en-us/on-demand/session/gtc25-s71986/","40:50:00","https://cdnapisec.kaltura.com/p/2935771/sp/293577100/playManifest/entryId/1_fs29cwxf/protocol/https/format/applehttp/flavorIds/1_xwmw38cc,1_glxuv8ic/a.m3u8?uiConfId=50468382&playSessionId=83a1e33c-eb7c-9594-5f0a-8b2cc8703e00:5a26cd8e-0c95-0b56-11ae-b5208bde047c&referrer=aHR0cHM6Ly93d3cubnZpZGlhLmNvbS9lbi11cy9vbi1kZW1hbmQvc2Vzc2lvbi9ndGMyNS1zNzE5ODYv&clientTag=html5:v7.264","m3u8"
"https://www.nvidia.com/en-us/on-demand/session/gtc25-s72049/","40:52:00","https://cdnapisec.kaltura.com/p/2935771/sp/293577100/playManifest/entryId/1_8os9hw9t/protocol/https/format/applehttp/flavorIds/1_xrag8ggp,1_vdjquoj2,1_yd7opczg,1_t9b304c0/a.m3u8?uiConfId=50468382&playSessionId=fa1c6ff6-22d8-cee6-ec08-49bbe7f914b1:30c11230-4fbf-9c88-2022-0329fc094cc4&referrer=aHR0cHM6Ly93d3cubnZpZGlhLmNvbS9lbi11cy9vbi1kZW1hbmQvc2Vzc2lvbi9ndGMyNS1zNzIwNDkv&clientTag=html5:v7.264","m3u8"
"https://www.nvidia.com/en-us/on-demand/session/gtc25-s71766/","37:11:00","https://cdnapisec.kaltura.com/p/2935771/sp/293577100/playManifest/entryId/1_x931ng6e/protocol/https/format/applehttp/flavorIds/1_mng4pqms,1_mm1oo72o/a.m3u8?uiConfId=50468382&playSessionId=059c9b7b-29f5-d19e-5eb3-44d411d4d514:09474610-4bbd-d7ac-b0f1-fb7f17f86f47&referrer=aHR0cHM6Ly93d3cubnZpZGlhLmNvbS9lbi11cy9vbi1kZW1hbmQvc2Vzc2lvbi9ndGMyNS1zNzE3NjYv&clientTag=html5:v7.264","m3u8"
"https://www.nvidia.com/en-us/on-demand/session/gtc25-s72655/","36:47:00","https://cdnapisec.kaltura.com/p/2935771/sp/293577100/playManifest/entryId/1_t4nhyuzx/protocol/https/format/applehttp/flavorIds/1_aw1x5f1d,1_hs2skquf,1_lyioxsyr,1_qit463rr,1_pv08cm56/a.m3u8?uiConfId=50468382&playSessionId=71ffca71-bcdc-1322-f833-853147559720:d1db62d2-03cc-48a0-b627-3e1eae12ad55&referrer=aHR0cHM6Ly93d3cubnZpZGlhLmNvbS9lbi11cy9vbi1kZW1hbmQvc2Vzc2lvbi9ndGMyNS1zNzI2NTUv&clientTag=html5:v7.264","m3u8"
"https://www.nvidia.com/en-us/on-demand/session/gtc25-s72715/","36:43:00","https://cdnapisec.kaltura.com/p/2935771/sp/293577100/playManifest/entryId/1_pu7z6o6n/protocol/https/format/applehttp/flavorIds/1_ck4uhj8x,1_vv34hywr,1_nz9u7obx,1_4361j9x8,1_6l1dnasl/a.m3u8?uiConfId=50468382&playSessionId=ea091a1f-346f-3e19-8dc9-e6157fb891d4:f9dcb119-39e9-3594-73ff-c6650b5871c4&referrer=aHR0cHM6Ly93d3cubnZpZGlhLmNvbS9lbi11cy9vbi1kZW1hbmQvc2Vzc2lvbi9ndGMyNS1zNzI3MTUv&clientTag=html5:v7.264","m3u8"
"https://www.nvidia.com/en-us/on-demand/session/gtc25-dd73322/","2:05:25","https://cdnapisec.kaltura.com/p/2935771/sp/293577100/playManifest/entryId/1_5wmx2vuj/protocol/https/format/applehttp/flavorIds/1_llcqy4n6,1_kiwsforq,1_09v1lqwc,1_2mpnki23,1_2zvwgsh2/a.m3u8?uiConfId=50468382&playSessionId=2e55439c-8b60-0c94-c0e7-dfd4f418b221:e51f517b-1070-6493-4b52-c65661f20a35&referrer=aHR0cHM6Ly93d3cubnZpZGlhLmNvbS9lbi11cy9vbi1kZW1hbmQvc2Vzc2lvbi9ndGMyNS1kZDczMzIyLw==&clientTag=html5:v7.264","m3u8"
"https://www.nvidia.com/en-us/on-demand/session/gtc25-exs74388/","15:00","https://cdnapisec.kaltura.com/p/2935771/sp/293577100/playManifest/entryId/1_fh6rg4sg/protocol/https/format/applehttp/flavorIds/1_nf7zu75o,1_27z765uu,1_zcvp1877,1_n521jxc4,1_x51sluec,1_sr7uctbj/a.m3u8?uiConfId=50468382&playSessionId=bd8a9d09-8817-d5c0-bdac-1c1314055504:0a7cc1c4-fd21-45f7-ef31-7de175716e6c&referrer=aHR0cHM6Ly93d3cubnZpZGlhLmNvbS9lbi11cy9vbi1kZW1hbmQvc2Vzc2lvbi9ndGMyNS1leHM3NDM4OC8=&clientTag=html5:v7.264","m3u8"
"https://www.nvidia.com/en-us/on-demand/session/gtc25-exs74267/","16:41","https://cdnapisec.kaltura.com/p/2935771/sp/293577100/playManifest/entryId/1_4ztrn1ya/protocol/https/format/applehttp/flavorIds/1_z0tehpa7,1_yfrxapux,1_gx8eb575,1_1dmfttwx,1_dc6ah8jv,1_9995fm0r/a.m3u8?uiConfId=50468382&playSessionId=2e2c449e-bd5d-2f6c-b819-1c8d189c8a60:955eb54f-6d77-9281-8999-5f63f667b508&referrer=aHR0cHM6Ly93d3cubnZpZGlhLmNvbS9lbi11cy9vbi1kZW1hbmQvc2Vzc2lvbi9ndGMyNS1leHM3NDI2Ny8=&clientTag=html5:v7.264","m3u8"
"https://www.nvidia.com/en-us/on-demand/session/gtc25-s72985/","45:13:00","https://cdnapisec.kaltura.com/p/2935771/sp/293577100/playManifest/entryId/1_0bib961i/protocol/https/format/applehttp/flavorIds/1_sc6jhxws,1_7jq8804p,1_0hfxw3um,1_zavofphe,1_78ptl6pz,1_714ho7jm/a.m3u8?uiConfId=50468382&playSessionId=16e00e47-2c47-88c8-763f-e26212b2f815:210d8909-c1ab-d6a4-d54d-1142d0f262fe&referrer=aHR0cHM6Ly93d3cubnZpZGlhLmNvbS9lbi11cy9vbi1kZW1hbmQvc2Vzc2lvbi9ndGMyNS1zNzI5ODUv&clientTag=html5:v7.264","m3u8"
"https://www.nvidia.com/en-us/on-demand/session/gtc25-s73203/","37:51:00","https://cdnapisec.kaltura.com/p/2935771/sp/293577100/playManifest/entryId/1_6hdt22kw/protocol/https/format/applehttp/flavorIds/1_vc2rm69h,1_e3xerots,1_9u7peg0b,1_oaxwhipf,1_8mnlhqy0/a.m3u8?uiConfId=50468382&playSessionId=9e8ac4b7-548c-e988-ff02-754b7284b5f3:056e50e9-d53a-a4df-ab2d-39e5686d2027&referrer=aHR0cHM6Ly93d3cubnZpZGlhLmNvbS9lbi11cy9vbi1kZW1hbmQvc2Vzc2lvbi9ndGMyNS1zNzMyMDMv&clientTag=html5:v7.264","m3u8"
"https://www.nvidia.com/en-us/on-demand/session/gtc25-s73215/","38:55:00","https://cdnapisec.kaltura.com/p/2935771/sp/293577100/playManifest/entryId/1_eullf31i/protocol/https/format/applehttp/flavorIds/1_ogj8920j,1_a10tvhgr,1_b1our5yj,1_apcy7mvc,1_emh8e7dd/a.m3u8?uiConfId=50468382&playSessionId=83919f37-0d23-0ccc-0f2b-fe92e3448d4e:d2cec8e9-2645-b60a-70a7-b9a06ced8b20&referrer=aHR0cHM6Ly93d3cubnZpZGlhLmNvbS9lbi11cy9vbi1kZW1hbmQvc2Vzc2lvbi9ndGMyNS1zNzMyMTUv&clientTag=html5:v7.264","m3u8"
"https://www.nvidia.com/en-us/on-demand/session/gtc25-s74316/","39:11:00","https://cdnapisec.kaltura.com/p/2935771/sp/293577100/playManifest/entryId/1_tmdkw265/protocol/https/format/applehttp/flavorIds/1_6geohmfi,1_dmj6ng1j,1_n95h392g,1_o31pfvon,1_87hlaodp/a.m3u8?uiConfId=50468382&playSessionId=eca53da0-721e-c7ef-7000-a01d0959350b:a6578eb6-2701-0d05-b0cf-a8b704fffa0c&referrer=aHR0cHM6Ly93d3cubnZpZGlhLmNvbS9lbi11cy9vbi1kZW1hbmQvc2Vzc2lvbi9ndGMyNS1zNzQzMTYv&clientTag=html5:v7.264","m3u8"
"https://www.nvidia.com/en-us/on-demand/session/gtc25-s74341/","42:06:00","https://cdnapisec.kaltura.com/p/2935771/sp/293577100/playManifest/entryId/1_uvtt9dvf/protocol/https/format/applehttp/flavorIds/1_gatofyij,1_8gyf3rdn,1_19tcwx5t,1_xlf2wt05,1_4iojm85n,1_d96wg7hh/a.m3u8?uiConfId=50468382&playSessionId=5f0bb7e9-bf0e-be53-145d-b9d0b3df034b:c7eb6bf0-2a58-723f-ef9d-79e1ef079b3c&referrer=aHR0cHM6Ly93d3cubnZpZGlhLmNvbS9lbi11cy9vbi1kZW1hbmQvc2Vzc2lvbi9ndGMyNS1zNzQzNDEv&clientTag=html5:v7.264","m3u8"
"https://www.nvidia.com/en-us/on-demand/session/gtc25-s74353/","29:59:00","https://cdnapisec.kaltura.com/p/2935771/sp/293577100/playManifest/entryId/1_m0kpstk9/protocol/https/format/applehttp/flavorIds/1_mt5fkdrj,1_c7pkhbsn,1_szshtoh5/a.m3u8?uiConfId=50468382&playSessionId=f5af216e-f5a5-82c9-6514-92f05956e486:81c10b81-e246-a282-c52b-f8d99a9de3e5&referrer=aHR0cHM6Ly93d3cubnZpZGlhLmNvbS9lbi11cy9vbi1kZW1hbmQvc2Vzc2lvbi9ndGMyNS1zNzQzNTMv&clientTag=html5:v7.264","m3u8"
"https://www.nvidia.com/en-us/on-demand/session/gtc25-s74271/","30:41:00","https://cdnapisec.kaltura.com/p/2935771/sp/293577100/playManifest/entryId/1_odbzq5pw/protocol/https/format/applehttp/flavorIds/1_v23y321y,1_04aan9h0,1_6ril5guj,1_8j2qs77v,1_e1jscadt/a.m3u8?uiConfId=50468382&playSessionId=ec5c8e2a-16b2-00df-c08b-5bbf87aa77e7:938162d2-6c98-a53c-fcf0-75da6459661b&referrer=aHR0cHM6Ly93d3cubnZpZGlhLmNvbS9lbi11cy9vbi1kZW1hbmQvc2Vzc2lvbi9ndGMyNS1zNzQyNzEv&clientTag=html5:v7.264","m3u8"
"https://www.nvidia.com/en-us/on-demand/session/gtc25-s74726/","41:40:00","https://cdnapisec.kaltura.com/p/2935771/sp/293577100/playManifest/entryId/1_4g8b0ixg/protocol/https/format/applehttp/flavorIds/1_t9au6kua,1_rxko6a6s,1_fd0aizml,1_vsoh4xda,1_533s9hz6/a.m3u8?uiConfId=50468382&playSessionId=ce4dcafa-84f7-9d7d-a73f-56c33cfa0e76:d18f4a1c-7996-ccc4-5508-12ded7a7bc68&referrer=aHR0cHM6Ly93d3cubnZpZGlhLmNvbS9lbi11cy9vbi1kZW1hbmQvc2Vzc2lvbi9ndGMyNS1zNzQ3MjYv&clientTag=html5:v7.264","m3u8"
"https://www.nvidia.com/en-us/on-demand/session/gtc25-s74527/","57:46:00","https://cdnapisec.kaltura.com/p/2935771/sp/293577100/playManifest/entryId/1_3fwrnwoc/protocol/https/format/applehttp/flavorIds/1_6nyhzzf9,1_dl0hv8fv,1_3jllt0fd,1_sswf1ytt,1_arp9qxx1/a.m3u8?uiConfId=50468382&playSessionId=b83a879d-2a2e-994d-9570-3e4e6c9ded35:23e625fa-409e-568e-2e53-8daa07dd8ae9&referrer=aHR0cHM6Ly93d3cubnZpZGlhLmNvbS9lbi11cy9vbi1kZW1hbmQvc2Vzc2lvbi9ndGMyNS1zNzQ1Mjcv&clientTag=html5:v7.264","m3u8"
"https://www.nvidia.com/en-us/on-demand/session/gtc25-exs74374/","14:28","https://cdnapisec.kaltura.com/p/2935771/sp/293577100/playManifest/entryId/1_brtg3j90/protocol/https/format/applehttp/flavorIds/1_fo8riq7c,1_g0sfty9w,1_7netbs9h,1_9wcbo4qh,1_j4wlegct,1_hj7cwqxi/a.m3u8?uiConfId=50468382&playSessionId=b9ddea50-44a9-f724-6baa-2067bfeab609:893e13e1-2cdb-9f9a-4e82-ea82515b1f29&referrer=aHR0cHM6Ly93d3cubnZpZGlhLmNvbS9lbi11cy9vbi1kZW1hbmQvc2Vzc2lvbi9ndGMyNS1leHM3NDM3NC8=&clientTag=html5:v7.264","m3u8"
"https://www.nvidia.com/en-us/on-demand/session/gtc25-s72256/","37:44:00","https://cdnapisec.kaltura.com/p/2935771/sp/293577100/playManifest/entryId/1_d7t5jpxc/protocol/https/format/applehttp/flavorIds/1_vt4mce4j,1_vn2bi1ju,1_7k4rzb0q,1_08bpylce,1_x8l3abjs/a.m3u8?uiConfId=50468382&playSessionId=bdda6152-b5f3-8bf1-c41b-4207277f244c:6bafa5d7-2604-c49a-45b5-7298f14eb9f3&referrer=aHR0cHM6Ly93d3cubnZpZGlhLmNvbS9lbi11cy9vbi1kZW1hbmQvc2Vzc2lvbi9ndGMyNS1zNzIyNTYv&clientTag=html5:v7.264","m3u8"
"https://www.nvidia.com/en-us/on-demand/session/gtc25-s72390/","39:17:00","https://cdnapisec.kaltura.com/p/2935771/sp/293577100/playManifest/entryId/1_oug5k96u/protocol/https/format/applehttp/flavorIds/1_07zvdaoz,1_8h2i44wd,1_e92alsf0,1_9h1uzogd,1_w9w4jjeu,1_2n0yasxg/a.m3u8?uiConfId=50468382&playSessionId=6d628dc8-033b-8de1-0b51-fb9e95e12470:6a4932bc-e878-087a-a730-1b4abf7eb818&referrer=aHR0cHM6Ly93d3cubnZpZGlhLmNvbS9lbi11cy9vbi1kZW1hbmQvc2Vzc2lvbi9ndGMyNS1zNzIzOTAv&clientTag=html5:v7.264","m3u8"
"https://www.nvidia.com/en-us/on-demand/session/gtc25-s72399/","40:32:00","https://cdnapisec.kaltura.com/p/2935771/sp/293577100/playManifest/entryId/1_ixpgjoeu/protocol/https/format/applehttp/flavorIds/1_og4lhuqv,1_87uxq4ef,1_gpei314u,1_80xumgro/a.m3u8?uiConfId=50468382&playSessionId=973f3356-9167-5157-13e3-a8c5d478bc97:20c28e7e-d4d3-9f60-1275-181673135b1d&referrer=aHR0cHM6Ly93d3cubnZpZGlhLmNvbS9lbi11cy9vbi1kZW1hbmQvc2Vzc2lvbi9ndGMyNS1zNzIzOTkv&clientTag=html5:v7.264","m3u8"
"https://www.nvidia.com/en-us/on-demand/session/gtc25-s71642/","38:44:00","https://cdnapisec.kaltura.com/p/2935771/sp/293577100/playManifest/entryId/1_oig8lzif/protocol/https/format/applehttp/flavorIds/1_cgh4lush,1_cb1qbq13,1_kgcd85tz,1_bc1wb8xr/a.m3u8?uiConfId=50468382&playSessionId=08fb617d-6e26-22c4-f969-d3ead1dbdeb8:a84eaff9-99d9-9277-4269-91494044ec67&referrer=aHR0cHM6Ly93d3cubnZpZGlhLmNvbS9lbi11cy9vbi1kZW1hbmQvc2Vzc2lvbi9ndGMyNS1zNzE2NDIv&clientTag=html5:v7.264","m3u8"
"https://www.nvidia.com/en-us/on-demand/session/gtc25-s72563/","27:34:00","https://cdnapisec.kaltura.com/p/2935771/sp/293577100/playManifest/entryId/1_h40ck5it/protocol/https/format/applehttp/flavorIds/1_tk54rklg,1_rha5o2gj,1_j03t7hfb,1_vynyv2tn/a.m3u8?uiConfId=50468382&playSessionId=c4c74d21-fae3-dfcf-df2e-14913fe8d2c2:5b79e089-304d-c126-7172-29b6385984f5&referrer=aHR0cHM6Ly93d3cubnZpZGlhLmNvbS9lbi11cy9vbi1kZW1hbmQvc2Vzc2lvbi9ndGMyNS1zNzI1NjMv&clientTag=html5:v7.264","m3u8"
"https://www.nvidia.com/en-us/on-demand/session/gtc25-s72642/","29:42:00","https://cdnapisec.kaltura.com/p/2935771/sp/293577100/playManifest/entryId/1_lvp1fn7c/protocol/https/format/applehttp/flavorIds/1_yqaygv9d,1_oebxvhoa,1_5j80uo0q,1_485hnv0l,1_hymuq7ki/a.m3u8?uiConfId=50468382&playSessionId=5123a1c0-c31f-326c-ef0c-814bb9ad73a4:02036123-1ed5-ba02-fa5f-f7eeac89369b&referrer=aHR0cHM6Ly93d3cubnZpZGlhLmNvbS9lbi11cy9vbi1kZW1hbmQvc2Vzc2lvbi9ndGMyNS1zNzI2NDIv&clientTag=html5:v7.264","m3u8"
"https://www.nvidia.com/en-us/on-demand/session/gtc25-s72079/","30:52:00","https://cdnapisec.kaltura.com/p/2935771/sp/293577100/playManifest/entryId/1_nh88if0o/protocol/https/format/applehttp/flavorIds/1_cgfcqh6w,1_6iimgwlk,1_ki5ia6tk,1_vp93u49c,1_i984jsb5/a.m3u8?uiConfId=50468382&playSessionId=7cfafe15-7f8d-9ee7-f68b-530ace695461:44ffc1e5-ff97-5a91-7baf-ee43a40b65cc&referrer=aHR0cHM6Ly93d3cubnZpZGlhLmNvbS9lbi11cy9vbi1kZW1hbmQvc2Vzc2lvbi9ndGMyNS1zNzIwNzkv&clientTag=html5:v7.264","m3u8"
"https://www.nvidia.com/en-us/on-demand/session/gtc25-s72758/","30:01:00","https://cdnapisec.kaltura.com/p/2935771/sp/293577100/playManifest/entryId/1_hgiwcldj/protocol/https/format/applehttp/flavorIds/1_k7qjy8vx,1_uweqirr0,1_lx5z52mz,1_e1fg1c9l,1_c58is5z2/a.m3u8?uiConfId=50468382&playSessionId=0f5013d1-7df6-a62e-04f5-fd8b889fedd4:353ef58c-a772-12bd-8c6a-a8681f410fd2&referrer=aHR0cHM6Ly93d3cubnZpZGlhLmNvbS9lbi11cy9vbi1kZW1hbmQvc2Vzc2lvbi9ndGMyNS1zNzI3NTgv&clientTag=html5:v7.264","m3u8"
"https://www.nvidia.com/en-us/on-demand/session/gtc25-s72772/","39:47:00","https://cdnapisec.kaltura.com/p/2935771/sp/293577100/playManifest/entryId/1_oiwf3b8o/protocol/https/format/applehttp/flavorIds/1_jq9tuun4,1_e41ukakz,1_0l704uc2,1_4rimc3i1/a.m3u8?uiConfId=50468382&playSessionId=715ea49c-6839-67f4-15f1-d592f57d3096:7dadaa69-e4dc-c8bc-a1eb-fbd110feeae8&referrer=aHR0cHM6Ly93d3cubnZpZGlhLmNvbS9lbi11cy9vbi1kZW1hbmQvc2Vzc2lvbi9ndGMyNS1zNzI3NzIv&clientTag=html5:v7.264","m3u8"
"https://www.nvidia.com/en-us/on-demand/session/gtc25-s73266/","38:50:00","https://cdnapisec.kaltura.com/p/2935771/sp/293577100/playManifest/entryId/1_3tfl2r06/protocol/https/format/applehttp/flavorIds/1_339zb1t7,1_bt5h88zl,1_8u2f6p5r/a.m3u8?uiConfId=50468382&playSessionId=1348a90a-0b20-803d-c24c-7c73f4bd7a6e:80434803-8ee2-6b8f-02ad-86a53815f079&referrer=aHR0cHM6Ly93d3cubnZpZGlhLmNvbS9lbi11cy9vbi1kZW1hbmQvc2Vzc2lvbi9ndGMyNS1zNzMyNjYv&clientTag=html5:v7.264","m3u8"
"https://www.nvidia.com/en-us/on-demand/session/gtc25-s73410/","41:03:00","https://cdnapisec.kaltura.com/p/2935771/sp/293577100/playManifest/entryId/1_k0sit4pi/protocol/https/format/applehttp/flavorIds/1_k9obuzqn,1_suo6c66e,1_1rrph36o,1_9wzt0pym,1_29dp3hyh/a.m3u8?uiConfId=50468382&playSessionId=91c738e6-4e8c-81de-79a3-6b3c01b441b0:6f564f5b-d406-6990-84b0-7a59b314a594&referrer=aHR0cHM6Ly93d3cubnZpZGlhLmNvbS9lbi11cy9vbi1kZW1hbmQvc2Vzc2lvbi9ndGMyNS1zNzM0MTAv&clientTag=html5:v7.264","m3u8"
"https://www.nvidia.com/en-us/on-demand/session/gtc25-exs74287/","12:59","https://cdnapisec.kaltura.com/p/2935771/sp/293577100/playManifest/entryId/1_cnpg69es/protocol/https/format/applehttp/flavorIds/1_aiwatmje,1_9nye3m12,1_yybbdn6k,1_hym2hgtw,1_eq59o03p,1_eyl8r3r5/a.m3u8?uiConfId=50468382&playSessionId=004937d4-4916-a5eb-1d6c-4d461ce9e91d:25014c51-5243-baf6-eceb-4ca550fc19fd&referrer=aHR0cHM6Ly93d3cubnZpZGlhLmNvbS9lbi11cy9vbi1kZW1hbmQvc2Vzc2lvbi9ndGMyNS1leHM3NDI4Ny8=&clientTag=html5:v7.264","m3u8"
"https://www.nvidia.com/en-us/on-demand/session/gtc25-exs74328/","15:01","https://cdnapisec.kaltura.com/p/2935771/sp/293577100/playManifest/entryId/1_tqlcll53/protocol/https/format/applehttp/flavorIds/1_c3ecsqcj,1_756is5b3,1_k49k4x4b,1_1b281gl7,1_wb2rfzcr,1_4c9r7v7n/a.m3u8?uiConfId=50468382&playSessionId=e0005a7d-fbe4-c5ef-0a86-80f18be7d655:bc7ce06a-3679-4ccd-587e-5b4fe53b6a78&referrer=aHR0cHM6Ly93d3cubnZpZGlhLmNvbS9lbi11cy9vbi1kZW1hbmQvc2Vzc2lvbi9ndGMyNS1leHM3NDMyOC8=&clientTag=html5:v7.264","m3u8"
"https://www.nvidia.com/en-us/on-demand/session/gtc25-exs74325/","14:00","https://cdnapisec.kaltura.com/p/2935771/sp/293577100/playManifest/entryId/1_8uivtw1a/protocol/https/format/applehttp/flavorIds/1_wracn1uj,1_bz6zwjjm,1_8cbiu42r,1_ybp9m9k5,1_y4af6vu1,1_b4b8pcdd/a.m3u8?uiConfId=50468382&playSessionId=768cf4d7-d73b-9aa1-9eac-3843f23c2a3a:a53a3522-5fe9-1611-6d2e-00ebbe94f703&referrer=aHR0cHM6Ly93d3cubnZpZGlhLmNvbS9lbi11cy9vbi1kZW1hbmQvc2Vzc2lvbi9ndGMyNS1leHM3NDMyNS8=&clientTag=html5:v7.264","m3u8"
"https://www.nvidia.com/en-us/on-demand/session/gtc25-exs74427/","15:44","https://cdnapisec.kaltura.com/p/2935771/sp/293577100/playManifest/entryId/1_qbgk61oa/protocol/https/format/applehttp/flavorIds/1_qd2x2c7h,1_0hd983hq,1_rdrmu33i,1_isy6sl7h,1_hl0ixsdi/a.m3u8?uiConfId=50468382&playSessionId=fdf6893e-591e-8f85-3525-cb28365b74c4:b4e7a8b5-e182-7152-da07-96fa1f2eb739&referrer=aHR0cHM6Ly93d3cubnZpZGlhLmNvbS9lbi11cy9vbi1kZW1hbmQvc2Vzc2lvbi9ndGMyNS1leHM3NDQyNy8=&clientTag=html5:v7.264","m3u8"
"https://www.nvidia.com/en-us/on-demand/session/gtc25-dlit71322/","1:30:25","https://cdnapisec.kaltura.com/p/2935771/sp/293577100/playManifest/entryId/1_bep24vll/protocol/https/format/applehttp/flavorIds/1_f80xra2j,1_uv1bm5ru,1_fog1l3vn,1_mu4p45e2,1_1espio4i,1_yyi4bm5c/a.m3u8?uiConfId=50468382&playSessionId=40a50942-f572-1164-dfb6-b2ba99029d9c:643cf384-f792-ad8b-c9ac-115649b3da46&referrer=aHR0cHM6Ly93d3cubnZpZGlhLmNvbS9lbi11cy9vbi1kZW1hbmQvc2Vzc2lvbi9ndGMyNS1kbGl0NzEzMjIv&clientTag=html5:v7.264","m3u8"
"https://www.nvidia.com/en-us/on-demand/session/gtc25-dlit71553/","31:57:00","https://cdnapisec.kaltura.com/p/2935771/sp/293577100/playManifest/entryId/1_06wvtc7g/protocol/https/format/applehttp/flavorIds/1_ey303fyd,1_us6bfjkd,1_fuela197,1_35mefxqi,1_sxiqxyms/a.m3u8?uiConfId=50468382&playSessionId=20411076-55d8-58e0-659c-9084da9ff95d:ab439567-d922-0e05-b39a-b46ca71ac0bc&referrer=aHR0cHM6Ly93d3cubnZpZGlhLmNvbS9lbi11cy9vbi1kZW1hbmQvc2Vzc2lvbi9ndGMyNS1kbGl0NzE1NTMv&clientTag=html5:v7.264","m3u8"
"https://www.nvidia.com/en-us/on-demand/session/gtc25-dlit71684/","1:15:46","https://cdnapisec.kaltura.com/p/2935771/sp/293577100/playManifest/entryId/1_16p1qgem/protocol/https/format/applehttp/flavorIds/1_1klt6din,1_vndz75l2,1_xrpldqq8/a.m3u8?uiConfId=50468382&playSessionId=cb0c2fb8-8ef2-82d2-2e4c-1f1a2a312da2:42f38fd9-4ac3-02f9-be7c-3b7d347325d5&referrer=aHR0cHM6Ly93d3cubnZpZGlhLmNvbS9lbi11cy9vbi1kZW1hbmQvc2Vzc2lvbi9ndGMyNS1kbGl0NzE2ODQv&clientTag=html5:v7.264","m3u8"
"https://www.nvidia.com/en-us/on-demand/session/gtc25-dlit73713/","1:40:44","https://cdnapisec.kaltura.com/p/2935771/sp/293577100/playManifest/entryId/1_awzu36y4/protocol/https/format/applehttp/flavorIds/1_0zy3h4kh,1_htfsn69c,1_vo8xex3s,1_suo7nx05,1_4vq8hsqs/a.m3u8?uiConfId=50468382&playSessionId=5b183f5f-40f7-bff0-227e-be638067fadc:7e5d2476-338e-28a7-2047-7051aa75a2dc&referrer=aHR0cHM6Ly93d3cubnZpZGlhLmNvbS9lbi11cy9vbi1kZW1hbmQvc2Vzc2lvbi9ndGMyNS1kbGl0NzM3MTMv&clientTag=html5:v7.264","m3u8"
"https://www.nvidia.com/en-us/on-demand/session/gtc25-exs74448/","8:50","https://cdnapisec.kaltura.com/p/2935771/sp/293577100/playManifest/entryId/1_h25lu4bi/protocol/https/format/applehttp/flavorIds/1_g6b8sh7i,1_ijxl9168,1_7gkbdojv,1_5yvg8yjt,1_5t268uub/a.m3u8?uiConfId=50468382&playSessionId=c0f83fb0-3ccf-2b9d-4561-fe7bb5e062fe:7c075b47-523d-bee5-8ad0-cde87ced416f&referrer=aHR0cHM6Ly93d3cubnZpZGlhLmNvbS9lbi11cy9vbi1kZW1hbmQvc2Vzc2lvbi9ndGMyNS1leHM3NDQ0OC8=&clientTag=html5:v7.264","m3u8"
"https://www.nvidia.com/en-us/on-demand/session/gtc25-exs74463/","15:19","https://cdnapisec.kaltura.com/p/2935771/sp/293577100/playManifest/entryId/1_uhgoa1mn/protocol/https/format/applehttp/flavorIds/1_sbx2xg4a,1_mr9n45qm,1_2pxi0t06,1_s04qoeup,1_9sgba8jw,1_otx9lstt/a.m3u8?uiConfId=50468382&playSessionId=b3c17894-7e89-6c02-9155-d5b9da1844fa:ef43a5bd-0ef7-f94e-77e2-04849b42f37e&referrer=aHR0cHM6Ly93d3cubnZpZGlhLmNvbS9lbi11cy9vbi1kZW1hbmQvc2Vzc2lvbi9ndGMyNS1leHM3NDQ2My8=&clientTag=html5:v7.264","m3u8"
"https://www.nvidia.com/en-us/on-demand/session/gtc25-dd73669/","3:41:30","https://cdnapisec.kaltura.com/p/2935771/sp/293577100/playManifest/entryId/1_r996g0o8/protocol/https/format/applehttp/flavorIds/1_k928qqvf,1_utuk19jf,1_6oigqfis,1_p3lhda62,1_uuj391bd/a.m3u8?uiConfId=50468382&playSessionId=cfb89c5f-7283-302e-52dc-d9430288bf2b:e7df99f3-8a73-2486-3a1a-1a0909bed429&referrer=aHR0cHM6Ly93d3cubnZpZGlhLmNvbS9lbi11cy9vbi1kZW1hbmQvc2Vzc2lvbi9ndGMyNS1kZDczNjY5Lw==&clientTag=html5:v7.264","m3u8"
"https://www.nvidia.com/en-us/on-demand/session/gtc25-s72987/","45:37:00","https://cdnapisec.kaltura.com/p/2935771/sp/293577100/playManifest/entryId/1_qakpfeuz/protocol/https/format/applehttp/flavorIds/1_dxieaebt,1_1zzahvqy,1_sbmet8gm,1_oakjle5v,1_mvxbmvtl/a.m3u8?uiConfId=50468382&playSessionId=b8126eff-50e6-c2cc-332c-d939d568a53b:7a2f88ea-51d5-d5cb-03eb-754ff125ed4a&referrer=aHR0cHM6Ly93d3cubnZpZGlhLmNvbS9lbi11cy9vbi1kZW1hbmQvc2Vzc2lvbi9ndGMyNS1zNzI5ODcv&clientTag=html5:v7.264","m3u8"
"https://www.nvidia.com/en-us/on-demand/session/gtc25-s73041/","43:08:00","https://cdnapisec.kaltura.com/p/2935771/sp/293577100/playManifest/entryId/1_ic9lf6vu/protocol/https/format/applehttp/flavorIds/1_76mykq6g,1_idbbtmeh,1_70aug5sf/a.m3u8?uiConfId=50468382&playSessionId=d4538dc2-9a02-6f39-a9cf-4633ea383f75:0b560161-cd89-2439-9a68-0b912ef41579&referrer=aHR0cHM6Ly93d3cubnZpZGlhLmNvbS9lbi11cy9vbi1kZW1hbmQvc2Vzc2lvbi9ndGMyNS1zNzMwNDEv&clientTag=html5:v7.264","m3u8"
"https://www.nvidia.com/en-us/on-demand/session/gtc25-s73069/","35:04:00","https://cdnapisec.kaltura.com/p/2935771/sp/293577100/playManifest/entryId/1_hlmqe6ch/protocol/https/format/applehttp/flavorIds/1_hjuu6bk7,1_t8y4k4np,1_i02inp1i,1_o0rhphgo,1_cukqtlzv/a.m3u8?uiConfId=50468382&playSessionId=ede43d83-135b-d5a3-2395-fb64d2a489a6:bf6bb37f-991b-c3d8-27d2-b9381370253f&referrer=aHR0cHM6Ly93d3cubnZpZGlhLmNvbS9lbi11cy9vbi1kZW1hbmQvc2Vzc2lvbi9ndGMyNS1zNzMwNjkv&clientTag=html5:v7.264","m3u8"
"https://www.nvidia.com/en-us/on-demand/session/gtc25-s72911/","36:09:00","https://cdnapisec.kaltura.com/p/2935771/sp/293577100/playManifest/entryId/1_wkumtadd/protocol/https/format/applehttp/flavorIds/1_xrrbrzoi,1_rhcjyzas,1_y7max8jc,1_a784i3tg,1_042rf9n4/a.m3u8?uiConfId=50468382&playSessionId=defe0c85-66e9-5d38-69bb-d26ba38f9fbf:ac473322-9604-375e-6851-ba5faf5681a9&referrer=aHR0cHM6Ly93d3cubnZpZGlhLmNvbS9lbi11cy9vbi1kZW1hbmQvc2Vzc2lvbi9ndGMyNS1zNzI5MTEv&clientTag=html5:v7.264","m3u8"
"https://www.nvidia.com/en-us/on-demand/session/gtc25-s73745/","36:34:00","https://cdnapisec.kaltura.com/p/2935771/sp/293577100/playManifest/entryId/1_stjsb0uo/protocol/https/format/applehttp/flavorIds/1_gqef6669,1_3vy3l01o,1_3psz1u7h,1_d21qg9s3,1_epvv7je7/a.m3u8?uiConfId=50468382&playSessionId=5dea1285-6f8d-d378-e9f0-968160f1909f:d2e2ecba-6bc4-1126-c285-0f317a198a04&referrer=aHR0cHM6Ly93d3cubnZpZGlhLmNvbS9lbi11cy9vbi1kZW1hbmQvc2Vzc2lvbi9ndGMyNS1zNzM3NDUv&clientTag=html5:v7.264","m3u8"
"https://www.nvidia.com/en-us/on-demand/session/gtc25-s73237/","41:38:00","https://cdnapisec.kaltura.com/p/2935771/sp/293577100/playManifest/entryId/1_fajfowrn/protocol/https/format/applehttp/flavorIds/1_l4isiakj,1_ggjerzmv,1_su4oijv0/a.m3u8?uiConfId=50468382&playSessionId=6926f3a5-1480-0a07-fb8a-0a066be1364c:e495a701-3782-bbd2-1095-aa1968449d22&referrer=aHR0cHM6Ly93d3cubnZpZGlhLmNvbS9lbi11cy9vbi1kZW1hbmQvc2Vzc2lvbi9ndGMyNS1zNzMyMzcv&clientTag=html5:v7.264","m3u8"
"https://www.nvidia.com/en-us/on-demand/session/gtc25-s74472/","38:58:00","https://cdnapisec.kaltura.com/p/2935771/sp/293577100/playManifest/entryId/1_013faj3x/protocol/https/format/applehttp/flavorIds/1_4x4uy1qb,1_vy330yfk,1_06ngoo57,1_akcl6vaj,1_ec2lf0sw/a.m3u8?uiConfId=50468382&playSessionId=06196959-3d1f-4eb5-16b0-438adfa60821:81896e41-efe7-00bd-7164-8e6945bd3db8&referrer=aHR0cHM6Ly93d3cubnZpZGlhLmNvbS9lbi11cy9vbi1kZW1hbmQvc2Vzc2lvbi9ndGMyNS1zNzQ0NzIv&clientTag=html5:v7.264","m3u8"
"https://www.nvidia.com/en-us/on-demand/session/gtc25-s74306/","46:20:00","https://cdnapisec.kaltura.com/p/2935771/sp/293577100/playManifest/entryId/1_wtp2izvv/protocol/https/format/applehttp/flavorIds/1_h4ol7vmu,1_gaoza706,1_9yjl7s5c,1_tptvc1sy,1_218lzc0k,1_5136k7vd/a.m3u8?uiConfId=50468382&playSessionId=8b971ec0-731e-26ac-fcfd-1e382ac3173a:9d33d04c-90a9-6d71-4101-329fc22f357e&referrer=aHR0cHM6Ly93d3cubnZpZGlhLmNvbS9lbi11cy9vbi1kZW1hbmQvc2Vzc2lvbi9ndGMyNS1zNzQzMDYv&clientTag=html5:v7.264","m3u8"
"https://www.nvidia.com/en-us/on-demand/session/gtc25-s74312/","50:01:00","https://cdnapisec.kaltura.com/p/2935771/sp/293577100/playManifest/entryId/1_c4ecaxcg/protocol/https/format/applehttp/flavorIds/1_n9ugo1b9,1_3zrn7t7r,1_9mpi5nj8,1_3mmf5ah2,1_g7w22g6v/a.m3u8?uiConfId=50468382&playSessionId=c82714f0-caaa-d01d-cb38-72a40be75962:accfe83e-fa41-8365-4a94-47f8b255a967&referrer=aHR0cHM6Ly93d3cubnZpZGlhLmNvbS9lbi11cy9vbi1kZW1hbmQvc2Vzc2lvbi9ndGMyNS1zNzQzMTIv&clientTag=html5:v7.264","m3u8"
"https://www.nvidia.com/en-us/on-demand/session/gtc25-s74315/","44:32:00","https://cdnapisec.kaltura.com/p/2935771/sp/293577100/playManifest/entryId/1_j3dyqx0o/protocol/https/format/applehttp/flavorIds/1_bqc0pfag,1_16w41hfi,1_ef6xc0hv,1_jznz55j6,1_3k31mamd/a.m3u8?uiConfId=50468382&playSessionId=8b769886-5a2a-724e-4194-a3de996494b4:9a1cc3b7-169d-ea35-d66a-0a4ffe954464&referrer=aHR0cHM6Ly93d3cubnZpZGlhLmNvbS9lbi11cy9vbi1kZW1hbmQvc2Vzc2lvbi9ndGMyNS1zNzQzMTUv&clientTag=html5:v7.264","m3u8"
"https://www.nvidia.com/en-us/on-demand/session/gtc25-se74554/","1:01:56","https://cdnapisec.kaltura.com/p/2935771/sp/293577100/playManifest/entryId/1_a0fekhls/protocol/https/format/applehttp/flavorIds/1_iqfxz1em,1_mgcj67fb,1_3v44nvdd,1_4ms5rt4q,1_631t6xjl,1_sik5m5dz/a.m3u8?uiConfId=50468382&playSessionId=4565da3d-45ef-16d7-dbae-501cb1def836:d8239b4d-70b2-9e94-d457-f0ff6b6d6679&referrer=aHR0cHM6Ly93d3cubnZpZGlhLmNvbS9lbi11cy9vbi1kZW1hbmQvc2Vzc2lvbi9ndGMyNS1zZTc0NTU0Lw==&clientTag=html5:v7.264","m3u8"
"https://www.nvidia.com/en-us/on-demand/session/gtc25-s71116/","30:04:00","https://cdnapisec.kaltura.com/p/2935771/sp/293577100/playManifest/entryId/1_y63m72ca/protocol/https/format/applehttp/flavorIds/1_2xzxc17q,1_f4ak76ie,1_le8fla88,1_47kfahre,1_3230949l/a.m3u8?uiConfId=50468382&playSessionId=822fbfb2-91c6-c768-4ceb-b1b34e0a48b1:9352d86a-42d6-d90d-7753-dfea4fcc9586&referrer=aHR0cHM6Ly93d3cubnZpZGlhLmNvbS9lbi11cy9vbi1kZW1hbmQvc2Vzc2lvbi9ndGMyNS1zNzExMTYv&clientTag=html5:v7.264","m3u8"
"https://www.nvidia.com/en-us/on-demand/session/gtc25-s71166/","37:23:00","https://cdnapisec.kaltura.com/p/2935771/sp/293577100/playManifest/entryId/1_sc676aet/protocol/https/format/applehttp/flavorIds/1_ijf2beoj,1_llct9bti,1_dvtd061n,1_a77r5vmb,1_ix9f4qes/a.m3u8?uiConfId=50468382&playSessionId=17497ec8-3993-867b-d419-52f61997f74d:827489dd-615b-653c-fbe5-6f22c914be67&referrer=aHR0cHM6Ly93d3cubnZpZGlhLmNvbS9lbi11cy9vbi1kZW1hbmQvc2Vzc2lvbi9ndGMyNS1zNzExNjYv&clientTag=html5:v7.264","m3u8"
"https://www.nvidia.com/en-us/on-demand/session/gtc25-s71368/","42:01:00","https://cdnapisec.kaltura.com/p/2935771/sp/293577100/playManifest/entryId/1_4fkrqrue/protocol/https/format/applehttp/flavorIds/1_dtwf9rfn,1_n253uofn,1_dg7v01u2/a.m3u8?uiConfId=50468382&playSessionId=320361d3-e9bb-1156-a592-03d587639065:2e09c4c3-933d-0a7d-a3eb-f895573003e5&referrer=aHR0cHM6Ly93d3cubnZpZGlhLmNvbS9lbi11cy9vbi1kZW1hbmQvc2Vzc2lvbi9ndGMyNS1zNzEzNjgv&clientTag=html5:v7.264","m3u8"
"https://www.nvidia.com/en-us/on-demand/session/gtc25-s72461/","42:59:00","https://cdnapisec.kaltura.com/p/2935771/sp/293577100/playManifest/entryId/1_gd67i0a9/protocol/https/format/applehttp/flavorIds/1_f9o3nbyh,1_1f7u3514,1_fgx1o1fa,1_qb7zya6b,1_dm9k1jy4/a.m3u8?uiConfId=50468382&playSessionId=a87cbf17-1b4b-067e-8e09-582affece40b:df1d14a3-8b0c-1df1-cf24-ffc9a142a276&referrer=aHR0cHM6Ly93d3cubnZpZGlhLmNvbS9lbi11cy9vbi1kZW1hbmQvc2Vzc2lvbi9ndGMyNS1zNzI0NjEv&clientTag=html5:v7.264","m3u8"
"https://www.nvidia.com/en-us/on-demand/session/gtc25-s72512/","40:02:00","https://cdnapisec.kaltura.com/p/2935771/sp/293577100/playManifest/entryId/1_k54k60ho/protocol/https/format/applehttp/flavorIds/1_vsu0sxng,1_xsxeeyvg,1_6hshviys,1_378z90uk,1_6qssftrw,1_m6xpd372/a.m3u8?uiConfId=50468382&playSessionId=d65e26a7-a1d9-5847-16ef-72690e29ac72:fb46c2b6-9644-2de8-aa71-8acd821f8170&referrer=aHR0cHM6Ly93d3cubnZpZGlhLmNvbS9lbi11cy9vbi1kZW1hbmQvc2Vzc2lvbi9ndGMyNS1zNzI1MTIv&clientTag=html5:v7.264","m3u8"
"https://www.nvidia.com/en-us/on-demand/session/gtc25-s72356/","36:23:00","https://cdnapisec.kaltura.com/p/2935771/sp/293577100/playManifest/entryId/1_tgvkdiiy/protocol/https/format/applehttp/flavorIds/1_jixirh6p,1_ch6sfqmx,1_sxyir42f,1_98spvdzy,1_my4zuv39/a.m3u8?uiConfId=50468382&playSessionId=91c5081a-f615-66fd-5d07-ad4d92372641:6257b534-1edf-8120-9af4-b241aa3dab2d&referrer=aHR0cHM6Ly93d3cubnZpZGlhLmNvbS9lbi11cy9vbi1kZW1hbmQvc2Vzc2lvbi9ndGMyNS1zNzIzNTYv&clientTag=html5:v7.264","m3u8"
"https://www.nvidia.com/en-us/on-demand/session/gtc25-s71594/","1:02:35","https://cdnapisec.kaltura.com/p/2935771/sp/293577100/playManifest/entryId/1_uptsu9vj/protocol/https/format/applehttp/flavorIds/1_6xsyaz5t,1_274l8ssi,1_gwpt136v,1_t775dbe4,1_hs64kh17,1_8u4jwsmq/a.m3u8?uiConfId=50468382&playSessionId=fc99e7b1-5dd8-a59b-261e-63017499afa7:ef2857ec-0961-6a72-a615-0eb65a80f297&referrer=aHR0cHM6Ly93d3cubnZpZGlhLmNvbS9lbi11cy9vbi1kZW1hbmQvc2Vzc2lvbi9ndGMyNS1zNzE1OTQv&clientTag=html5:v7.264","m3u8"
"https://www.nvidia.com/en-us/on-demand/session/gtc25-s72150/","31:48:00","https://cdnapisec.kaltura.com/p/2935771/sp/293577100/playManifest/entryId/1_4fi8e5r3/protocol/https/format/applehttp/flavorIds/1_38wct9ke,1_2yvqkgqu,1_1vyk6u5b,1_3mwr7diu,1_xys1smvh,1_eq1c2ip4/a.m3u8?uiConfId=50468382&playSessionId=5c20a697-f4c6-2f67-b31c-54ad5e42ff64:8e7de415-5967-7f67-e920-537c7490ebb8&referrer=aHR0cHM6Ly93d3cubnZpZGlhLmNvbS9lbi11cy9vbi1kZW1hbmQvc2Vzc2lvbi9ndGMyNS1zNzIxNTAv&clientTag=html5:v7.264","m3u8"
"https://www.nvidia.com/en-us/on-demand/session/gtc25-dd40003/","52:47:00","https://cdnapisec.kaltura.com/p/2935771/sp/293577100/playManifest/entryId/1_03b5czmu/protocol/https/format/applehttp/flavorIds/1_kbdi5axs,1_dfv1svn6,1_jzxge7s5,1_7gbdlmg4,1_eagrhfon/a.m3u8?uiConfId=50468382&playSessionId=6198901b-cc87-4baf-c22d-72cb9479e9f2:0fe17ef6-0e49-0803-69b3-e8d7b37b9328&referrer=aHR0cHM6Ly93d3cubnZpZGlhLmNvbS9lbi11cy9vbi1kZW1hbmQvc2Vzc2lvbi9ndGMyNS1kZDQwMDAzLw==&clientTag=html5:v7.264","m3u8"
"https://www.nvidia.com/en-us/on-demand/session/gtc25-dd40002/","33:56:00","https://cdnapisec.kaltura.com/p/2935771/sp/293577100/playManifest/entryId/1_mxt0mmwe/protocol/https/format/applehttp/flavorIds/1_3lgc3s7b,1_2vri6gfx,1_yoatgxzg,1_2twsqmji,1_2lxud7mv/a.m3u8?uiConfId=50468382&playSessionId=761dda91-404a-e668-3fdd-041cbf0f3092:6910ac85-9b09-3d8a-8fc9-ef2d2db953d9&referrer=aHR0cHM6Ly93d3cubnZpZGlhLmNvbS9lbi11cy9vbi1kZW1hbmQvc2Vzc2lvbi9ndGMyNS1kZDQwMDAyLw==&clientTag=html5:v7.264","m3u8"
"https://www.nvidia.com/en-us/on-demand/session/gtc25-s73439/","46:16:00","https://cdnapisec.kaltura.com/p/2935771/sp/293577100/playManifest/entryId/1_bwzhawxe/protocol/https/format/applehttp/flavorIds/1_ub0c4iby,1_b5afxp52,1_84oxf2bo,1_kskepoze,1_7v29avz3,1_uihkzr6s/a.m3u8?uiConfId=50468382&playSessionId=52b917e4-d423-3d92-eba1-9f22ac1935dd:e543b041-d6d5-b5e3-1c64-0d84895031d6&referrer=aHR0cHM6Ly93d3cubnZpZGlhLmNvbS9lbi11cy9vbi1kZW1hbmQvc2Vzc2lvbi9ndGMyNS1zNzM0Mzkv&clientTag=html5:v7.264","m3u8"
"https://www.nvidia.com/en-us/on-demand/session/gtc25-s73076/","41:03:00","https://cdnapisec.kaltura.com/p/2935771/sp/293577100/playManifest/entryId/1_h6b3k5ij/protocol/https/format/applehttp/flavorIds/1_uk97kvvi,1_krdcg7l9,1_83hlmziy,1_8mwp18fr,1_wmwpohkt,1_vnumhxgo/a.m3u8?uiConfId=50468382&playSessionId=a61b3704-0ceb-1218-f656-6bcf49665296:fe9772e7-c585-1dc8-011b-58e9648e69cb&referrer=aHR0cHM6Ly93d3cubnZpZGlhLmNvbS9lbi11cy9vbi1kZW1hbmQvc2Vzc2lvbi9ndGMyNS1zNzMwNzYv&clientTag=html5:v7.264","m3u8"
"https://www.nvidia.com/en-us/on-demand/session/gtc25-dlit71305/","1:05:39","https://cdnapisec.kaltura.com/p/2935771/sp/293577100/playManifest/entryId/1_t2e32vwu/protocol/https/format/applehttp/flavorIds/1_zm3xb310,1_ifgsd5n0,1_qxl2y5ez,1_t9ob7gr1,1_o069bfl0/a.m3u8?uiConfId=50468382&playSessionId=ca18aa5b-e6bb-d23a-08a1-01117cd0a243:52b49aac-a339-e6ad-546b-a78620a2ac9f&referrer=aHR0cHM6Ly93d3cubnZpZGlhLmNvbS9lbi11cy9vbi1kZW1hbmQvc2Vzc2lvbi9ndGMyNS1kbGl0NzEzMDUv&clientTag=html5:v7.264","m3u8"
"https://www.nvidia.com/en-us/on-demand/session/gtc25-s74177/","40:33:00","https://cdnapisec.kaltura.com/p/2935771/sp/293577100/playManifest/entryId/1_sp6gm2o3/protocol/https/format/applehttp/flavorIds/1_5ry6jems,1_iu7wnhfp,1_uvp3jos7,1_9xf95e8r,1_pi1g4dzv/a.m3u8?uiConfId=50468382&playSessionId=76e4df4f-0cfd-5c6b-6d68-bf0bc8aaee01:67d67088-af25-f3f6-ef9a-b26886c53676&referrer=aHR0cHM6Ly93d3cubnZpZGlhLmNvbS9lbi11cy9vbi1kZW1hbmQvc2Vzc2lvbi9ndGMyNS1zNzQxNzcv&clientTag=html5:v7.264","m3u8"
"https://www.nvidia.com/en-us/on-demand/session/gtc25-s74333/","43:25:00","https://cdnapisec.kaltura.com/p/2935771/sp/293577100/playManifest/entryId/1_1r2msh16/protocol/https/format/applehttp/flavorIds/1_poxzdbzv,1_vzf6cg8u,1_p2hio307,1_2464im8k,1_n3zjmwmx/a.m3u8?uiConfId=50468382&playSessionId=889c7f68-4dfc-cc55-bf04-2940df0aeb43:cfb8679c-019b-c071-75f9-32ecd7ef81da&referrer=aHR0cHM6Ly93d3cubnZpZGlhLmNvbS9lbi11cy9vbi1kZW1hbmQvc2Vzc2lvbi9ndGMyNS1zNzQzMzMv&clientTag=html5:v7.264","m3u8"
"https://www.nvidia.com/en-us/on-demand/session/gtc25-s74625/","39:12:00","https://cdnapisec.kaltura.com/p/2935771/sp/293577100/playManifest/entryId/1_o43gtfvi/protocol/https/format/applehttp/flavorIds/1_lu6ysfsc,1_0iu11utx,1_x6jeb7tj,1_h0m69o30,1_q8etjn9n/a.m3u8?uiConfId=50468382&playSessionId=ed4a2a26-848f-b970-f1f5-7a83b811c70a:a0b03eec-0280-70dd-ac42-7b637057c55b&referrer=aHR0cHM6Ly93d3cubnZpZGlhLmNvbS9lbi11cy9vbi1kZW1hbmQvc2Vzc2lvbi9ndGMyNS1zNzQ2MjUv&clientTag=html5:v7.264","m3u8"
"https://www.nvidia.com/en-us/on-demand/session/gtc25-s74522/","43:52:00","https://cdnapisec.kaltura.com/p/2935771/sp/293577100/playManifest/entryId/1_bumnckr3/protocol/https/format/applehttp/flavorIds/1_st86i4a9,1_2gfb3s8d,1_4xwnceus,1_jfzrjrzy,1_09025saj/a.m3u8?uiConfId=50468382&playSessionId=b07e7036-646e-2543-5dbb-26b66c760074:446ebfd5-ae9f-fff2-01a4-4a3a19c826cd&referrer=aHR0cHM6Ly93d3cubnZpZGlhLmNvbS9lbi11cy9vbi1kZW1hbmQvc2Vzc2lvbi9ndGMyNS1zNzQ1MjIv&clientTag=html5:v7.264","m3u8"
"https://www.nvidia.com/en-us/on-demand/session/gtc25-dlit74336/","36:39:00","https://cdnapisec.kaltura.com/p/2935771/sp/293577100/playManifest/entryId/1_v2bgjk6f/protocol/https/format/applehttp/flavorIds/1_o0jvxvod,1_juclon6c,1_nazy08ch,1_n2xo0hyz,1_hudb12o9/a.m3u8?uiConfId=50468382&playSessionId=f164285c-33f6-5b44-5d24-24e1f4d48f93:a634353b-51c1-407a-7ac4-5aff20d79066&referrer=aHR0cHM6Ly93d3cubnZpZGlhLmNvbS9lbi11cy9vbi1kZW1hbmQvc2Vzc2lvbi9ndGMyNS1kbGl0NzQzMzYv&clientTag=html5:v7.264","m3u8"
"https://www.nvidia.com/en-us/on-demand/session/gtc25-s71213/","35:17:00","https://cdnapisec.kaltura.com/p/2935771/sp/293577100/playManifest/entryId/1_c9pd4stx/protocol/https/format/applehttp/flavorIds/1_f90g8617,1_y6xe6k97,1_y196hf5e,1_erv1pna7,1_w73uls7c,1_26206l9l/a.m3u8?uiConfId=50468382&playSessionId=b8258d8a-e764-6f3e-5983-abd076c6372b:9cb3b0fb-7320-30aa-c1ee-b07ca2a215e7&referrer=aHR0cHM6Ly93d3cubnZpZGlhLmNvbS9lbi11cy9vbi1kZW1hbmQvc2Vzc2lvbi9ndGMyNS1zNzEyMTMv&clientTag=html5:v7.264","m3u8"
"https://www.nvidia.com/en-us/on-demand/session/gtc25-s72236/","38:25:00","https://cdnapisec.kaltura.com/p/2935771/sp/293577100/playManifest/entryId/1_k4kwn03s/protocol/https/format/applehttp/flavorIds/1_dwec181f,1_6ocmvcaw/a.m3u8?uiConfId=50468382&playSessionId=ab632913-59a8-2780-df35-7c1a66d58d09:22bfcb40-a4c0-9b05-b8fb-3f61f1ee7b46&referrer=aHR0cHM6Ly93d3cubnZpZGlhLmNvbS9lbi11cy9vbi1kZW1hbmQvc2Vzc2lvbi9ndGMyNS1zNzIyMzYv&clientTag=html5:v7.264","m3u8"
"https://www.nvidia.com/en-us/on-demand/session/gtc25-s72416/","1:18:46","https://cdnapisec.kaltura.com/p/2935771/sp/293577100/playManifest/entryId/1_sw7a3iff/protocol/https/format/applehttp/flavorIds/1_juzpb0d9,1_wi4ffnj9,1_uhmsskcq/a.m3u8?uiConfId=50468382&playSessionId=74b6381d-a280-fc3c-f5dd-67045aebd6e9:7bab1e47-4681-ddb3-4ff7-7024bf85e396&referrer=aHR0cHM6Ly93d3cubnZpZGlhLmNvbS9lbi11cy9vbi1kZW1hbmQvc2Vzc2lvbi9ndGMyNS1zNzI0MTYv&clientTag=html5:v7.264","m3u8"
"https://www.nvidia.com/en-us/on-demand/session/gtc25-s71650/","39:03:00","https://cdnapisec.kaltura.com/p/2935771/sp/293577100/playManifest/entryId/1_y6jx8zd7/protocol/https/format/applehttp/flavorIds/1_eenvt3nz,1_h1cb216q/a.m3u8?uiConfId=50468382&playSessionId=9bc1462c-ad66-ba8f-4e58-5ea97fdfe226:edd82a7e-cd93-ffe7-f389-8115be68e11b&referrer=aHR0cHM6Ly93d3cubnZpZGlhLmNvbS9lbi11cy9vbi1kZW1hbmQvc2Vzc2lvbi9ndGMyNS1zNzE2NTAv&clientTag=html5:v7.264","m3u8"
"https://www.nvidia.com/en-us/on-demand/session/gtc25-s72578/","41:41:00","https://cdnapisec.kaltura.com/p/2935771/sp/293577100/playManifest/entryId/1_v9uzxsy8/protocol/https/format/applehttp/flavorIds/1_b6vx9po1,1_0yzms2uk,1_ba7wlqdw,1_15h1mmgg,1_telssuuy/a.m3u8?uiConfId=50468382&playSessionId=9845b1a3-8bf3-2a41-859a-39a7c5fac9a4:dc9fecd2-601e-4ccc-89f2-d3992a3936f2&referrer=aHR0cHM6Ly93d3cubnZpZGlhLmNvbS9lbi11cy9vbi1kZW1hbmQvc2Vzc2lvbi9ndGMyNS1zNzI1Nzgv&clientTag=html5:v7.264","m3u8"
"https://www.nvidia.com/en-us/on-demand/session/gtc25-s71997/","38:33:00","https://cdnapisec.kaltura.com/p/2935771/sp/293577100/playManifest/entryId/1_ytk5n8wc/protocol/https/format/applehttp/flavorIds/1_ihwoxccx,1_58fyh3eq,1_ptgskxjm,1_gv5oe7bm,1_rx92b9he/a.m3u8?uiConfId=50468382&playSessionId=4698e899-c444-7da2-b17d-43092a3f6c2c:4ee1069f-e2d2-859b-9b80-329d73115f8d&referrer=aHR0cHM6Ly93d3cubnZpZGlhLmNvbS9lbi11cy9vbi1kZW1hbmQvc2Vzc2lvbi9ndGMyNS1zNzE5OTcv&clientTag=html5:v7.264","m3u8"
"https://www.nvidia.com/en-us/on-demand/session/gtc25-s71692/","42:15:00","https://cdnapisec.kaltura.com/p/2935771/sp/293577100/playManifest/entryId/1_cjhl29ef/protocol/https/format/applehttp/flavorIds/1_yxh1h68r,1_f59yxro2,1_h7gdxrel,1_81s5ec8l,1_212b9vmp/a.m3u8?uiConfId=50468382&playSessionId=1bad5626-784f-6930-3168-4f736b6a315b:ddf52be0-aa03-1a1a-62f0-14da1ecb5b77&referrer=aHR0cHM6Ly93d3cubnZpZGlhLmNvbS9lbi11cy9vbi1kZW1hbmQvc2Vzc2lvbi9ndGMyNS1zNzE2OTIv&clientTag=html5:v7.264","m3u8"
"https://www.nvidia.com/en-us/on-demand/session/gtc25-s71824/","31:58:00","https://cdnapisec.kaltura.com/p/2935771/sp/293577100/playManifest/entryId/1_3ofbk9pq/protocol/https/format/applehttp/flavorIds/1_96hox8pv,1_6lz1wr78,1_vteudaz8,1_emm8371v,1_j3dxszw4/a.m3u8?uiConfId=50468382&playSessionId=e2635d77-5824-55f7-aa4b-315401b62f94:89b58b47-c8d6-cc58-ec33-9d92a4e157cf&referrer=aHR0cHM6Ly93d3cubnZpZGlhLmNvbS9lbi11cy9vbi1kZW1hbmQvc2Vzc2lvbi9ndGMyNS1zNzE4MjQv&clientTag=html5:v7.264","m3u8"
"https://www.nvidia.com/en-us/on-demand/session/gtc25-s72684/","43:00:00","https://cdnapisec.kaltura.com/p/2935771/sp/293577100/playManifest/entryId/1_bcekopyc/protocol/https/format/applehttp/flavorIds/1_kmcm0151,1_su3aw2ne,1_vkcoq03v,1_0bf2ahax,1_uh7aul8a,1_6iy01v9v/a.m3u8?uiConfId=50468382&playSessionId=4e253ee7-2d34-1de5-f352-023bc1d0d6ad:2273bad3-a7f3-70f6-6526-de2a82a80c5a&referrer=aHR0cHM6Ly93d3cubnZpZGlhLmNvbS9lbi11cy9vbi1kZW1hbmQvc2Vzc2lvbi9ndGMyNS1zNzI2ODQv&clientTag=html5:v7.264","m3u8"
"https://www.nvidia.com/en-us/on-demand/session/gtc25-s73265/","42:06:00","https://cdnapisec.kaltura.com/p/2935771/sp/293577100/playManifest/entryId/1_6vpvg7js/protocol/https/format/applehttp/flavorIds/1_3ddl35yq,1_rvhbadii,1_2ny7v6i5,1_uf7p3pcw,1_tioxy7bk/a.m3u8?uiConfId=50468382&playSessionId=cb9570a0-a207-60c6-765b-244eede13ed2:10a24a99-a01e-0fdc-cef8-7f558e1f50bc&referrer=aHR0cHM6Ly93d3cubnZpZGlhLmNvbS9lbi11cy9vbi1kZW1hbmQvc2Vzc2lvbi9ndGMyNS1zNzMyNjUv&clientTag=html5:v7.264","m3u8"
"https://www.nvidia.com/en-us/on-demand/session/gtc25-s73440/","45:41:00","https://cdnapisec.kaltura.com/p/2935771/sp/293577100/playManifest/entryId/1_b19rmdfh/protocol/https/format/applehttp/flavorIds/1_tagh5v63,1_gyg6c144,1_e6lf65hs,1_v27n01pq,1_dfpdj9xj,1_cokjqybc/a.m3u8?uiConfId=50468382&playSessionId=adb52ac2-593d-f7ff-5976-22048c14e197:1df93a14-25fd-8b38-d1bc-6cabf0546c5e&referrer=aHR0cHM6Ly93d3cubnZpZGlhLmNvbS9lbi11cy9vbi1kZW1hbmQvc2Vzc2lvbi9ndGMyNS1zNzM0NDAv&clientTag=html5:v7.264","m3u8"
"https://www.nvidia.com/en-us/on-demand/session/gtc25-s73058/","1:00:06","https://cdnapisec.kaltura.com/p/2935771/sp/293577100/playManifest/entryId/1_ysw5x89v/protocol/https/format/applehttp/flavorIds/1_v7lk9fo5,1_hnh9s3r1,1_0rer5kkl,1_1szc3lcn,1_8gybwixn,1_ljy7mqbi/a.m3u8?uiConfId=50468382&playSessionId=ec6c14dc-d785-2b98-5d8b-cbe29319a618:7bd33ea0-6482-a23d-02e2-348a9828a63f&referrer=aHR0cHM6Ly93d3cubnZpZGlhLmNvbS9lbi11cy9vbi1kZW1hbmQvc2Vzc2lvbi9ndGMyNS1zNzMwNTgv&clientTag=html5:v7.264","m3u8"
"https://www.nvidia.com/en-us/on-demand/session/gtc25-s72806/","32:28:00","https://cdnapisec.kaltura.com/p/2935771/sp/293577100/playManifest/entryId/1_qeton0n0/protocol/https/format/applehttp/flavorIds/1_zt03z9e9,1_w6g0yic2,1_v9vr9asr,1_d1ln41ok,1_2sis96gk/a.m3u8?uiConfId=50468382&playSessionId=46bd4b6c-6173-7e0a-8ae4-458bc02b02e6:19dc23cf-eab7-279c-25ee-be052fc75ef6&referrer=aHR0cHM6Ly93d3cubnZpZGlhLmNvbS9lbi11cy9vbi1kZW1hbmQvc2Vzc2lvbi9ndGMyNS1zNzI4MDYv&clientTag=html5:v7.264","m3u8"
"https://www.nvidia.com/en-us/on-demand/session/gtc25-s72902/","38:18:00","https://cdnapisec.kaltura.com/p/2935771/sp/293577100/playManifest/entryId/1_9e3w2dwe/protocol/https/format/applehttp/flavorIds/1_r3voymhb,1_0ctttz54,1_1v9rka4g,1_j9w99xxs,1_cs963njh/a.m3u8?uiConfId=50468382&playSessionId=52f02186-8941-0744-4704-fbf18a15918c:1cddee20-403a-e9e8-9ed6-e6f7b9423121&referrer=aHR0cHM6Ly93d3cubnZpZGlhLmNvbS9lbi11cy9vbi1kZW1hbmQvc2Vzc2lvbi9ndGMyNS1zNzI5MDIv&clientTag=html5:v7.264","m3u8"
"https://www.nvidia.com/en-us/on-demand/session/gtc25-s73733/","39:16:00","https://cdnapisec.kaltura.com/p/2935771/sp/293577100/playManifest/entryId/1_qtpk703d/protocol/https/format/applehttp/flavorIds/1_yud8vmlq,1_6em58lu5,1_mqclim21,1_nqso7sze/a.m3u8?uiConfId=50468382&playSessionId=5afdae0b-d800-f2be-e752-71b180660eb0:096099d9-5f94-6c42-feab-631c19bbdbf7&referrer=aHR0cHM6Ly93d3cubnZpZGlhLmNvbS9lbi11cy9vbi1kZW1hbmQvc2Vzc2lvbi9ndGMyNS1zNzM3MzMv&clientTag=html5:v7.264","m3u8"
"https://www.nvidia.com/en-us/on-demand/session/gtc25-s73863/","40:35:00","https://cdnapisec.kaltura.com/p/2935771/sp/293577100/playManifest/entryId/1_0z5fek6y/protocol/https/format/applehttp/flavorIds/1_pdlqdd9k,1_gqljx43c,1_i5xhdzxj,1_9arelqec,1_5rr4ky1p,1_6cpo2u84/a.m3u8?uiConfId=50468382&playSessionId=5bdbb824-274b-09b5-4177-949154547318:140cc079-9e66-089b-dc31-a9108db8c6e2&referrer=aHR0cHM6Ly93d3cubnZpZGlhLmNvbS9lbi11cy9vbi1kZW1hbmQvc2Vzc2lvbi9ndGMyNS1zNzM4NjMv&clientTag=html5:v7.264","m3u8"
"https://www.nvidia.com/en-us/on-demand/session/gtc25-s73097/","38:43:00","https://cdnapisec.kaltura.com/p/2935771/sp/293577100/playManifest/entryId/1_shvpum11/protocol/https/format/applehttp/flavorIds/1_v0eckm37,1_f654zpo4,1_zucdglde,1_z615zq4g/a.m3u8?uiConfId=50468382&playSessionId=718dafc7-5102-bb85-d265-6436ba6e4c76:aecc8692-e202-c4bd-06c6-eb55a1c89bca&referrer=aHR0cHM6Ly93d3cubnZpZGlhLmNvbS9lbi11cy9vbi1kZW1hbmQvc2Vzc2lvbi9ndGMyNS1zNzMwOTcv&clientTag=html5:v7.264","m3u8"
"https://www.nvidia.com/en-us/on-demand/session/gtc25-s74184/","34:24:00","https://cdnapisec.kaltura.com/p/2935771/sp/293577100/playManifest/entryId/1_s7fn7ooq/protocol/https/format/applehttp/flavorIds/1_v6xhwwme,1_ef1lqwer,1_a2p5834e,1_h5yihvf6,1_ox3k4d1l,1_by98hj4n/a.m3u8?uiConfId=50468382&playSessionId=b0630144-d0a4-c2b3-c901-8efb8d09b470:70dcf685-89ee-a941-7eac-5adf34e4ad4d&referrer=aHR0cHM6Ly93d3cubnZpZGlhLmNvbS9lbi11cy9vbi1kZW1hbmQvc2Vzc2lvbi9ndGMyNS1zNzQxODQv&clientTag=html5:v7.264","m3u8"
"https://www.nvidia.com/en-us/on-demand/session/gtc25-s74495/","2:03:20","https://cdnapisec.kaltura.com/p/2935771/sp/293577100/playManifest/entryId/1_w85anady/protocol/https/format/applehttp/flavorIds/1_su48dmo6,1_sd35cn9y,1_0rd6p05y,1_qfn17z5v,1_7upa6pvr,1_cso3nhld/a.m3u8?uiConfId=50468382&playSessionId=0d6a4aff-64ae-89a2-1716-e4f9def53c03:d06682c9-8418-7f92-c94f-fea507402207&referrer=aHR0cHM6Ly93d3cubnZpZGlhLmNvbS9lbi11cy9vbi1kZW1hbmQvc2Vzc2lvbi9ndGMyNS1zNzQ0OTUv&clientTag=html5:v7.264","m3u8"
"https://www.nvidia.com/en-us/on-demand/session/gtc25-s74297/","28:10:00","https://cdnapisec.kaltura.com/p/2935771/sp/293577100/playManifest/entryId/1_itrmuc1f/protocol/https/format/applehttp/flavorIds/1_s265p0l4,1_viw1xka3,1_6lee8g8w,1_p6zzjhu5,1_tpu63faf/a.m3u8?uiConfId=50468382&playSessionId=83275209-ef7f-24fb-5e64-88607235bda8:e3b5eba7-7121-8595-e194-7fa7365d10b6&referrer=aHR0cHM6Ly93d3cubnZpZGlhLmNvbS9lbi11cy9vbi1kZW1hbmQvc2Vzc2lvbi9ndGMyNS1zNzQyOTcv&clientTag=html5:v7.264","m3u8"
"https://www.nvidia.com/en-us/on-demand/session/gtc25-s74603/","36:35:00","https://cdnapisec.kaltura.com/p/2935771/sp/293577100/playManifest/entryId/1_39mzjd4y/protocol/https/format/applehttp/flavorIds/1_pnhw8okz,1_x81n3ln3,1_w4rr2pol,1_qvzlsd9s/a.m3u8?uiConfId=50468382&playSessionId=5a0c20c5-785b-a743-56f0-949e43149840:bc988bde-4ee3-0ce3-5599-d2371277d433&referrer=aHR0cHM6Ly93d3cubnZpZGlhLmNvbS9lbi11cy9vbi1kZW1hbmQvc2Vzc2lvbi9ndGMyNS1zNzQ2MDMv&clientTag=html5:v7.264","m3u8"
"https://www.nvidia.com/en-us/on-demand/session/gtc25-se74556/","50:05:00","https://cdnapisec.kaltura.com/p/2935771/sp/293577100/playManifest/entryId/1_q8gdwg2s/protocol/https/format/applehttp/flavorIds/1_ebo0bz3o,1_mqv10ij7,1_qxpaoneu,1_78f11b48,1_t0xckoqr,1_iy71hvaf/a.m3u8?uiConfId=50468382&playSessionId=f1fb4c29-2530-9b23-8ef2-7031a7ab705f:917f8432-bbf4-e5b4-f3e4-758e2bdcd618&referrer=aHR0cHM6Ly93d3cubnZpZGlhLmNvbS9lbi11cy9vbi1kZW1hbmQvc2Vzc2lvbi9ndGMyNS1zZTc0NTU2Lw==&clientTag=html5:v7.264","m3u8"
"https://www.nvidia.com/en-us/on-demand/session/gtc25-s72463/","41:34:00","https://cdnapisec.kaltura.com/p/2935771/sp/293577100/playManifest/entryId/1_53yi450r/protocol/https/format/applehttp/flavorIds/1_7gimos4n,1_pieyd780,1_ee71u9vv/a.m3u8?uiConfId=50468382&playSessionId=38f6ee8f-dc97-5327-0b1f-1d03716eb817:f97dfe1b-a0c5-16a6-a788-fc940b8a6dce&referrer=aHR0cHM6Ly93d3cubnZpZGlhLmNvbS9lbi11cy9vbi1kZW1hbmQvc2Vzc2lvbi9ndGMyNS1zNzI0NjMv&clientTag=html5:v7.264","m3u8"
"https://www.nvidia.com/en-us/on-demand/session/gtc25-s72513/","33:09:00","https://cdnapisec.kaltura.com/p/2935771/sp/293577100/playManifest/entryId/1_uwt7kmkn/protocol/https/format/applehttp/flavorIds/1_jyfdf3uh,1_qx2859ip,1_bsdsv0iu,1_ueqpta8d,1_s70t8vh2/a.m3u8?uiConfId=50468382&playSessionId=e6478090-38d3-e231-d683-6fe736e987da:b39f3442-f405-4aad-f82d-5bdb2ecb0831&referrer=aHR0cHM6Ly93d3cubnZpZGlhLmNvbS9lbi11cy9vbi1kZW1hbmQvc2Vzc2lvbi9ndGMyNS1zNzI1MTMv&clientTag=html5:v7.264","m3u8"
"https://www.nvidia.com/en-us/on-demand/session/gtc25-s71638/","38:51:00","https://cdnapisec.kaltura.com/p/2935771/sp/293577100/playManifest/entryId/1_c05z0y9c/protocol/https/format/applehttp/flavorIds/1_gpfgweii,1_eh04rno9,1_scfxvdop,1_no01flfn/a.m3u8?uiConfId=50468382&playSessionId=e581b213-6be9-1ea0-2152-3e8dbb415a0b:43afd8c5-773b-c849-76b7-c6047ae43dc9&referrer=aHR0cHM6Ly93d3cubnZpZGlhLmNvbS9lbi11cy9vbi1kZW1hbmQvc2Vzc2lvbi9ndGMyNS1zNzE2Mzgv&clientTag=html5:v7.264","m3u8"
"https://www.nvidia.com/en-us/on-demand/session/gtc25-s72579/","37:36:00","https://cdnapisec.kaltura.com/p/2935771/sp/293577100/playManifest/entryId/1_63gbppkf/protocol/https/format/applehttp/flavorIds/1_7g5ll8z9,1_raufby3y,1_x0n6p313/a.m3u8?uiConfId=50468382&playSessionId=47e1d7ef-4701-af7e-b2d2-b376d500d96a:ecb84957-2f2b-b93c-aa0e-84a5e49a1d3f&referrer=aHR0cHM6Ly93d3cubnZpZGlhLmNvbS9lbi11cy9vbi1kZW1hbmQvc2Vzc2lvbi9ndGMyNS1zNzI1Nzkv&clientTag=html5:v7.264","m3u8"
"https://www.nvidia.com/en-us/on-demand/session/gtc25-s71732/","41:24:00","https://cdnapisec.kaltura.com/p/2935771/sp/293577100/playManifest/entryId/1_mqi4r384/protocol/https/format/applehttp/flavorIds/1_etkzfrv1,1_h1a7q6fk,1_gyv6lznh/a.m3u8?uiConfId=50468382&playSessionId=a58d1aab-3c8b-e846-1c4b-66ea9289e77f:c03e9680-9404-8267-6676-7004a376d533&referrer=aHR0cHM6Ly93d3cubnZpZGlhLmNvbS9lbi11cy9vbi1kZW1hbmQvc2Vzc2lvbi9ndGMyNS1zNzE3MzIv&clientTag=html5:v7.264","m3u8"
"https://www.nvidia.com/en-us/on-demand/session/gtc25-s71886/","37:24:00","https://cdnapisec.kaltura.com/p/2935771/sp/293577100/playManifest/entryId/1_rzhy2pwe/protocol/https/format/applehttp/flavorIds/1_47tnlb7v,1_f54ar5lp/a.m3u8?uiConfId=50468382&playSessionId=0627cc57-77a8-3949-515d-fcf9a4274ca4:08a0c103-3260-8df1-d846-58f05f9e2bcf&referrer=aHR0cHM6Ly93d3cubnZpZGlhLmNvbS9lbi11cy9vbi1kZW1hbmQvc2Vzc2lvbi9ndGMyNS1zNzE4ODYv&clientTag=html5:v7.264","m3u8"
"https://www.nvidia.com/en-us/on-demand/session/gtc25-s72668/","38:30:00","https://cdnapisec.kaltura.com/p/2935771/sp/293577100/playManifest/entryId/1_0cx22ndn/protocol/https/format/applehttp/flavorIds/1_lzv8u06f,1_m2l4oaf4,1_awfft72o,1_jx508eow,1_dy1uxejx/a.m3u8?uiConfId=50468382&playSessionId=5bb81024-c3dd-df21-690d-b73e68b0d855:ea1d0f16-845a-b0fa-8992-586a48e04d42&referrer=aHR0cHM6Ly93d3cubnZpZGlhLmNvbS9lbi11cy9vbi1kZW1hbmQvc2Vzc2lvbi9ndGMyNS1zNzI2Njgv&clientTag=html5:v7.264","m3u8"
"https://www.nvidia.com/en-us/on-demand/session/gtc25-s72709/","31:35:00","https://cdnapisec.kaltura.com/p/2935771/sp/293577100/playManifest/entryId/1_tnasuq7o/protocol/https/format/applehttp/flavorIds/1_w97e01oj,1_izc5p4wj,1_x2c9g1da,1_zly0r1nr/a.m3u8?uiConfId=50468382&playSessionId=2225cf16-7bfd-6ef3-711f-3b22dd07a991:cae595cb-f084-416d-1513-ad8044dcbcf7&referrer=aHR0cHM6Ly93d3cubnZpZGlhLmNvbS9lbi11cy9vbi1kZW1hbmQvc2Vzc2lvbi9ndGMyNS1zNzI3MDkv&clientTag=html5:v7.264","m3u8"
"https://www.nvidia.com/en-us/on-demand/session/gtc25-s72778/","38:00:00","https://cdnapisec.kaltura.com/p/2935771/sp/293577100/playManifest/entryId/1_hwrdd2d9/protocol/https/format/applehttp/flavorIds/1_enx8sgxy,1_63g1d5vb,1_gtbpzj3k,1_2lnpoy7y/a.m3u8?uiConfId=50468382&playSessionId=7fdd30a7-e73b-d1bf-c360-53e96fe074a8:5fcb4f33-5ead-09aa-87fc-698f808c6b0f&referrer=aHR0cHM6Ly93d3cubnZpZGlhLmNvbS9lbi11cy9vbi1kZW1hbmQvc2Vzc2lvbi9ndGMyNS1zNzI3Nzgv&clientTag=html5:v7.264","m3u8"
"https://www.nvidia.com/en-us/on-demand/session/gtc25-s71921/","30:12:00","https://cdnapisec.kaltura.com/p/2935771/sp/293577100/playManifest/entryId/1_zkkt8ko8/protocol/https/format/applehttp/flavorIds/1_5rilnxhp,1_ms01rymz,1_g2whb7pd,1_cc54s68z,1_8hiuj9r5/a.m3u8?uiConfId=50468382&playSessionId=303dd222-6a1a-68f3-dc42-c54c643b7343:8855bf5c-3514-fa9a-aa04-b40b2a437b4d&referrer=aHR0cHM6Ly93d3cubnZpZGlhLmNvbS9lbi11cy9vbi1kZW1hbmQvc2Vzc2lvbi9ndGMyNS1zNzE5MjEv&clientTag=html5:v7.264","m3u8"
"https://www.nvidia.com/en-us/on-demand/session/gtc25-dd72551/","1:40:34","https://cdnapisec.kaltura.com/p/2935771/sp/293577100/playManifest/entryId/1_jst5pt2b/protocol/https/format/applehttp/flavorIds/1_lc8apqd9,1_8rmu81sl,1_3fk1gjwh,1_cc2ayogf/a.m3u8?uiConfId=50468382&playSessionId=1336533e-318d-186b-897b-ee0fe5f85ad4:8b6c86db-fd67-9cc3-24cd-461f4a9ebd06&referrer=aHR0cHM6Ly93d3cubnZpZGlhLmNvbS9lbi11cy9vbi1kZW1hbmQvc2Vzc2lvbi9ndGMyNS1kZDcyNTUxLw==&clientTag=html5:v7.264","m3u8"
"https://www.nvidia.com/en-us/on-demand/session/gtc25-s73269/","42:18:00","https://cdnapisec.kaltura.com/p/2935771/sp/293577100/playManifest/entryId/1_p0q4hn9p/protocol/https/format/applehttp/flavorIds/1_67fi0clw,1_imnejml7,1_9qbtur43,1_8jrm2x1r,1_31amp8k4/a.m3u8?uiConfId=50468382&playSessionId=8a6e608c-34cf-f860-e614-75e68056712a:2e5467cf-81f1-71eb-e074-0032115f056f&referrer=aHR0cHM6Ly93d3cubnZpZGlhLmNvbS9lbi11cy9vbi1kZW1hbmQvc2Vzc2lvbi9ndGMyNS1zNzMyNjkv&clientTag=html5:v7.264","m3u8"
"https://www.nvidia.com/en-us/on-demand/session/gtc25-s73667/","39:41:00","https://cdnapisec.kaltura.com/p/2935771/sp/293577100/playManifest/entryId/1_xgzgn6i4/protocol/https/format/applehttp/flavorIds/1_dxn9bsaf,1_opkwh5dg,1_1u6e7sjg/a.m3u8?uiConfId=50468382&playSessionId=74e1fdfb-543a-0d1e-1859-100ac7d77f4b:aea250c4-4f41-3c6c-0712-247dd60df304&referrer=aHR0cHM6Ly93d3cubnZpZGlhLmNvbS9lbi11cy9vbi1kZW1hbmQvc2Vzc2lvbi9ndGMyNS1zNzM2Njcv&clientTag=html5:v7.264","m3u8"
"https://www.nvidia.com/en-us/on-demand/session/gtc25-s73150/","37:07:00","https://cdnapisec.kaltura.com/p/2935771/sp/293577100/playManifest/entryId/1_9mnvvpgm/protocol/https/format/applehttp/flavorIds/1_eztzz0wc,1_3tus7oys,1_phd7hhds,1_egc8d8dw,1_p587mut1/a.m3u8?uiConfId=50468382&playSessionId=6f61a103-a8c4-fd77-9e03-879216389638:bb890ca4-3787-5693-4d12-cee743d0dfd8&referrer=aHR0cHM6Ly93d3cubnZpZGlhLmNvbS9lbi11cy9vbi1kZW1hbmQvc2Vzc2lvbi9ndGMyNS1zNzMxNTAv&clientTag=html5:v7.264","m3u8"
"https://www.nvidia.com/en-us/on-demand/session/gtc25-s74122/","40:14:00","https://cdnapisec.kaltura.com/p/2935771/sp/293577100/playManifest/entryId/1_1mfgkp2k/protocol/https/format/applehttp/flavorIds/1_byca6ont,1_xk4ntu9d,1_zrx000is,1_3naeh4a4/a.m3u8?uiConfId=50468382&playSessionId=bde9304c-e5cd-ae87-067f-4bebda6511a2:af366227-35c9-4b89-7404-8740b98b27d7&referrer=aHR0cHM6Ly93d3cubnZpZGlhLmNvbS9lbi11cy9vbi1kZW1hbmQvc2Vzc2lvbi9ndGMyNS1zNzQxMjIv&clientTag=html5:v7.264","m3u8"
"https://www.nvidia.com/en-us/on-demand/session/gtc25-s72984/","37:50:00","https://cdnapisec.kaltura.com/p/2935771/sp/293577100/playManifest/entryId/1_7bju66i4/protocol/https/format/applehttp/flavorIds/1_ubn28n78,1_2iwwu10n,1_aplxd2u8,1_vhtzywlw,1_69uoctww/a.m3u8?uiConfId=50468382&playSessionId=ef210b35-b145-99ce-b874-7f534dcdc7ee:75eb2c64-7745-b03a-a770-507b8013b800&referrer=aHR0cHM6Ly93d3cubnZpZGlhLmNvbS9lbi11cy9vbi1kZW1hbmQvc2Vzc2lvbi9ndGMyNS1zNzI5ODQv&clientTag=html5:v7.264","m3u8"
"https://www.nvidia.com/en-us/on-demand/session/gtc25-s73027/","40:00:00","https://cdnapisec.kaltura.com/p/2935771/sp/293577100/playManifest/entryId/1_8sbgewi8/protocol/https/format/applehttp/flavorIds/1_bt7bjont,1_kv8ftkg4,1_v2jsd6ww,1_y0z4ouk6,1_epywohrv/a.m3u8?uiConfId=50468382&playSessionId=cc818ed0-314d-8316-0131-d1bf16a24dcc:0ab4055b-e25f-f31a-21af-54bab64bf37f&referrer=aHR0cHM6Ly93d3cubnZpZGlhLmNvbS9lbi11cy9vbi1kZW1hbmQvc2Vzc2lvbi9ndGMyNS1zNzMwMjcv&clientTag=html5:v7.264","m3u8"
"https://www.nvidia.com/en-us/on-demand/session/gtc25-s72799/","25:55:00","https://cdnapisec.kaltura.com/p/2935771/sp/293577100/playManifest/entryId/1_shnsdlo9/protocol/https/format/applehttp/flavorIds/1_r68h6j77,1_qyhc6z3f,1_o8r9c2l6/a.m3u8?uiConfId=50468382&playSessionId=60886573-6098-460d-bafa-a7509234fcd6:b6d356b5-2141-8c71-3750-d3913b090b8d&referrer=aHR0cHM6Ly93d3cubnZpZGlhLmNvbS9lbi11cy9vbi1kZW1hbmQvc2Vzc2lvbi9ndGMyNS1zNzI3OTkv&clientTag=html5:v7.264","m3u8"
"https://www.nvidia.com/en-us/on-demand/session/gtc25-dlit71265/","1:40:44","https://cdnapisec.kaltura.com/p/2935771/sp/293577100/playManifest/entryId/1_9ld0p7ex/protocol/https/format/applehttp/flavorIds/1_dshpe28o,1_4t1l3b57,1_5e6aqc4j,1_y1d8sl9g,1_11chwxha/a.m3u8?uiConfId=50468382&playSessionId=31817f15-982f-d0a6-e88f-7da708c96dcf:f8cf2d7e-471d-a388-eba2-e19c7624ae11&referrer=aHR0cHM6Ly93d3cubnZpZGlhLmNvbS9lbi11cy9vbi1kZW1hbmQvc2Vzc2lvbi9ndGMyNS1kbGl0NzEyNjUv&clientTag=html5:v7.264","m3u8"
"https://www.nvidia.com/en-us/on-demand/session/gtc25-dlit71288/","1:17:44","https://cdnapisec.kaltura.com/p/2935771/sp/293577100/playManifest/entryId/1_zbsgg3gx/protocol/https/format/applehttp/flavorIds/1_ea0dp4it,1_51pwqzme,1_lwe77dru,1_p72xbteo/a.m3u8?uiConfId=50468382&playSessionId=13d10616-2245-c470-e58a-775431ca7f46:3a79276e-08cc-1fb8-a644-341a3e831daa&referrer=aHR0cHM6Ly93d3cubnZpZGlhLmNvbS9lbi11cy9vbi1kZW1hbmQvc2Vzc2lvbi9ndGMyNS1kbGl0NzEyODgv&clientTag=html5:v7.264","m3u8"
"https://www.nvidia.com/en-us/on-demand/session/gtc25-dlit71603/","1:50:56","https://cdnapisec.kaltura.com/p/2935771/sp/293577100/playManifest/entryId/1_oaays85h/protocol/https/format/applehttp/flavorIds/1_wckyvw09,1_3ocmocme/a.m3u8?uiConfId=50468382&playSessionId=17b13252-8717-ef62-284e-3351b790ca45:f8927b12-fe0e-5b74-2bd9-48684d7df6db&referrer=aHR0cHM6Ly93d3cubnZpZGlhLmNvbS9lbi11cy9vbi1kZW1hbmQvc2Vzc2lvbi9ndGMyNS1kbGl0NzE2MDMv&clientTag=html5:v7.264","m3u8"
"https://www.nvidia.com/en-us/on-demand/session/gtc25-s74280/","39:15:00","https://cdnapisec.kaltura.com/p/2935771/sp/293577100/playManifest/entryId/1_9a2ckc6k/protocol/https/format/applehttp/flavorIds/1_yn2cmjp1,1_3epayi4a,1_1d5sbbd7,1_no3ugeo8,1_vs7wf5bt/a.m3u8?uiConfId=50468382&playSessionId=5b695f4a-fc3b-239c-0ece-d16367c557fa:f04210ac-934d-13f3-6791-c2e989285f18&referrer=aHR0cHM6Ly93d3cubnZpZGlhLmNvbS9lbi11cy9vbi1kZW1hbmQvc2Vzc2lvbi9ndGMyNS1zNzQyODAv&clientTag=html5:v7.264","m3u8"
"https://www.nvidia.com/en-us/on-demand/session/gtc25-se73317/","2:52:28","https://cdnapisec.kaltura.com/p/2935771/sp/293577100/playManifest/entryId/1_07to1ghb/protocol/https/format/applehttp/flavorIds/1_m534wrd5,1_h906pidm,1_51hck7gt,1_e90i1c12,1_ftcedwqm/a.m3u8?uiConfId=50468382&playSessionId=bdef82a5-7a94-6f46-4821-f16815ad3722:b0d069dc-6dc8-d775-1562-60ef5cefa8f4&referrer=aHR0cHM6Ly93d3cubnZpZGlhLmNvbS9lbi11cy9vbi1kZW1hbmQvc2Vzc2lvbi9ndGMyNS1zZTczMzE3Lw==&clientTag=html5:v7.264","m3u8"
"https://www.nvidia.com/en-us/on-demand/session/gtc25-dlit71755/","1:38:31","https://cdnapisec.kaltura.com/p/2935771/sp/293577100/playManifest/entryId/1_e6i01w4y/protocol/https/format/applehttp/flavorIds/1_kcc3hv74,1_sfdr8lyx,1_bh4sc6rb,1_3m90u3d0,1_1u8c1ice/a.m3u8?uiConfId=50468382&playSessionId=bd147261-0fb3-7f06-c20b-1201f160b2af:7ede9cb5-a4fc-c224-ed73-31d08f742661&referrer=aHR0cHM6Ly93d3cubnZpZGlhLmNvbS9lbi11cy9vbi1kZW1hbmQvc2Vzc2lvbi9ndGMyNS1kbGl0NzE3NTUv&clientTag=html5:v7.264","m3u8"
"https://www.nvidia.com/en-us/on-demand/session/gtc25-s72237/","39:45:00","https://cdnapisec.kaltura.com/p/2935771/sp/293577100/playManifest/entryId/1_87hm1298/protocol/https/format/applehttp/flavorIds/1_0echy17l,1_ps9pb75z,1_vnmp5sgw,1_hgp5oo8l/a.m3u8?uiConfId=50468382&playSessionId=12444ff2-b116-5f78-6d86-b9501aa58d6a:aad7c92a-ebeb-22ec-5ee8-0d66002b83d4&referrer=aHR0cHM6Ly93d3cubnZpZGlhLmNvbS9lbi11cy9vbi1kZW1hbmQvc2Vzc2lvbi9ndGMyNS1zNzIyMzcv&clientTag=html5:v7.264","m3u8"
"https://www.nvidia.com/en-us/on-demand/session/gtc25-s72576/","41:26:00","https://cdnapisec.kaltura.com/p/2935771/sp/293577100/playManifest/entryId/1_9upbxatx/protocol/https/format/applehttp/flavorIds/1_u8jwchca,1_njrsy6wq/a.m3u8?uiConfId=50468382&playSessionId=de49c2e3-efc2-15ba-c847-d1520c7a4b79:887e21c2-3c23-d34a-3a71-842ccaac7420&referrer=aHR0cHM6Ly93d3cubnZpZGlhLmNvbS9lbi11cy9vbi1kZW1hbmQvc2Vzc2lvbi9ndGMyNS1zNzI1NzYv&clientTag=html5:v7.264","m3u8"
"https://www.nvidia.com/en-us/on-demand/session/gtc25-s71812/","39:29:00","https://cdnapisec.kaltura.com/p/2935771/sp/293577100/playManifest/entryId/1_3jsz9kyo/protocol/https/format/applehttp/flavorIds/1_7api5nrc,1_1se19636,1_5lfuqtpn,1_u50yb16a/a.m3u8?uiConfId=50468382&playSessionId=aebe6b46-2cf0-9745-fae3-ff686505a4a2:db922714-9a0b-12f5-ec27-e21755445a7d&referrer=aHR0cHM6Ly93d3cubnZpZGlhLmNvbS9lbi11cy9vbi1kZW1hbmQvc2Vzc2lvbi9ndGMyNS1zNzE4MTIv&clientTag=html5:v7.264","m3u8"
"https://www.nvidia.com/en-us/on-demand/session/gtc25-dd40000/","42:08:00","https://cdnapisec.kaltura.com/p/2935771/sp/293577100/playManifest/entryId/1_n5e09npx/protocol/https/format/applehttp/flavorIds/1_3ppffdq9,1_3l15krr3,1_hz2tdmck,1_9lxarlpa,1_6jqm8l6l/a.m3u8?uiConfId=50468382&playSessionId=6c313d87-b1de-5856-a4fa-5a6a2be8d085:7b611707-e465-2fea-051c-056dda35bb7c&referrer=aHR0cHM6Ly93d3cubnZpZGlhLmNvbS9lbi11cy9vbi1kZW1hbmQvc2Vzc2lvbi9ndGMyNS1kZDQwMDAwLw==&clientTag=html5:v7.264","m3u8"
"https://www.nvidia.com/en-us/on-demand/session/gtc25-s72297/","27:47:00","https://cdnapisec.kaltura.com/p/2935771/sp/293577100/playManifest/entryId/1_qg6t07a9/protocol/https/format/applehttp/flavorIds/1_qrkxmv4c,1_sxbvd7vs,1_ow50bdx8,1_rqibrbzg,1_aynluoux,1_ldmgew1w/a.m3u8?uiConfId=50468382&playSessionId=f70ff938-2ff0-f652-86e3-d9898b6dc37a:8be7fd62-9796-9315-054a-416b9ff58c49&referrer=aHR0cHM6Ly93d3cubnZpZGlhLmNvbS9lbi11cy9vbi1kZW1hbmQvc2Vzc2lvbi9ndGMyNS1zNzIyOTcv&clientTag=html5:v7.264","m3u8"
"https://www.nvidia.com/en-us/on-demand/session/gtc25-s71595/","16:44","https://cdnapisec.kaltura.com/p/2935771/sp/293577100/playManifest/entryId/1_mcanc9g3/protocol/https/format/applehttp/flavorIds/1_uzvg8hgt,1_wg196tws,1_lezqgp91/a.m3u8?uiConfId=50468382&playSessionId=d1122c1f-1a77-be27-ed23-a980d8162da3:b0e6403e-c380-1d64-ad75-cd72b3968a40&referrer=aHR0cHM6Ly93d3cubnZpZGlhLmNvbS9lbi11cy9vbi1kZW1hbmQvc2Vzc2lvbi9ndGMyNS1zNzE1OTUv&clientTag=html5:v7.264","m3u8"
"https://www.nvidia.com/en-us/on-demand/session/gtc25-s71822/","37:03:00","https://cdnapisec.kaltura.com/p/2935771/sp/293577100/playManifest/entryId/1_yke7idzg/protocol/https/format/applehttp/flavorIds/1_2wpd2eva,1_wjvkj3t1,1_xzzj3gmx,1_k9uwox2z,1_hqv8qyey/a.m3u8?uiConfId=50468382&playSessionId=f5be34f5-83e2-06d4-9dcc-41e59a138586:f4dc3aa4-b813-2126-17a7-fea7a55ae53f&referrer=aHR0cHM6Ly93d3cubnZpZGlhLmNvbS9lbi11cy9vbi1kZW1hbmQvc2Vzc2lvbi9ndGMyNS1zNzE4MjIv&clientTag=html5:v7.264","m3u8"
"https://www.nvidia.com/en-us/on-demand/session/gtc25-s73404/","57:33:00","https://cdnapisec.kaltura.com/p/2935771/sp/293577100/playManifest/entryId/1_w9uucj0l/protocol/https/format/applehttp/flavorIds/1_kt2b176h,1_qozz1w33,1_uimmjeiq,1_9oqw4v6y/a.m3u8?uiConfId=50468382&playSessionId=65549aee-f62d-ed8c-405f-ddffecce37e9:7ef70764-c292-3148-4c82-6a121d7fc346&referrer=aHR0cHM6Ly93d3cubnZpZGlhLmNvbS9lbi11cy9vbi1kZW1hbmQvc2Vzc2lvbi9ndGMyNS1zNzM0MDQv&clientTag=html5:v7.264","m3u8"
"https://www.nvidia.com/en-us/on-demand/session/gtc25-s73019/","33:44:00","https://cdnapisec.kaltura.com/p/2935771/sp/293577100/playManifest/entryId/1_utdi866x/protocol/https/format/applehttp/flavorIds/1_fehzhuyx,1_qcbk16sq,1_1n62q0ew,1_5rmo3r3d/a.m3u8?uiConfId=50468382&playSessionId=d94452ae-aa2c-a2da-f39a-2edabf7d7190:efe165ca-1757-8fff-5bfa-93f6c51a081e&referrer=aHR0cHM6Ly93d3cubnZpZGlhLmNvbS9lbi11cy9vbi1kZW1hbmQvc2Vzc2lvbi9ndGMyNS1zNzMwMTkv&clientTag=html5:v7.264","m3u8"
"https://www.nvidia.com/en-us/on-demand/session/gtc25-s73782/","57:51:00","https://cdnapisec.kaltura.com/p/2935771/sp/293577100/playManifest/entryId/1_v45xwq9e/protocol/https/format/applehttp/flavorIds/1_5q7hiqlu,1_xu3e3jbl,1_dotuijbq,1_814zbfic,1_36l7mxz7/a.m3u8?uiConfId=50468382&playSessionId=1b6c6369-42f6-c907-f200-b4297c441975:f6ba9027-1880-dbc1-80fa-c5d5299c1320&referrer=aHR0cHM6Ly93d3cubnZpZGlhLmNvbS9lbi11cy9vbi1kZW1hbmQvc2Vzc2lvbi9ndGMyNS1zNzM3ODIv&clientTag=html5:v7.264","m3u8"
"https://www.nvidia.com/en-us/on-demand/session/gtc25-s73896/","40:02:00","https://cdnapisec.kaltura.com/p/2935771/sp/293577100/playManifest/entryId/1_cqcl6h1t/protocol/https/format/applehttp/flavorIds/1_iwvyzzfm,1_kgh9oc8t,1_492fbs6k,1_9oi91j2w,1_2nli29fr/a.m3u8?uiConfId=50468382&playSessionId=1f1f47d3-a463-7ed8-2575-5e2c34b3211c:f3e17a6e-2a8a-e24f-486f-bce1f7e17a34&referrer=aHR0cHM6Ly93d3cubnZpZGlhLmNvbS9lbi11cy9vbi1kZW1hbmQvc2Vzc2lvbi9ndGMyNS1zNzM4OTYv&clientTag=html5:v7.264","m3u8"
"https://www.nvidia.com/en-us/on-demand/session/gtc25-s71367/","24:00:00","https://cdnapisec.kaltura.com/p/2935771/sp/293577100/playManifest/entryId/1_7ajge0uz/protocol/https/format/applehttp/flavorIds/1_anwp4ztz,1_x8y6a8sm,1_s6dk3led,1_ovhwfopz,1_fyocnum4/a.m3u8?uiConfId=50468382&playSessionId=a00b179e-5e41-d3fb-343d-9941d9e3ceb5:6f61c949-270d-9176-b740-8407274f6d49&referrer=aHR0cHM6Ly93d3cubnZpZGlhLmNvbS9lbi11cy9vbi1kZW1hbmQvc2Vzc2lvbi9ndGMyNS1zNzEzNjcv&clientTag=html5:v7.264","m3u8"
"https://www.nvidia.com/en-us/on-demand/session/gtc25-s72067/","37:13:00","https://cdnapisec.kaltura.com/p/2935771/sp/293577100/playManifest/entryId/1_169g21rw/protocol/https/format/applehttp/flavorIds/1_yc6q5ylu,1_q0l9grow,1_vzjz37pa,1_44vacavg,1_ljzvzzww/a.m3u8?uiConfId=50468382&playSessionId=da9f68fd-ff13-3621-6114-87b9e2918ede:ab33b4e4-6f07-a2de-1356-c6e51f8056b2&referrer=aHR0cHM6Ly93d3cubnZpZGlhLmNvbS9lbi11cy9vbi1kZW1hbmQvc2Vzc2lvbi9ndGMyNS1zNzIwNjcv&clientTag=html5:v7.264","m3u8"
"https://www.nvidia.com/en-us/on-demand/session/gtc25-s72736/","32:25:00","https://cdnapisec.kaltura.com/p/2935771/sp/293577100/playManifest/entryId/1_rxadctxy/protocol/https/format/applehttp/flavorIds/1_kugxxoqm,1_pb5d8yc3,1_8ssyu16k,1_d93d7sk8,1_x6xuwec5,1_gq86xxgc/a.m3u8?uiConfId=50468382&playSessionId=c0804087-4cc4-f908-7b8d-e4d8250e355f:f43dbf0e-9412-ad03-fb63-b7f8fd022dde&referrer=aHR0cHM6Ly93d3cubnZpZGlhLmNvbS9lbi11cy9vbi1kZW1hbmQvc2Vzc2lvbi9ndGMyNS1zNzI3MzYv&clientTag=html5:v7.264","m3u8"
"https://www.nvidia.com/en-us/on-demand/session/gtc25-s73257/","16:40","https://cdnapisec.kaltura.com/p/2935771/sp/293577100/playManifest/entryId/1_g8si1n48/protocol/https/format/applehttp/flavorIds/1_qjggg754,1_o0j9w1yg,1_tbifqj12,1_kyuoj31y/a.m3u8?uiConfId=50468382&playSessionId=1112f94e-da24-2ae0-04eb-2940368ee803:264c3f83-f23d-f167-1332-011bd5a41f55&referrer=aHR0cHM6Ly93d3cubnZpZGlhLmNvbS9lbi11cy9vbi1kZW1hbmQvc2Vzc2lvbi9ndGMyNS1zNzMyNTcv&clientTag=html5:v7.264","m3u8"
"https://www.nvidia.com/en-us/on-demand/session/gtc25-s73339/","33:30:00","https://cdnapisec.kaltura.com/p/2935771/sp/293577100/playManifest/entryId/1_2pqc4s1m/protocol/https/format/applehttp/flavorIds/1_xhuyc1cc,1_gnlicfte,1_pnc82u11,1_5othq15d/a.m3u8?uiConfId=50468382&playSessionId=8a13c842-e41f-11cd-1c05-05cc04c23da4:aa732b1c-0289-e353-44ac-88346b04f5ec&referrer=aHR0cHM6Ly93d3cubnZpZGlhLmNvbS9lbi11cy9vbi1kZW1hbmQvc2Vzc2lvbi9ndGMyNS1zNzMzMzkv&clientTag=html5:v7.264","m3u8"
"https://www.nvidia.com/en-us/on-demand/session/gtc25-s73541/","59:57:00","https://cdnapisec.kaltura.com/p/2935771/sp/293577100/playManifest/entryId/1_nv8bzb9u/protocol/https/format/applehttp/flavorIds/1_93ckuk4o,1_fzws43zq,1_28ae5sft,1_mhf6v48v/a.m3u8?uiConfId=50468382&playSessionId=3ac3dc8a-ff52-d1f2-0c5b-0aa7414be070:93518d5d-0210-b53e-7e00-3ced022c50e4&referrer=aHR0cHM6Ly93d3cubnZpZGlhLmNvbS9lbi11cy9vbi1kZW1hbmQvc2Vzc2lvbi9ndGMyNS1zNzM1NDEv&clientTag=html5:v7.264","m3u8"
"https://www.nvidia.com/en-us/on-demand/session/gtc25-s73837/","56:27:00","https://cdnapisec.kaltura.com/p/2935771/sp/293577100/playManifest/entryId/1_emhb793j/protocol/https/format/applehttp/flavorIds/1_3t4cbjth,1_dz4eep29,1_5tc7av6t,1_2x7k98q5,1_xrk1nmts/a.m3u8?uiConfId=50468382&playSessionId=f088f53f-4b53-4f72-39f0-7e8330ed7b0f:b56e2421-4d2e-2b9e-1f87-db7462e9599f&referrer=aHR0cHM6Ly93d3cubnZpZGlhLmNvbS9lbi11cy9vbi1kZW1hbmQvc2Vzc2lvbi9ndGMyNS1zNzM4Mzcv&clientTag=html5:v7.264","m3u8"
"https://www.nvidia.com/en-us/on-demand/session/gtc25-s71550/","20:54","https://cdnapisec.kaltura.com/p/2935771/sp/293577100/playManifest/entryId/1_brojt9s2/protocol/https/format/applehttp/flavorIds/1_azum9re2,1_jh08u44m,1_yftmwq7d,1_uw6e5fwb,1_dwovi4g3,1_r5rjb4a6/a.m3u8?uiConfId=50468382&playSessionId=f7507e84-d77b-0164-513c-765a26d5f9d0:824515ca-1ea6-355e-d0eb-488ab2f45c4b&referrer=aHR0cHM6Ly93d3cubnZpZGlhLmNvbS9lbi11cy9vbi1kZW1hbmQvc2Vzc2lvbi9ndGMyNS1zNzE1NTAv&clientTag=html5:v7.264","m3u8"
"https://www.nvidia.com/en-us/on-demand/session/gtc25-s71296/","41:39:00","https://cdnapisec.kaltura.com/p/2935771/sp/293577100/playManifest/entryId/1_1i6hy28o/protocol/https/format/applehttp/flavorIds/1_8tm5mcjg,1_c37u3379,1_dsvnjdhz,1_wc9e9vkg/a.m3u8?uiConfId=50468382&playSessionId=6b33af57-c993-5e40-8762-3e243307b839:932dc9e8-58f2-67ae-fc0d-f1cab4a90c0d&referrer=aHR0cHM6Ly93d3cubnZpZGlhLmNvbS9lbi11cy9vbi1kZW1hbmQvc2Vzc2lvbi9ndGMyNS1zNzEyOTYv&clientTag=html5:v7.264","m3u8"
"https://www.nvidia.com/en-us/on-demand/session/gtc25-s73465/","1:06:03","https://cdnapisec.kaltura.com/p/2935771/sp/293577100/playManifest/entryId/1_fbfh7f67/protocol/https/format/applehttp/flavorIds/1_7ldtt46z,1_yie6rzk2,1_01s8siqh,1_x9ex6bn0,1_6nx9ndxr/a.m3u8?uiConfId=50468382&playSessionId=78828d7a-0959-f696-1f41-b8fcccae1776:2d739eb3-dfc4-835c-39cc-7dbc6d5f6063&referrer=aHR0cHM6Ly93d3cubnZpZGlhLmNvbS9lbi11cy9vbi1kZW1hbmQvc2Vzc2lvbi9ndGMyNS1zNzM0NjUv&clientTag=html5:v7.264","m3u8"
"https://www.nvidia.com/en-us/on-demand/session/gtc25-s72967/","29:20:00","https://cdnapisec.kaltura.com/p/2935771/sp/293577100/playManifest/entryId/1_7deo981v/protocol/https/format/applehttp/flavorIds/1_al0rp9ad,1_dcd4npa4,1_yto775ya/a.m3u8?uiConfId=50468382&playSessionId=ce14ebd5-16c6-4e44-c873-983d7f8b1bf0:fe7be1c0-3b17-a7a9-bcc4-59ee61575303&referrer=aHR0cHM6Ly93d3cubnZpZGlhLmNvbS9lbi11cy9vbi1kZW1hbmQvc2Vzc2lvbi9ndGMyNS1zNzI5Njcv&clientTag=html5:v7.264","m3u8"
"https://www.nvidia.com/en-us/on-demand/session/gtc25-exs74526/","11:49","https://cdnapisec.kaltura.com/p/2935771/sp/293577100/playManifest/entryId/1_cnuat9nb/protocol/https/format/applehttp/flavorIds/1_pcjiwm9s,1_eus37mjr,1_lpthvd22,1_vhjc1jto,1_imlsswkt,1_jtwpr33c/a.m3u8?uiConfId=50468382&playSessionId=7f256967-2057-a99b-bdb4-984e60d9a436:869882fe-745f-16bc-3807-306da011e15b&referrer=aHR0cHM6Ly93d3cubnZpZGlhLmNvbS9lbi11cy9vbi1kZW1hbmQvc2Vzc2lvbi9ndGMyNS1leHM3NDUyNi8=&clientTag=html5:v7.264","m3u8"
"https://www.nvidia.com/en-us/on-demand/session/gtc25-exs74223/","12:21","https://cdnapisec.kaltura.com/p/2935771/sp/293577100/playManifest/entryId/1_w8de33nv/protocol/https/format/applehttp/flavorIds/1_pwlxovvw,1_0hkcxk1o,1_0epqtnxn,1_gmiw120x,1_nvcqd75q,1_vd9bh6o8/a.m3u8?uiConfId=50468382&playSessionId=175d4af5-6d12-43d8-5bde-44952337e4ec:f8853d29-8f32-14aa-62ba-8b43be4f194f&referrer=aHR0cHM6Ly93d3cubnZpZGlhLmNvbS9lbi11cy9vbi1kZW1hbmQvc2Vzc2lvbi9ndGMyNS1leHM3NDIyMy8=&clientTag=html5:v7.264","m3u8"
"https://www.nvidia.com/en-us/on-demand/session/gtc25-exs74452/","16:07","https://cdnapisec.kaltura.com/p/2935771/sp/293577100/playManifest/entryId/1_tb85x94h/protocol/https/format/applehttp/flavorIds/1_xexz4zr3,1_yex2ltns,1_89kz6bn5,1_fxtaceil,1_1dgo6lch,1_o4inw75z/a.m3u8?uiConfId=50468382&playSessionId=3ba0b2ed-e225-bb26-2e47-54549256b3c2:8a9d4e14-6c27-b549-dbd4-47e60c025314&referrer=aHR0cHM6Ly93d3cubnZpZGlhLmNvbS9lbi11cy9vbi1kZW1hbmQvc2Vzc2lvbi9ndGMyNS1leHM3NDQ1Mi8=&clientTag=html5:v7.264","m3u8"
"https://www.nvidia.com/en-us/on-demand/session/gtc25-exs74116/","15:33","https://cdnapisec.kaltura.com/p/2935771/sp/293577100/playManifest/entryId/1_xpgxwx65/protocol/https/format/applehttp/flavorIds/1_33j1zldc,1_hv9uxck3,1_zrvbril7,1_1nvytu94,1_7jtieapl/a.m3u8?uiConfId=50468382&playSessionId=28f479ed-f4f7-70d6-af84-eced711f9ea2:15bcf482-8bba-5eb6-b2c5-56b9deda3311&referrer=aHR0cHM6Ly93d3cubnZpZGlhLmNvbS9lbi11cy9vbi1kZW1hbmQvc2Vzc2lvbi9ndGMyNS1leHM3NDExNi8=&clientTag=html5:v7.264","m3u8"
"https://www.nvidia.com/en-us/on-demand/session/gtc25-exs74619/","12:17","https://cdnapisec.kaltura.com/p/2935771/sp/293577100/playManifest/entryId/1_d0ldukae/protocol/https/format/applehttp/flavorIds/1_2eojjvam,1_cusv1kzp,1_gxxgqm1x,1_smgggngw,1_0g9ugkc7,1_lxre00sn/a.m3u8?uiConfId=50468382&playSessionId=3a0e2d53-7d30-1bcc-4101-163433de76c2:90bc7f71-d027-4f54-77e8-5a1226a6648e&referrer=aHR0cHM6Ly93d3cubnZpZGlhLmNvbS9lbi11cy9vbi1kZW1hbmQvc2Vzc2lvbi9ndGMyNS1leHM3NDYxOS8=&clientTag=html5:v7.264","m3u8"
"https://www.nvidia.com/en-us/on-demand/session/gtc25-exs74431/","10:13","https://cdnapisec.kaltura.com/p/2935771/sp/293577100/playManifest/entryId/1_1mav82ak/protocol/https/format/applehttp/flavorIds/1_ot2p5vum,1_2zt9uwrt,1_t5y6q7rf,1_vh3roq2z,1_93st4xun,1_8403r7av/a.m3u8?uiConfId=50468382&playSessionId=a214b45a-1b09-86bb-7a84-10195bdd774c:fa20eca2-9c40-eb11-6b19-e9bd1d8f680e&referrer=aHR0cHM6Ly93d3cubnZpZGlhLmNvbS9lbi11cy9vbi1kZW1hbmQvc2Vzc2lvbi9ndGMyNS1leHM3NDQzMS8=&clientTag=html5:v7.264","m3u8"
"https://www.nvidia.com/en-us/on-demand/session/gtc25-exs74503/","11:08","https://cdnapisec.kaltura.com/p/2935771/sp/293577100/playManifest/entryId/1_hj1yxbew/protocol/https/format/applehttp/flavorIds/1_a1uru454,1_56oa74tr,1_r5um8j0e,1_wf5wag4e,1_gxs59utr,1_acagiy3j/a.m3u8?uiConfId=50468382&playSessionId=3a6b1931-878f-10ce-c934-e30863e4a570:d7b96db6-18c8-096b-3606-dec23ef5f6d8&referrer=aHR0cHM6Ly93d3cubnZpZGlhLmNvbS9lbi11cy9vbi1kZW1hbmQvc2Vzc2lvbi9ndGMyNS1leHM3NDUwMy8=&clientTag=html5:v7.264","m3u8"
"https://www.nvidia.com/en-us/on-demand/session/gtc25-exs74061/","14:42","https://cdnapisec.kaltura.com/p/2935771/sp/293577100/playManifest/entryId/1_wuihooz3/protocol/https/format/applehttp/flavorIds/1_vyj0xji3,1_t94a4n59,1_qple59qx,1_iaafhhxh,1_slzm40g0,1_eht5zmq2/a.m3u8?uiConfId=50468382&playSessionId=76603687-9ccb-f496-754e-4afaa99c5834:f962b838-353b-15b1-b2f7-7b4b5e66c767&referrer=aHR0cHM6Ly93d3cubnZpZGlhLmNvbS9lbi11cy9vbi1kZW1hbmQvc2Vzc2lvbi9ndGMyNS1leHM3NDA2MS8=&clientTag=html5:v7.264","m3u8"
"https://www.nvidia.com/en-us/on-demand/session/gtc25-exs74301/","14:24","https://cdnapisec.kaltura.com/p/2935771/sp/293577100/playManifest/entryId/1_1lra4ltc/protocol/https/format/applehttp/flavorIds/1_m11poce9,1_3yteff78,1_wlrko2o9,1_twtwk2lm,1_vtfuuxg9,1_ycpoc6k4/a.m3u8?uiConfId=50468382&playSessionId=ec1d83a2-ede8-7bae-d70b-243ee725fadd:1d87f2f9-65be-0b6c-9297-5c7c2447d8c1&referrer=aHR0cHM6Ly93d3cubnZpZGlhLmNvbS9lbi11cy9vbi1kZW1hbmQvc2Vzc2lvbi9ndGMyNS1leHM3NDMwMS8=&clientTag=html5:v7.264","m3u8"
"https://www.nvidia.com/en-us/on-demand/session/gtc25-exs74199/","15:07","https://cdnapisec.kaltura.com/p/2935771/sp/293577100/playManifest/entryId/1_oauy21e5/protocol/https/format/applehttp/flavorIds/1_a1aqode9,1_9njfv8vj,1_3sgep4is,1_6cjg7kn0,1_eghr9ffq,1_83vwwcx9/a.m3u8?uiConfId=50468382&playSessionId=8759eea5-4b29-5b0d-c74a-aeb6a1abd217:90ce154e-cd9e-3fa2-e358-b2dd447b370f&referrer=aHR0cHM6Ly93d3cubnZpZGlhLmNvbS9lbi11cy9vbi1kZW1hbmQvc2Vzc2lvbi9ndGMyNS1leHM3NDE5OS8=&clientTag=html5:v7.264","m3u8"
"https://www.nvidia.com/en-us/on-demand/session/gtc25-exs74207/","12:07","https://cdnapisec.kaltura.com/p/2935771/sp/293577100/playManifest/entryId/1_3dyr1yg8/protocol/https/format/applehttp/flavorIds/1_xz0z4i0o,1_qts2xws7,1_u12mcwg1,1_4vp2qqor,1_8aevk2g5,1_rpmni1mh/a.m3u8?uiConfId=50468382&playSessionId=8eba73ae-293b-06b7-6c2a-447f242881fa:cb3e7cd5-c2d0-c975-85e2-1d57d2fae1eb&referrer=aHR0cHM6Ly93d3cubnZpZGlhLmNvbS9lbi11cy9vbi1kZW1hbmQvc2Vzc2lvbi9ndGMyNS1leHM3NDIwNy8=&clientTag=html5:v7.264","m3u8"
"https://www.nvidia.com/en-us/on-demand/session/gtc25-s72880/","48:02:00","https://cdnapisec.kaltura.com/p/2935771/sp/293577100/playManifest/entryId/1_1xkr0l9o/protocol/https/format/applehttp/flavorIds/1_b3mvjrcw,1_put18nn3,1_71bxx3j7,1_ubnu8v4e,1_5z88lg6f,1_351twgyj/a.m3u8?uiConfId=50468382&playSessionId=1202886a-ee7f-cd9d-36c0-ed349446edca:2094c582-5f15-826b-cadb-0b0577edfa7f&referrer=aHR0cHM6Ly93d3cubnZpZGlhLmNvbS9lbi11cy9vbi1kZW1hbmQvc2Vzc2lvbi9ndGMyNS1zNzI4ODAv&clientTag=html5:v7.264","m3u8"
"https://www.nvidia.com/en-us/on-demand/session/gtc25-s72963/","42:08:00","https://cdnapisec.kaltura.com/p/2935771/sp/293577100/playManifest/entryId/1_7y4ih13v/protocol/https/format/applehttp/flavorIds/1_320pvi48,1_jgifmg58,1_6hzgddsl,1_7o52nhbc,1_ubzbniiw/a.m3u8?uiConfId=50468382&playSessionId=4b0b3c1b-d6b1-5b25-da4f-6d5e722587b0:a003cc73-d6d0-a3f1-53be-c362f14679d0&referrer=aHR0cHM6Ly93d3cubnZpZGlhLmNvbS9lbi11cy9vbi1kZW1hbmQvc2Vzc2lvbi9ndGMyNS1zNzI5NjMv&clientTag=html5:v7.264","m3u8"
"https://www.nvidia.com/en-us/on-demand/session/gtc25-s73049/","44:02:00","https://cdnapisec.kaltura.com/p/2935771/sp/293577100/playManifest/entryId/1_yz27sc7j/protocol/https/format/applehttp/flavorIds/1_3fmwitqp,1_iyzizxkz,1_p6cbxh3q,1_s4ptotvg,1_1wzg27ii/a.m3u8?uiConfId=50468382&playSessionId=7c09bb4d-5288-b893-ab29-5db10044be9d:69982746-d72d-cdfe-2d55-786f3fa06a95&referrer=aHR0cHM6Ly93d3cubnZpZGlhLmNvbS9lbi11cy9vbi1kZW1hbmQvc2Vzc2lvbi9ndGMyNS1zNzMwNDkv&clientTag=html5:v7.264","m3u8"
"https://www.nvidia.com/en-us/on-demand/session/gtc25-s72815/","43:34:00","https://cdnapisec.kaltura.com/p/2935771/sp/293577100/playManifest/entryId/1_mscag7yk/protocol/https/format/applehttp/flavorIds/1_oryg6grn,1_cfwtgjmw,1_7m836dy8,1_1pcw5ekx,1_fbfgtqds/a.m3u8?uiConfId=50468382&playSessionId=caa31f96-ee9c-56cd-6448-f9403261cd83:623aaf96-4188-69cb-e962-94b923a99a9f&referrer=aHR0cHM6Ly93d3cubnZpZGlhLmNvbS9lbi11cy9vbi1kZW1hbmQvc2Vzc2lvbi9ndGMyNS1zNzI4MTUv&clientTag=html5:v7.264","m3u8"
"https://www.nvidia.com/en-us/on-demand/session/gtc25-s72867/","40:41:00","https://cdnapisec.kaltura.com/p/2935771/sp/293577100/playManifest/entryId/1_z5dva5nd/protocol/https/format/applehttp/flavorIds/1_1f6k681n,1_mppt46gx,1_6qvac9q0,1_89cw2lgt,1_o6y44ox8/a.m3u8?uiConfId=50468382&playSessionId=685d6f37-62cd-939d-b223-329b5deb02e2:27bbb83a-ec00-e2fd-c1c9-0389c349e8e9&referrer=aHR0cHM6Ly93d3cubnZpZGlhLmNvbS9lbi11cy9vbi1kZW1hbmQvc2Vzc2lvbi9ndGMyNS1zNzI4Njcv&clientTag=html5:v7.264","m3u8"
"https://www.nvidia.com/en-us/on-demand/session/gtc25-s73167/","48:28:00","https://cdnapisec.kaltura.com/p/2935771/sp/293577100/playManifest/entryId/1_hriwdjov/protocol/https/format/applehttp/flavorIds/1_h643r1u7,1_kcwzyxju,1_3lj1skty,1_lfps4b73,1_s3rwrwsg/a.m3u8?uiConfId=50468382&playSessionId=fe27223d-aeca-a090-f206-2914b0a97cab:bb1055df-aa8d-fab0-212a-c8e7a2398f3e&referrer=aHR0cHM6Ly93d3cubnZpZGlhLmNvbS9lbi11cy9vbi1kZW1hbmQvc2Vzc2lvbi9ndGMyNS1zNzMxNjcv&clientTag=html5:v7.264","m3u8"
"https://www.nvidia.com/en-us/on-demand/session/gtc25-s74305/","42:39:00","https://cdnapisec.kaltura.com/p/2935771/sp/293577100/playManifest/entryId/1_8dmzb2yn/protocol/https/format/applehttp/flavorIds/1_t9zxpyap,1_1nk7jrrr,1_p91yg5ug,1_pq9kzvsn,1_7xbwygwz,1_0fsdmzeu/a.m3u8?uiConfId=50468382&playSessionId=802f4107-8b3c-fbb6-d098-6ec573cb560b:9807828d-30dd-f393-c86e-6f3cb841117e&referrer=aHR0cHM6Ly93d3cubnZpZGlhLmNvbS9lbi11cy9vbi1kZW1hbmQvc2Vzc2lvbi9ndGMyNS1zNzQzMDUv&clientTag=html5:v7.264","m3u8"
"https://www.nvidia.com/en-us/on-demand/session/gtc25-s74277/","28:29:00","https://cdnapisec.kaltura.com/p/2935771/sp/293577100/playManifest/entryId/1_a78a1ocw/protocol/https/format/applehttp/flavorIds/1_ieb2rle4,1_rv3ulnvh,1_54io05uk,1_14hcfhma,1_ldeaaqi2/a.m3u8?uiConfId=50468382&playSessionId=d5a12dea-a28b-3e30-9413-5e9761c06d66:ec2753b4-d29a-5e90-dbc6-d3677b38ae20&referrer=aHR0cHM6Ly93d3cubnZpZGlhLmNvbS9lbi11cy9vbi1kZW1hbmQvc2Vzc2lvbi9ndGMyNS1zNzQyNzcv&clientTag=html5:v7.264","m3u8"
"https://www.nvidia.com/en-us/on-demand/session/gtc25-s74278/","26:40:00","https://cdnapisec.kaltura.com/p/2935771/sp/293577100/playManifest/entryId/1_uxsxvxk0/protocol/https/format/applehttp/flavorIds/1_poh69cnq,1_tdu6c07k,1_l2u4tzw6,1_1xu2jwhw,1_yi534fsd,1_oyldicjc/a.m3u8?uiConfId=50468382&playSessionId=9ea176a0-2cda-586d-15c4-1993f6210921:ab4907de-60d7-714c-7a62-e13a112a0ca5&referrer=aHR0cHM6Ly93d3cubnZpZGlhLmNvbS9lbi11cy9vbi1kZW1hbmQvc2Vzc2lvbi9ndGMyNS1zNzQyNzgv&clientTag=html5:v7.264","m3u8"
"https://www.nvidia.com/en-us/on-demand/session/gtc25-se73734/","46:15:00","https://cdnapisec.kaltura.com/p/2935771/sp/293577100/playManifest/entryId/1_zr0o26ew/protocol/https/format/applehttp/flavorIds/1_yutbg3r6,1_s6a1i4sx,1_uwu46q7b,1_3coo3djr,1_gyxogjun,1_ed667i2a/a.m3u8?uiConfId=50468382&playSessionId=92848892-36db-d426-e8ea-c176a385b01b:327d7b23-3123-c63c-42df-5bf2fd647299&referrer=aHR0cHM6Ly93d3cubnZpZGlhLmNvbS9lbi11cy9vbi1kZW1hbmQvc2Vzc2lvbi9ndGMyNS1zZTczNzM0Lw==&clientTag=html5:v7.264","m3u8"
"https://www.nvidia.com/en-us/on-demand/session/gtc25-exs74308/","14:43","https://cdnapisec.kaltura.com/p/2935771/sp/293577100/playManifest/entryId/1_tmp8r27z/protocol/https/format/applehttp/flavorIds/1_0edt7qlo,1_7rdnayzn,1_gyspwzk4,1_zw1yihin,1_vhtwg932,1_kvxkc3wu/a.m3u8?uiConfId=50468382&playSessionId=13986604-0fe0-d88d-a41b-cf78a525bc06:13ad0f86-76a6-b7dd-cff3-a7f39f4f54c5&referrer=aHR0cHM6Ly93d3cubnZpZGlhLmNvbS9lbi11cy9vbi1kZW1hbmQvc2Vzc2lvbi9ndGMyNS1leHM3NDMwOC8=&clientTag=html5:v7.264","m3u8"
"https://www.nvidia.com/en-us/on-demand/session/gtc25-exs74351/","13:13","https://cdnapisec.kaltura.com/p/2935771/sp/293577100/playManifest/entryId/1_btas05be/protocol/https/format/applehttp/flavorIds/1_ez1nplgd,1_6k57qhkx,1_68m1ow3u,1_mtr5guhj,1_8p6c0srb/a.m3u8?uiConfId=50468382&playSessionId=b12fc927-2e2f-f3db-70da-8840231c469e:23fb8e6a-db90-c164-42a0-e621636cf5fa&referrer=aHR0cHM6Ly93d3cubnZpZGlhLmNvbS9lbi11cy9vbi1kZW1hbmQvc2Vzc2lvbi9ndGMyNS1leHM3NDM1MS8=&clientTag=html5:v7.264","m3u8"
"https://www.nvidia.com/en-us/on-demand/session/gtc25-s72432/","38:58:00","https://cdnapisec.kaltura.com/p/2935771/sp/293577100/playManifest/entryId/1_fp3z3ft5/protocol/https/format/applehttp/flavorIds/1_t8k6dizo,1_pm6c49mo,1_m5sifcpv,1_sdcmips4,1_kpe55vpc/a.m3u8?uiConfId=50468382&playSessionId=9f3f47f7-f793-08a2-06e2-8edca78c88f7:4c2b64ff-01b2-508d-4125-8a4fa81eb04a&referrer=aHR0cHM6Ly93d3cubnZpZGlhLmNvbS9lbi11cy9vbi1kZW1hbmQvc2Vzc2lvbi9ndGMyNS1zNzI0MzIv&clientTag=html5:v7.264","m3u8"
"https://www.nvidia.com/en-us/on-demand/session/gtc25-s72528/","59:12:00","https://cdnapisec.kaltura.com/p/2935771/sp/293577100/playManifest/entryId/1_wqpj545g/protocol/https/format/applehttp/flavorIds/1_mrmhh0ul,1_o1gl9eex,1_qtu9ir17,1_caj36qfg,1_kiwryfjo,1_qqpsn8bj/a.m3u8?uiConfId=50468382&playSessionId=1bf0c3ff-83a1-f176-a58f-a4534ffb75a6:d9fd548b-4594-8a69-cc1a-18ead27128ba&referrer=aHR0cHM6Ly93d3cubnZpZGlhLmNvbS9lbi11cy9vbi1kZW1hbmQvc2Vzc2lvbi9ndGMyNS1zNzI1Mjgv&clientTag=html5:v7.264","m3u8"
"https://www.nvidia.com/en-us/on-demand/session/gtc25-s72370/","39:13:00","https://cdnapisec.kaltura.com/p/2935771/sp/293577100/playManifest/entryId/1_f5zsspna/protocol/https/format/applehttp/flavorIds/1_eep3ic3b,1_rztv30g4,1_vs0j9qo8,1_geowrits/a.m3u8?uiConfId=50468382&playSessionId=7e3755c6-840b-c942-7490-5acf3f2f49b5:5fe29a9f-3ea9-55d9-1483-f5b013bb0c90&referrer=aHR0cHM6Ly93d3cubnZpZGlhLmNvbS9lbi11cy9vbi1kZW1hbmQvc2Vzc2lvbi9ndGMyNS1zNzIzNzAv&clientTag=html5:v7.264","m3u8"
"https://www.nvidia.com/en-us/on-demand/session/gtc25-s71573/","31:08:00","https://cdnapisec.kaltura.com/p/2935771/sp/293577100/playManifest/entryId/1_3ipl7kx8/protocol/https/format/applehttp/flavorIds/1_knl6l6qq,1_dcirnxxy,1_zrn7j11t,1_fosgt21x,1_y3gwnbsl/a.m3u8?uiConfId=50468382&playSessionId=4f475486-6bdc-2332-a17a-f23edd793bd7:dc027621-d6ea-a331-7af8-201403a600a8&referrer=aHR0cHM6Ly93d3cubnZpZGlhLmNvbS9lbi11cy9vbi1kZW1hbmQvc2Vzc2lvbi9ndGMyNS1zNzE1NzMv&clientTag=html5:v7.264","m3u8"
"https://www.nvidia.com/en-us/on-demand/session/gtc25-s72568/","34:53:00","https://cdnapisec.kaltura.com/p/2935771/sp/293577100/playManifest/entryId/1_yqk4nt50/protocol/https/format/applehttp/flavorIds/1_a494e6r6,1_y2m60mnk,1_2ry6smov,1_29vskjz5,1_tmjc9va2/a.m3u8?uiConfId=50468382&playSessionId=5d3d6be9-f3cd-fbe0-6f72-6cda4633be1c:f14e0759-d125-c6aa-3a73-0a43649d8ad1&referrer=aHR0cHM6Ly93d3cubnZpZGlhLmNvbS9lbi11cy9vbi1kZW1hbmQvc2Vzc2lvbi9ndGMyNS1zNzI1Njgv&clientTag=html5:v7.264","m3u8"
"https://www.nvidia.com/en-us/on-demand/session/gtc25-s72595/","52:59:00","https://cdnapisec.kaltura.com/p/2935771/sp/293577100/playManifest/entryId/1_wnikp4h8/protocol/https/format/applehttp/flavorIds/1_pak93q9b,1_llh4vqq2,1_brtkjpme,1_cxy1rgf1,1_nsmktrrf/a.m3u8?uiConfId=50468382&playSessionId=9a85be59-aaef-2940-9cd5-b8acc6932309:ec8131e1-9a17-ba6d-f395-b91b1173630f&referrer=aHR0cHM6Ly93d3cubnZpZGlhLmNvbS9lbi11cy9vbi1kZW1hbmQvc2Vzc2lvbi9ndGMyNS1zNzI1OTUv&clientTag=html5:v7.264","m3u8"
"https://www.nvidia.com/en-us/on-demand/session/gtc25-s71888/","33:18:00","https://cdnapisec.kaltura.com/p/2935771/sp/293577100/playManifest/entryId/1_kw40v47r/protocol/https/format/applehttp/flavorIds/1_di45e9no,1_kb7v43u1/a.m3u8?uiConfId=50468382&playSessionId=afbd86d4-8f43-e6f9-e62f-996d72076cd6:0b70c267-9f2f-8711-01fe-e4db75787fee&referrer=aHR0cHM6Ly93d3cubnZpZGlhLmNvbS9lbi11cy9vbi1kZW1hbmQvc2Vzc2lvbi9ndGMyNS1zNzE4ODgv&clientTag=html5:v7.264","m3u8"
"https://www.nvidia.com/en-us/on-demand/session/gtc25-s72693/","42:34:00","https://cdnapisec.kaltura.com/p/2935771/sp/293577100/playManifest/entryId/1_k9kreqq8/protocol/https/format/applehttp/flavorIds/1_lbj8w6cw,1_hwk1k4i6,1_02w4q5w3,1_dmrnakj8,1_yovhhace/a.m3u8?uiConfId=50468382&playSessionId=7e627c8a-170f-0dbe-df6c-c740f50ecc1e:ddb65433-1274-3d48-7469-c3b83947b159&referrer=aHR0cHM6Ly93d3cubnZpZGlhLmNvbS9lbi11cy9vbi1kZW1hbmQvc2Vzc2lvbi9ndGMyNS1zNzI2OTMv&clientTag=html5:v7.264","m3u8"
"https://www.nvidia.com/en-us/on-demand/session/gtc25-s72699/","38:13:00","https://cdnapisec.kaltura.com/p/2935771/sp/293577100/playManifest/entryId/1_cpxgyoqg/protocol/https/format/applehttp/flavorIds/1_dtce1v2t,1_wzm8njb6,1_3cnp0ir3,1_s4cc34qd,1_sxw4tmja/a.m3u8?uiConfId=50468382&playSessionId=c75d3e29-0438-592e-cf57-a0434360fe41:4e227ba5-8211-bd40-caa7-35eeed29a5a7&referrer=aHR0cHM6Ly93d3cubnZpZGlhLmNvbS9lbi11cy9vbi1kZW1hbmQvc2Vzc2lvbi9ndGMyNS1zNzI2OTkv&clientTag=html5:v7.264","m3u8"
"https://www.nvidia.com/en-us/on-demand/session/gtc25-s72707/","42:13:00","https://cdnapisec.kaltura.com/p/2935771/sp/293577100/playManifest/entryId/1_2vwdivoo/protocol/https/format/applehttp/flavorIds/1_2gpgintl,1_zymduw6q,1_h5qym65c,1_8qwrm763,1_1poun10k/a.m3u8?uiConfId=50468382&playSessionId=28557186-7a0a-3e66-c62a-94d5e82de755:c57aee74-a6a4-2620-57c5-99b3b94b6b16&referrer=aHR0cHM6Ly93d3cubnZpZGlhLmNvbS9lbi11cy9vbi1kZW1hbmQvc2Vzc2lvbi9ndGMyNS1zNzI3MDcv&clientTag=html5:v7.264","m3u8"
"https://www.nvidia.com/en-us/on-demand/session/gtc25-s72746/","38:59:00","https://cdnapisec.kaltura.com/p/2935771/sp/293577100/playManifest/entryId/1_zmdf8kvs/protocol/https/format/applehttp/flavorIds/1_8454fu33,1_ej76ccfn,1_y0uwvq35,1_wngrrekz,1_oc164rzc/a.m3u8?uiConfId=50468382&playSessionId=02738bf9-6042-0082-378f-831ae4e9e1d8:bd931681-7810-7938-a0da-01b12fe17578&referrer=aHR0cHM6Ly93d3cubnZpZGlhLmNvbS9lbi11cy9vbi1kZW1hbmQvc2Vzc2lvbi9ndGMyNS1zNzI3NDYv&clientTag=html5:v7.264","m3u8"
"https://www.nvidia.com/en-us/on-demand/session/gtc25-s73442/","1:01:14","https://cdnapisec.kaltura.com/p/2935771/sp/293577100/playManifest/entryId/1_lnxki7yy/protocol/https/format/applehttp/flavorIds/1_912oodxj,1_s64tty7l,1_r6uggw8f,1_gstbe3qv,1_06nqj1zf,1_1xmkegrd/a.m3u8?uiConfId=50468382&playSessionId=2c38ef93-3d70-a7e5-ef04-0bb410a7d9d7:44997984-f822-0001-a708-6d330e6e00a1&referrer=aHR0cHM6Ly93d3cubnZpZGlhLmNvbS9lbi11cy9vbi1kZW1hbmQvc2Vzc2lvbi9ndGMyNS1zNzM0NDIv&clientTag=html5:v7.264","m3u8"
"https://www.nvidia.com/en-us/on-demand/session/gtc25-exs74202/","13:14","https://cdnapisec.kaltura.com/p/2935771/sp/293577100/playManifest/entryId/1_m5hhsubg/protocol/https/format/applehttp/flavorIds/1_6gb4iblc,1_ty5k64xg,1_dey6qlcv,1_3bhc9jf3,1_sal97w9x,1_rehebky9/a.m3u8?uiConfId=50468382&playSessionId=407e0d56-fb23-118b-cd89-62187947b6d6:9b7c8f6b-f768-fead-167b-92a8714f263b&referrer=aHR0cHM6Ly93d3cubnZpZGlhLmNvbS9lbi11cy9vbi1kZW1hbmQvc2Vzc2lvbi9ndGMyNS1leHM3NDIwMi8=&clientTag=html5:v7.264","m3u8"
"https://www.nvidia.com/en-us/on-demand/session/gtc25-exs74456/","13:46","https://cdnapisec.kaltura.com/p/2935771/sp/293577100/playManifest/entryId/1_xwv43uoy/protocol/https/format/applehttp/flavorIds/1_rcj8cz6p,1_978s8jjp,1_n5rs6q0p,1_53vyv9ft,1_hr0kz2u4,1_w4lzpjxz/a.m3u8?uiConfId=50468382&playSessionId=18a72247-b64b-21b7-b25b-224bab4731c0:f7069ba9-bc7a-b78d-733f-d43b04653e6c&referrer=aHR0cHM6Ly93d3cubnZpZGlhLmNvbS9lbi11cy9vbi1kZW1hbmQvc2Vzc2lvbi9ndGMyNS1leHM3NDQ1Ni8=&clientTag=html5:v7.264","m3u8"
"https://www.nvidia.com/en-us/on-demand/session/gtc25-exs74225/","15:52","https://cdnapisec.kaltura.com/p/2935771/sp/293577100/playManifest/entryId/1_60m9uec7/protocol/https/format/applehttp/flavorIds/1_677r89vw,1_wrqfjmfd,1_iao4yaua,1_1l6hd54v,1_7kud9ome,1_78l3zcr2/a.m3u8?uiConfId=50468382&playSessionId=03f19f83-12bf-9f8b-352c-26ccff4a39d7:2cfcaaff-c03d-31ee-8529-02a10650c53d&referrer=aHR0cHM6Ly93d3cubnZpZGlhLmNvbS9lbi11cy9vbi1kZW1hbmQvc2Vzc2lvbi9ndGMyNS1leHM3NDIyNS8=&clientTag=html5:v7.264","m3u8"
"https://www.nvidia.com/en-us/on-demand/session/gtc25-exs74442/","12:03","https://cdnapisec.kaltura.com/p/2935771/sp/293577100/playManifest/entryId/1_tguokjuc/protocol/https/format/applehttp/flavorIds/1_5l9bggln,1_mkuoj6in,1_zi28oyvr,1_012z543a,1_0hw4ftyg,1_biacogf7/a.m3u8?uiConfId=50468382&playSessionId=b7697cc7-5396-42d4-1568-798d42b2dea6:6b94cd27-25ad-528c-e3a9-9921603d4587&referrer=aHR0cHM6Ly93d3cubnZpZGlhLmNvbS9lbi11cy9vbi1kZW1hbmQvc2Vzc2lvbi9ndGMyNS1leHM3NDQ0Mi8=&clientTag=html5:v7.264","m3u8"
"https://www.nvidia.com/en-us/on-demand/session/gtc25-s73071/","39:30:00","https://cdnapisec.kaltura.com/p/2935771/sp/293577100/playManifest/entryId/1_rw0zo88n/protocol/https/format/applehttp/flavorIds/1_s27e4m64,1_kijo12du,1_3qvi1cvm,1_oj2ijad2/a.m3u8?uiConfId=50468382&playSessionId=290b637b-4279-268b-81dc-89e2a9544fb8:507fa320-ac81-c0e6-f905-d1ca52cad100&referrer=aHR0cHM6Ly93d3cubnZpZGlhLmNvbS9lbi11cy9vbi1kZW1hbmQvc2Vzc2lvbi9ndGMyNS1zNzMwNzEv&clientTag=html5:v7.264","m3u8"
"https://www.nvidia.com/en-us/on-demand/session/gtc25-s74279/","35:21:00","https://cdnapisec.kaltura.com/p/2935771/sp/293577100/playManifest/entryId/1_1prjzd3t/protocol/https/format/applehttp/flavorIds/1_vaidk0h3,1_bbqu8oqs,1_u0pd42yk,1_4l3beq7c,1_n5iop0ps/a.m3u8?uiConfId=50468382&playSessionId=1ed9fd41-7267-ee76-89a3-d72d24e3e146:5dd5488a-a4d7-f0e5-9d19-0c08bcfa4990&referrer=aHR0cHM6Ly93d3cubnZpZGlhLmNvbS9lbi11cy9vbi1kZW1hbmQvc2Vzc2lvbi9ndGMyNS1zNzQyNzkv&clientTag=html5:v7.264","m3u8"
"https://www.nvidia.com/en-us/on-demand/session/gtc25-s72968/","36:05:00","https://cdnapisec.kaltura.com/p/2935771/sp/293577100/playManifest/entryId/1_o5zxdoyh/protocol/https/format/applehttp/flavorIds/1_prjfudr4,1_idfs6mrd,1_tfu49daq,1_bi1mlt4v,1_b6xcou7g,1_6ze3obdb/a.m3u8?uiConfId=50468382&playSessionId=00dd16e7-0ad0-e689-fca4-481581b12592:fd008e15-140c-7148-b34d-7a57e0c814ca&referrer=aHR0cHM6Ly93d3cubnZpZGlhLmNvbS9lbi11cy9vbi1kZW1hbmQvc2Vzc2lvbi9ndGMyNS1zNzI5Njgv&clientTag=html5:v7.264","m3u8"
"https://www.nvidia.com/en-us/on-demand/session/gtc25-s72988/","36:04:00","https://cdnapisec.kaltura.com/p/2935771/sp/293577100/playManifest/entryId/1_lozbdo2y/protocol/https/format/applehttp/flavorIds/1_nlhozuqm,1_mx9wm8tu,1_9n8o7yml,1_m6b5g139,1_4ohf4tkn,1_tu34yt2a/a.m3u8?uiConfId=50468382&playSessionId=2f0f42ce-f60e-2a65-83ad-f74017a8f9be:f5651f8f-640f-3ffd-f4c4-022c011c0664&referrer=aHR0cHM6Ly93d3cubnZpZGlhLmNvbS9lbi11cy9vbi1kZW1hbmQvc2Vzc2lvbi9ndGMyNS1zNzI5ODgv&clientTag=html5:v7.264","m3u8"
"https://www.nvidia.com/en-us/on-demand/session/gtc25-s73037/","36:28:00","https://cdnapisec.kaltura.com/p/2935771/sp/293577100/playManifest/entryId/1_5cks40f0/protocol/https/format/applehttp/flavorIds/1_yswnuin0,1_h9xrn1db,1_mduh1ng1/a.m3u8?uiConfId=50468382&playSessionId=12683bd8-efde-7a07-f01f-4f8be1b9c2f8:f9b6f0cf-d991-8cb4-0475-5facf7037ece&referrer=aHR0cHM6Ly93d3cubnZpZGlhLmNvbS9lbi11cy9vbi1kZW1hbmQvc2Vzc2lvbi9ndGMyNS1zNzMwMzcv&clientTag=html5:v7.264","m3u8"
"https://www.nvidia.com/en-us/on-demand/session/gtc25-s72838/","36:19:00","https://cdnapisec.kaltura.com/p/2935771/sp/293577100/playManifest/entryId/1_tj9j46fy/protocol/https/format/applehttp/flavorIds/1_2fyea9v4,1_ped799i9,1_qdk2p35s,1_lso4fwso,1_j5bry6n3,1_zov31k0j/a.m3u8?uiConfId=50468382&playSessionId=547f95ee-2157-c631-99f5-49a03c930d5d:a9ab4dac-4595-878e-dd96-b4c985b6a005&referrer=aHR0cHM6Ly93d3cubnZpZGlhLmNvbS9lbi11cy9vbi1kZW1hbmQvc2Vzc2lvbi9ndGMyNS1zNzI4Mzgv&clientTag=html5:v7.264","m3u8"
"https://www.nvidia.com/en-us/on-demand/session/gtc25-s72849/","37:12:00","https://cdnapisec.kaltura.com/p/2935771/sp/293577100/playManifest/entryId/1_lme3vouz/protocol/https/format/applehttp/flavorIds/1_5jv7f9cz,1_c2a4or3u,1_k8q9flue,1_2izaw9vd,1_mtpndw8w/a.m3u8?uiConfId=50468382&playSessionId=84a578b4-8ef8-22d1-c06c-bf51ea285a12:3339b694-7e0c-8613-6a2f-4293559627d3&referrer=aHR0cHM6Ly93d3cubnZpZGlhLmNvbS9lbi11cy9vbi1kZW1hbmQvc2Vzc2lvbi9ndGMyNS1zNzI4NDkv&clientTag=html5:v7.264","m3u8"
"https://www.nvidia.com/en-us/on-demand/session/gtc25-dlit71406/","33:31:00","https://cdnapisec.kaltura.com/p/2935771/sp/293577100/playManifest/entryId/1_i0wfbq28/protocol/https/format/applehttp/flavorIds/1_r2mr1gk8,1_446tvnrx,1_drjkjelb,1_zeaiq0l5,1_94ta66yw/a.m3u8?uiConfId=50468382&playSessionId=36bdebce-832b-c15f-18b4-a03c3e6431ee:7b28eae2-fab4-447c-2cd4-7a70974ade32&referrer=aHR0cHM6Ly93d3cubnZpZGlhLmNvbS9lbi11cy9vbi1kZW1hbmQvc2Vzc2lvbi9ndGMyNS1kbGl0NzE0MDYv&clientTag=html5:v7.264","m3u8"
"https://www.nvidia.com/en-us/on-demand/session/gtc25-s73978/","42:37:00","https://cdnapisec.kaltura.com/p/2935771/sp/293577100/playManifest/entryId/1_umkpv4vg/protocol/https/format/applehttp/flavorIds/1_2inqs13y,1_c2foq43i,1_whj8eipv,1_mih4aghe,1_2bpe0xqj/a.m3u8?uiConfId=50468382&playSessionId=8b35a05b-27ef-61ed-c782-bf375ed6ba06:14f7f0a5-def5-9237-9260-09cba60011fa&referrer=aHR0cHM6Ly93d3cubnZpZGlhLmNvbS9lbi11cy9vbi1kZW1hbmQvc2Vzc2lvbi9ndGMyNS1zNzM5Nzgv&clientTag=html5:v7.264","m3u8"
"https://www.nvidia.com/en-us/on-demand/session/gtc25-s74064/","30:54:00","https://cdnapisec.kaltura.com/p/2935771/sp/293577100/playManifest/entryId/1_kurvys42/protocol/https/format/applehttp/flavorIds/1_guwncst5,1_idk1feim,1_eq82btyl,1_7dd9kl2x,1_kcziey01/a.m3u8?uiConfId=50468382&playSessionId=9483b538-9c60-b660-6b53-bb5ce8786e09:5638026e-06af-2b24-c7f9-f5a9815fe340&referrer=aHR0cHM6Ly93d3cubnZpZGlhLmNvbS9lbi11cy9vbi1kZW1hbmQvc2Vzc2lvbi9ndGMyNS1zNzQwNjQv&clientTag=html5:v7.264","m3u8"
"https://www.nvidia.com/en-us/on-demand/session/gtc25-se72610/","51:09:00","https://cdnapisec.kaltura.com/p/2935771/sp/293577100/playManifest/entryId/1_rsenmsrn/protocol/https/format/applehttp/flavorIds/1_ic51hdj7,1_dyjm0rg2,1_qj0fme9r,1_gp3jteua,1_zxl70exg/a.m3u8?uiConfId=50468382&playSessionId=682e0843-fb0e-30bc-dae6-cd1879d6f694:4353542a-65a8-1f89-ec3a-c97530f7a587&referrer=aHR0cHM6Ly93d3cubnZpZGlhLmNvbS9lbi11cy9vbi1kZW1hbmQvc2Vzc2lvbi9ndGMyNS1zZTcyNjEwLw==&clientTag=html5:v7.264","m3u8"
"https://www.nvidia.com/en-us/on-demand/session/gtc25-se74553/","53:37:00","https://cdnapisec.kaltura.com/p/2935771/sp/293577100/playManifest/entryId/1_uwl2qlym/protocol/https/format/applehttp/flavorIds/1_ue732o7g,1_2lh9szts,1_r7kezbb5,1_8n3hpoc1,1_75v6pvfy/a.m3u8?uiConfId=50468382&playSessionId=87fed16a-e370-c7d4-539f-511472d7b766:07a8398b-79c0-28bc-9822-9f9d882aa378&referrer=aHR0cHM6Ly93d3cubnZpZGlhLmNvbS9lbi11cy9vbi1kZW1hbmQvc2Vzc2lvbi9ndGMyNS1zZTc0NTUzLw==&clientTag=html5:v7.264","m3u8"
"https://www.nvidia.com/en-us/on-demand/session/gtc25-dlit71688/","1:20:08","https://cdnapisec.kaltura.com/p/2935771/sp/293577100/playManifest/entryId/1_qefgkkvo/protocol/https/format/applehttp/flavorIds/1_xhzsa6fm,1_yaf0s21h,1_00i5t3c8,1_4yelsj7q,1_yh7awhre/a.m3u8?uiConfId=50468382&playSessionId=39b760ec-3186-3f4f-f5b3-e15272c973be:bf8810cd-2699-d9df-4ff3-5e09fe9fbbf6&referrer=aHR0cHM6Ly93d3cubnZpZGlhLmNvbS9lbi11cy9vbi1kZW1hbmQvc2Vzc2lvbi9ndGMyNS1kbGl0NzE2ODgv&clientTag=html5:v7.264","m3u8"
"https://www.nvidia.com/en-us/on-demand/session/gtc25-dlit73877/","1:29:43","https://cdnapisec.kaltura.com/p/2935771/sp/293577100/playManifest/entryId/1_fw2s7g6z/protocol/https/format/applehttp/flavorIds/1_lugmhixh,1_rlvq5fwy,1_e44o8o67,1_cugga2ok,1_8sr7fzqv/a.m3u8?uiConfId=50468382&playSessionId=5906db5f-1a90-1f5f-997a-0358e1bb2627:d71d2f63-635b-2c9d-ea27-0fed855f490f&referrer=aHR0cHM6Ly93d3cubnZpZGlhLmNvbS9lbi11cy9vbi1kZW1hbmQvc2Vzc2lvbi9ndGMyNS1kbGl0NzM4Nzcv&clientTag=html5:v7.264","m3u8"
"https://www.nvidia.com/en-us/on-demand/session/gtc25-exs74222/","14:25","https://cdnapisec.kaltura.com/p/2935771/sp/293577100/playManifest/entryId/1_tz2ln5ao/protocol/https/format/applehttp/flavorIds/1_ucobgzzx,1_5ou6r5q1,1_6dpk53oh,1_311ywupk,1_3xuti4jm/a.m3u8?uiConfId=50468382&playSessionId=24b4a4be-cd79-f6b4-f7fb-7ef8e60915cd:728c1a58-3f22-4e84-dc1a-8750bfc3a2c6&referrer=aHR0cHM6Ly93d3cubnZpZGlhLmNvbS9lbi11cy9vbi1kZW1hbmQvc2Vzc2lvbi9ndGMyNS1leHM3NDIyMi8=&clientTag=html5:v7.264","m3u8"
"https://www.nvidia.com/en-us/on-demand/session/gtc25-exs74248/","9:43","https://cdnapisec.kaltura.com/p/2935771/sp/293577100/playManifest/entryId/1_f338fkqg/protocol/https/format/applehttp/flavorIds/1_08iy2afb,1_af22dkfs,1_kt4ubx6k,1_nas5ciy5,1_pwsmvltj,1_pgsvohww/a.m3u8?uiConfId=50468382&playSessionId=c82ffead-7d0b-c24f-2232-a1bc38c18619:6a9e7710-4765-3eb7-ce0e-82f1e6970d81&referrer=aHR0cHM6Ly93d3cubnZpZGlhLmNvbS9lbi11cy9vbi1kZW1hbmQvc2Vzc2lvbi9ndGMyNS1leHM3NDI0OC8=&clientTag=html5:v7.264","m3u8"
"https://www.nvidia.com/en-us/on-demand/session/gtc25-s71086/","39:23:00","https://cdnapisec.kaltura.com/p/2935771/sp/293577100/playManifest/entryId/1_b0hyvozl/protocol/https/format/applehttp/flavorIds/1_6brzx501,1_vlmjajm0,1_lmdz72z2,1_zikxorau,1_51j62sh0/a.m3u8?uiConfId=50468382&playSessionId=70ad16d1-ee87-1e44-4a06-1b4e3abab995:6d06d6f9-be7d-8428-cad5-2b8ba0018131&referrer=aHR0cHM6Ly93d3cubnZpZGlhLmNvbS9lbi11cy9vbi1kZW1hbmQvc2Vzc2lvbi9ndGMyNS1zNzEwODYv&clientTag=html5:v7.264","m3u8"
"https://www.nvidia.com/en-us/on-demand/session/gtc25-s72490/","38:21:00","https://cdnapisec.kaltura.com/p/2935771/sp/293577100/playManifest/entryId/1_gnljdvq3/protocol/https/format/applehttp/flavorIds/1_gt1a7jlg,1_uobhihpm,1_m2843cel,1_jehv1b21,1_jsbl2ggo/a.m3u8?uiConfId=50468382&playSessionId=c7fa85d7-cf1b-2148-f73a-3fa8418baa77:ab5cba79-7781-b29c-c58c-555cd9d493ff&referrer=aHR0cHM6Ly93d3cubnZpZGlhLmNvbS9lbi11cy9vbi1kZW1hbmQvc2Vzc2lvbi9ndGMyNS1zNzI0OTAv&clientTag=html5:v7.264","m3u8"
"https://www.nvidia.com/en-us/on-demand/session/gtc25-s71387/","39:16:00","https://cdnapisec.kaltura.com/p/2935771/sp/293577100/playManifest/entryId/1_yorjbc31/protocol/https/format/applehttp/flavorIds/1_djzs1lc2,1_2llw64a4,1_i6nc9i14,1_40roan9y,1_vvwwsx26/a.m3u8?uiConfId=50468382&playSessionId=f4a953c3-7f26-0076-fd67-6a0712cd1a8e:85735c65-917b-ad1d-96f6-39c62082f9c7&referrer=aHR0cHM6Ly93d3cubnZpZGlhLmNvbS9lbi11cy9vbi1kZW1hbmQvc2Vzc2lvbi9ndGMyNS1zNzEzODcv&clientTag=html5:v7.264","m3u8"
"https://www.nvidia.com/en-us/on-demand/session/gtc25-s71452/","39:51:00","https://cdnapisec.kaltura.com/p/2935771/sp/293577100/playManifest/entryId/1_cuaxvs8h/protocol/https/format/applehttp/flavorIds/1_uuti8qsl,1_x1qcdzq8,1_7xwg2ut9,1_ukts0rwk,1_imfujiyx/a.m3u8?uiConfId=50468382&playSessionId=c39ed3e1-542a-d180-90d3-70a1f548b6a9:2b5dc4dd-522e-9273-9bdc-fae72478f0af&referrer=aHR0cHM6Ly93d3cubnZpZGlhLmNvbS9lbi11cy9vbi1kZW1hbmQvc2Vzc2lvbi9ndGMyNS1zNzE0NTIv&clientTag=html5:v7.264","m3u8"
"https://www.nvidia.com/en-us/on-demand/session/gtc25-s71515/","46:04:00","https://cdnapisec.kaltura.com/p/2935771/sp/293577100/playManifest/entryId/1_3uk9mvw4/protocol/https/format/applehttp/flavorIds/1_hi4mymfr,1_3whry25p,1_uitsd6ko,1_h1b1lejm,1_yh8jhbba/a.m3u8?uiConfId=50468382&playSessionId=c8ad47c9-ec9a-7c28-18ab-a0e5987fe126:4a3c81b4-5bf9-83e8-9ec3-4f564f143026&referrer=aHR0cHM6Ly93d3cubnZpZGlhLmNvbS9lbi11cy9vbi1kZW1hbmQvc2Vzc2lvbi9ndGMyNS1zNzE1MTUv&clientTag=html5:v7.264","m3u8"
"https://www.nvidia.com/en-us/on-demand/session/gtc25-s71563/","39:05:00","https://cdnapisec.kaltura.com/p/2935771/sp/293577100/playManifest/entryId/1_e4zdxo6w/protocol/https/format/applehttp/flavorIds/1_3ga9c6yk,1_16vqn0f5,1_0xgelhdw,1_dfta531p,1_e6zafete/a.m3u8?uiConfId=50468382&playSessionId=f50d6590-2c20-4f6e-ac88-d3d29c3f0c75:d12457ed-cc37-b673-625d-6b6b6d364b48&referrer=aHR0cHM6Ly93d3cubnZpZGlhLmNvbS9lbi11cy9vbi1kZW1hbmQvc2Vzc2lvbi9ndGMyNS1zNzE1NjMv&clientTag=html5:v7.264","m3u8"
"https://www.nvidia.com/en-us/on-demand/session/gtc25-s71968/","41:35:00","https://cdnapisec.kaltura.com/p/2935771/sp/293577100/playManifest/entryId/1_7bcilqip/protocol/https/format/applehttp/flavorIds/1_fzd4sr8v,1_e5f8wwou,1_e0x3u7x5,1_wk48blma,1_auzjz8l2/a.m3u8?uiConfId=50468382&playSessionId=c19b411f-46a3-4078-02b2-710b0b18af66:22023dd5-1439-4ebc-5be0-f498866357d5&referrer=aHR0cHM6Ly93d3cubnZpZGlhLmNvbS9lbi11cy9vbi1kZW1hbmQvc2Vzc2lvbi9ndGMyNS1zNzE5Njgv&clientTag=html5:v7.264","m3u8"
"https://www.nvidia.com/en-us/on-demand/session/gtc25-s71724/","39:33:00","https://cdnapisec.kaltura.com/p/2935771/sp/293577100/playManifest/entryId/1_0rsqijw0/protocol/https/format/applehttp/flavorIds/1_uuz6sh7e,1_5br2t640,1_9qvl29we,1_u0dxqfp3,1_cz3cd7t6/a.m3u8?uiConfId=50468382&playSessionId=aa7050fb-03c6-36f2-ce10-aacc932c1058:83323c44-ac1e-191b-19bd-e166780fa6c3&referrer=aHR0cHM6Ly93d3cubnZpZGlhLmNvbS9lbi11cy9vbi1kZW1hbmQvc2Vzc2lvbi9ndGMyNS1zNzE3MjQv&clientTag=html5:v7.264","m3u8"
"https://www.nvidia.com/en-us/on-demand/session/gtc25-s72735/","40:56:00","https://cdnapisec.kaltura.com/p/2935771/sp/293577100/playManifest/entryId/1_xh66jg32/protocol/https/format/applehttp/flavorIds/1_nosum23m,1_c6yjfn0z,1_hxgm2o6y,1_r1os8fig,1_stj7nkx5,1_strk5vpw/a.m3u8?uiConfId=50468382&playSessionId=e608b238-bdf1-c0c1-d1df-1988bd111631:03942296-81da-40fa-a043-20c8d2d75239&referrer=aHR0cHM6Ly93d3cubnZpZGlhLmNvbS9lbi11cy9vbi1kZW1hbmQvc2Vzc2lvbi9ndGMyNS1zNzI3MzUv&clientTag=html5:v7.264","m3u8"
"https://www.nvidia.com/en-us/on-demand/session/gtc25-s72752/","37:58:00","https://cdnapisec.kaltura.com/p/2935771/sp/293577100/playManifest/entryId/1_7cmrnrnu/protocol/https/format/applehttp/flavorIds/1_txnctvmr,1_piwapqcu,1_oaaayjzw,1_vruh9tgh/a.m3u8?uiConfId=50468382&playSessionId=46a42772-a794-a140-465c-60fac6341ec6:680a23eb-7b1e-1dad-b149-5711be5fa539&referrer=aHR0cHM6Ly93d3cubnZpZGlhLmNvbS9lbi11cy9vbi1kZW1hbmQvc2Vzc2lvbi9ndGMyNS1zNzI3NTIv&clientTag=html5:v7.264","m3u8"
"https://www.nvidia.com/en-us/on-demand/session/gtc25-exs74214/","12:51","https://cdnapisec.kaltura.com/p/2935771/sp/293577100/playManifest/entryId/1_50uwxcht/protocol/https/format/applehttp/flavorIds/1_lu6kpqzl,1_im9c9sf9,1_hjyotcqv,1_uy664svc,1_vg1ft307,1_i4cmp0tp/a.m3u8?uiConfId=50468382&playSessionId=9c7e5732-490f-c461-01c2-b059eb7c91b6:a2b96c13-a8f9-7f72-2341-bb7fb02c8e42&referrer=aHR0cHM6Ly93d3cubnZpZGlhLmNvbS9lbi11cy9vbi1kZW1hbmQvc2Vzc2lvbi9ndGMyNS1leHM3NDIxNC8=&clientTag=html5:v7.264","m3u8"
"https://www.nvidia.com/en-us/on-demand/session/gtc25-exs73984/","12:41","https://cdnapisec.kaltura.com/p/2935771/sp/293577100/playManifest/entryId/1_0podi0gt/protocol/https/format/applehttp/flavorIds/1_4pdeitvb,1_nz04agxs,1_ppc6cixl,1_px6aqde6,1_9we6ddbq,1_zywt51tv/a.m3u8?uiConfId=50468382&playSessionId=3fb91dcc-cab0-129a-2ec6-8616acf07e8a:5661e19b-faff-7b4b-9ecf-92bd8a8aa94d&referrer=aHR0cHM6Ly93d3cubnZpZGlhLmNvbS9lbi11cy9vbi1kZW1hbmQvc2Vzc2lvbi9ndGMyNS1leHM3Mzk4NC8=&clientTag=html5:v7.264","m3u8"
"https://www.nvidia.com/en-us/on-demand/session/gtc25-s73054/","57:32:00","https://cdnapisec.kaltura.com/p/2935771/sp/293577100/playManifest/entryId/1_mlncoewg/protocol/https/format/applehttp/flavorIds/1_h2ftfm0g,1_qq7plhn0,1_mcr1ld7i,1_o7dg0yx7,1_ghzgpddv,1_q9wz7g76/a.m3u8?uiConfId=50468382&playSessionId=b3e02f49-0a0e-e69e-2eb5-b5843bc8e183:099844b7-0c77-4008-2c77-70e59e6de5e1&referrer=aHR0cHM6Ly93d3cubnZpZGlhLmNvbS9lbi11cy9vbi1kZW1hbmQvc2Vzc2lvbi9ndGMyNS1zNzMwNTQv&clientTag=html5:v7.264","m3u8"
"https://www.nvidia.com/en-us/on-demand/session/gtc25-s73059/","33:03:00","https://cdnapisec.kaltura.com/p/2935771/sp/293577100/playManifest/entryId/1_0aojqb0e/protocol/https/format/applehttp/flavorIds/1_ykgyfesd,1_yr1jmuki,1_trgcuduy,1_8kphf8tg,1_myvj17b2,1_sv11dw4q/a.m3u8?uiConfId=50468382&playSessionId=04d3a6de-01fc-d082-f1e9-f594f7e7c6e6:62f2eb6a-fffb-9fe0-433f-d3a68c19800a&referrer=aHR0cHM6Ly93d3cubnZpZGlhLmNvbS9lbi11cy9vbi1kZW1hbmQvc2Vzc2lvbi9ndGMyNS1zNzMwNTkv&clientTag=html5:v7.264","m3u8"
"https://www.nvidia.com/en-us/on-demand/session/gtc25-s72930/","59:42:00","https://cdnapisec.kaltura.com/p/2935771/sp/293577100/playManifest/entryId/1_4i1oqqv1/protocol/https/format/applehttp/flavorIds/1_uc2ms92j,1_ulk9cxbo,1_f9vzn98q,1_7xwao01i,1_n2fiy53d,1_1m5jy51p/a.m3u8?uiConfId=50468382&playSessionId=a209ee60-fd48-9f85-95fe-156ac7b928a4:47b3aa72-0188-b226-e70d-c6f2b7b069a2&referrer=aHR0cHM6Ly93d3cubnZpZGlhLmNvbS9lbi11cy9vbi1kZW1hbmQvc2Vzc2lvbi9ndGMyNS1zNzI5MzAv&clientTag=html5:v7.264","m3u8"
"https://www.nvidia.com/en-us/on-demand/session/gtc25-s73198/","37:55:00","https://cdnapisec.kaltura.com/p/2935771/sp/293577100/playManifest/entryId/1_f53ym18q/protocol/https/format/applehttp/flavorIds/1_y8kk6tkx,1_ougns2kz,1_frluu4o0,1_4dtb9nbe,1_4d1c455u,1_jkdmqawc/a.m3u8?uiConfId=50468382&playSessionId=102f306f-4dea-639a-a0c5-d57e6b006b23:12ae3f79-446c-b8cb-5561-0af691e3cdc0&referrer=aHR0cHM6Ly93d3cubnZpZGlhLmNvbS9lbi11cy9vbi1kZW1hbmQvc2Vzc2lvbi9ndGMyNS1zNzMxOTgv&clientTag=html5:v7.264","m3u8"
"https://www.nvidia.com/en-us/on-demand/session/gtc25-s73216/","37:13:00","https://cdnapisec.kaltura.com/p/2935771/sp/293577100/playManifest/entryId/1_4dgwqfrc/protocol/https/format/applehttp/flavorIds/1_ztm8fjq0,1_v6z9f4ry,1_3tzw63fs,1_vtx2gkh4,1_54tqonbb/a.m3u8?uiConfId=50468382&playSessionId=ebd3180d-2bec-64e2-cc74-dfb25a3f074b:0e15ef27-e353-d68d-5085-5613bcf4dc45&referrer=aHR0cHM6Ly93d3cubnZpZGlhLmNvbS9lbi11cy9vbi1kZW1hbmQvc2Vzc2lvbi9ndGMyNS1zNzMyMTYv&clientTag=html5:v7.264","m3u8"
"https://www.nvidia.com/en-us/on-demand/session/gtc25-s73235/","40:38:00","https://cdnapisec.kaltura.com/p/2935771/sp/293577100/playManifest/entryId/1_dhssgo6c/protocol/https/format/applehttp/flavorIds/1_9z2q1v3y,1_nhc4605c,1_mmwefmtv,1_mb4n1mt7,1_ce1au7i2/a.m3u8?uiConfId=50468382&playSessionId=6abc986f-d626-eee5-154b-e2c3cd6a0682:83551f28-c249-6d14-4445-95565310595b&referrer=aHR0cHM6Ly93d3cubnZpZGlhLmNvbS9lbi11cy9vbi1kZW1hbmQvc2Vzc2lvbi9ndGMyNS1zNzMyMzUv&clientTag=html5:v7.264","m3u8"
"https://www.nvidia.com/en-us/on-demand/session/gtc25-s74196/","36:39:00","https://cdnapisec.kaltura.com/p/2935771/sp/293577100/playManifest/entryId/1_9qs3ptv8/protocol/https/format/applehttp/flavorIds/1_tncjvb5p,1_uasonjnq,1_xxz7qqko,1_id98tpzx,1_8ry4otpo/a.m3u8?uiConfId=50468382&playSessionId=0a27fbde-ff92-10b8-70ec-c7456841b5cf:17516f35-bbf3-fb24-a5a9-cbaa8aeecd7a&referrer=aHR0cHM6Ly93d3cubnZpZGlhLmNvbS9lbi11cy9vbi1kZW1hbmQvc2Vzc2lvbi9ndGMyNS1zNzQxOTYv&clientTag=html5:v7.264","m3u8"
"https://www.nvidia.com/en-us/on-demand/session/gtc25-s74286/","37:03:00","https://cdnapisec.kaltura.com/p/2935771/sp/293577100/playManifest/entryId/1_frh1y4ti/protocol/https/format/applehttp/flavorIds/1_6vmnslex,1_bects8od,1_p8mmao1o,1_9n3ujxk2/a.m3u8?uiConfId=50468382&playSessionId=1677c97e-d8aa-f804-836b-d4fa6453e477:71245115-bf1b-ce4f-0910-76328255ad74&referrer=aHR0cHM6Ly93d3cubnZpZGlhLmNvbS9lbi11cy9vbi1kZW1hbmQvc2Vzc2lvbi9ndGMyNS1zNzQyODYv&clientTag=html5:v7.264","m3u8"
"https://www.nvidia.com/en-us/on-demand/session/gtc25-s74611/","31:12:00","https://cdnapisec.kaltura.com/p/2935771/sp/293577100/playManifest/entryId/1_x7gwxmi5/protocol/https/format/applehttp/flavorIds/1_gcxhva20,1_druhbwkz,1_r0nxv6qj,1_dcvfbzb4/a.m3u8?uiConfId=50468382&playSessionId=da091b4c-7a6b-8ec6-ab76-c2efe9c69274:b887cc76-4ac3-77ea-4c89-d93d16814778&referrer=aHR0cHM6Ly93d3cubnZpZGlhLmNvbS9lbi11cy9vbi1kZW1hbmQvc2Vzc2lvbi9ndGMyNS1zNzQ2MTEv&clientTag=html5:v7.264","m3u8"
"https://www.nvidia.com/en-us/on-demand/session/gtc25-s74530/","46:11:00","https://cdnapisec.kaltura.com/p/2935771/sp/293577100/playManifest/entryId/1_51gnmynr/protocol/https/format/applehttp/flavorIds/1_4suu8wfp,1_nd00h1ku,1_6yh2mkma,1_2jxxautb,1_f5vzduov,1_t91jwuz0/a.m3u8?uiConfId=50468382&playSessionId=ba434ab5-9d83-9f1b-fed1-6795b7561a5f:7c8c1069-4024-bc48-eccb-5df2f796f3a8&referrer=aHR0cHM6Ly93d3cubnZpZGlhLmNvbS9lbi11cy9vbi1kZW1hbmQvc2Vzc2lvbi9ndGMyNS1zNzQ1MzAv&clientTag=html5:v7.264","m3u8"
"https://www.nvidia.com/en-us/on-demand/session/gtc25-se72496/","1:06:09","https://cdnapisec.kaltura.com/p/2935771/sp/293577100/playManifest/entryId/1_0ehkrnvh/protocol/https/format/applehttp/flavorIds/1_zismysrb,1_i77ttjnd,1_m8d6rfuw,1_tk68o1fa,1_p7f8lbm2/a.m3u8?uiConfId=50468382&playSessionId=c4d128dc-d4f0-d113-07ff-a0dca2c0830a:57bc5cb3-63e1-c069-14a6-9837ea84e5e9&referrer=aHR0cHM6Ly93d3cubnZpZGlhLmNvbS9lbi11cy9vbi1kZW1hbmQvc2Vzc2lvbi9ndGMyNS1zZTcyNDk2Lw==&clientTag=html5:v7.264","m3u8"
"https://www.nvidia.com/en-us/on-demand/session/gtc25-exs74208/","15:16","https://cdnapisec.kaltura.com/p/2935771/sp/293577100/playManifest/entryId/1_jn7x46l4/protocol/https/format/applehttp/flavorIds/1_ose9ri37,1_gw2mwq57,1_claqexbh,1_w7we6au1,1_ojk09sw1,1_fyr9elxq/a.m3u8?uiConfId=50468382&playSessionId=f6dafebc-ca62-f2b9-3c8e-00bd6e5153c7:3d5c04c6-41a0-16f1-6e1f-3b1fe1e1a3e1&referrer=aHR0cHM6Ly93d3cubnZpZGlhLmNvbS9lbi11cy9vbi1kZW1hbmQvc2Vzc2lvbi9ndGMyNS1leHM3NDIwOC8=&clientTag=html5:v7.264","m3u8"
"https://www.nvidia.com/en-us/on-demand/session/gtc25-s71183/","40:28:00","https://cdnapisec.kaltura.com/p/2935771/sp/293577100/playManifest/entryId/1_lsgyz1i4/protocol/https/format/applehttp/flavorIds/1_o8tn8roe,1_adhj8whm,1_sohrj9f2,1_421ghlsh/a.m3u8?uiConfId=50468382&playSessionId=2054f226-c330-a396-5fd4-75d0ad375951:a8d48bac-0ec3-b6bf-9538-d0e6e38f1292&referrer=aHR0cHM6Ly93d3cubnZpZGlhLmNvbS9lbi11cy9vbi1kZW1hbmQvc2Vzc2lvbi9ndGMyNS1zNzExODMv&clientTag=html5:v7.264","m3u8"
"https://www.nvidia.com/en-us/on-demand/session/gtc25-s71244/","40:17:00","https://cdnapisec.kaltura.com/p/2935771/sp/293577100/playManifest/entryId/1_xbgrcafh/protocol/https/format/applehttp/flavorIds/1_ey2t9quj,1_5secabx2,1_253tfm1m,1_kz0u7rgi,1_m7iju8bc,1_q97o567d/a.m3u8?uiConfId=50468382&playSessionId=344321a8-b630-963a-775f-520abd9ad82e:e4ca59d0-8c08-8e08-e5f6-1b485e236f2d&referrer=aHR0cHM6Ly93d3cubnZpZGlhLmNvbS9lbi11cy9vbi1kZW1hbmQvc2Vzc2lvbi9ndGMyNS1zNzEyNDQv&clientTag=html5:v7.264","m3u8"
"https://www.nvidia.com/en-us/on-demand/session/gtc25-s72434/","43:32:00","https://cdnapisec.kaltura.com/p/2935771/sp/293577100/playManifest/entryId/1_iikoyhtg/protocol/https/format/applehttp/flavorIds/1_cmcz9gpp,1_i38pib9b,1_wvoirgrj,1_719ai45t,1_wiiiz328/a.m3u8?uiConfId=50468382&playSessionId=abe2631f-ce97-c3a9-8b90-634ad0e30288:8f8532d6-5e70-5b3f-90eb-435fff8d5acd&referrer=aHR0cHM6Ly93d3cubnZpZGlhLmNvbS9lbi11cy9vbi1kZW1hbmQvc2Vzc2lvbi9ndGMyNS1zNzI0MzQv&clientTag=html5:v7.264","m3u8"
"https://www.nvidia.com/en-us/on-demand/session/gtc25-s72543/","1:01:58","https://cdnapisec.kaltura.com/p/2935771/sp/293577100/playManifest/entryId/1_uvikwm0y/protocol/https/format/applehttp/flavorIds/1_5y8omvuv,1_i8tmsxg8,1_tkdq0lsm,1_l9i92nts,1_r5tc9tvz,1_y3veh4j1/a.m3u8?uiConfId=50468382&playSessionId=ad6238ab-ea02-ac95-d777-6a2ab96fedea:d84c189e-06d4-b511-2803-7cb3a30878e7&referrer=aHR0cHM6Ly93d3cubnZpZGlhLmNvbS9lbi11cy9vbi1kZW1hbmQvc2Vzc2lvbi9ndGMyNS1zNzI1NDMv&clientTag=html5:v7.264","m3u8"
"https://www.nvidia.com/en-us/on-demand/session/gtc25-s72300/","36:55:00","https://cdnapisec.kaltura.com/p/2935771/sp/293577100/playManifest/entryId/1_fqbrvbzz/protocol/https/format/applehttp/flavorIds/1_pj3ope7o,1_41p4h40l,1_2g5apr4l,1_app30qcs,1_0dojc8wg/a.m3u8?uiConfId=50468382&playSessionId=26dbf957-2759-05e1-bd5b-5806ddc61a87:69b0d7f9-ef0f-341e-b89f-7785a94edaeb&referrer=aHR0cHM6Ly93d3cubnZpZGlhLmNvbS9lbi11cy9vbi1kZW1hbmQvc2Vzc2lvbi9ndGMyNS1zNzIzMDAv&clientTag=html5:v7.264","m3u8"
"https://www.nvidia.com/en-us/on-demand/session/gtc25-s72587/","37:45:00","https://cdnapisec.kaltura.com/p/2935771/sp/293577100/playManifest/entryId/1_g31d42p3/protocol/https/format/applehttp/flavorIds/1_a1wiih43,1_3g81x90n,1_6hc0e3lj,1_bwpvk3zp,1_1h6747tb/a.m3u8?uiConfId=50468382&playSessionId=c5958495-d7a8-52c9-30ab-6362dd3cf8dc:72ea7a41-b749-6eef-05e0-202538968fa0&referrer=aHR0cHM6Ly93d3cubnZpZGlhLmNvbS9lbi11cy9vbi1kZW1hbmQvc2Vzc2lvbi9ndGMyNS1zNzI1ODcv&clientTag=html5:v7.264","m3u8"
"https://www.nvidia.com/en-us/on-demand/session/gtc25-s72089/","17:09","https://cdnapisec.kaltura.com/p/2935771/sp/293577100/playManifest/entryId/1_ygeanre7/protocol/https/format/applehttp/flavorIds/1_yi1xj5nv,1_6v1nzg9d,1_xct70sri,1_xp36aeud,1_04m968s0/a.m3u8?uiConfId=50468382&playSessionId=12ea19e8-d8e8-3607-2d70-9432acd6ae84:2619bc57-880e-c285-73ca-b28850b523f2&referrer=aHR0cHM6Ly93d3cubnZpZGlhLmNvbS9lbi11cy9vbi1kZW1hbmQvc2Vzc2lvbi9ndGMyNS1zNzIwODkv&clientTag=html5:v7.264","m3u8"
"https://www.nvidia.com/en-us/on-demand/session/gtc25-s72673/","39:56:00","https://cdnapisec.kaltura.com/p/2935771/sp/293577100/playManifest/entryId/1_hajujtd4/protocol/https/format/applehttp/flavorIds/1_4iy8klan,1_ouivozuk,1_yyuiilux,1_mpqmiw84,1_tepct6mx/a.m3u8?uiConfId=50468382&playSessionId=3aa2ada3-5dc9-6afd-e9e7-3b5d7f8b7832:4d00bd16-f88d-20c0-8bdf-82725dd0157e&referrer=aHR0cHM6Ly93d3cubnZpZGlhLmNvbS9lbi11cy9vbi1kZW1hbmQvc2Vzc2lvbi9ndGMyNS1zNzI2NzMv&clientTag=html5:v7.264","m3u8"
"https://www.nvidia.com/en-us/on-demand/session/gtc25-s73438/","43:47:00","https://cdnapisec.kaltura.com/p/2935771/sp/293577100/playManifest/entryId/1_skotnn63/protocol/https/format/applehttp/flavorIds/1_o3g6u9or,1_1xul47fc,1_8xoy480a,1_dfg8zg6z,1_b7wjf4tx,1_q1cte20o/a.m3u8?uiConfId=50468382&playSessionId=2fa64403-0c2c-c5e0-8ee9-747dd8f64536:fad23fa5-6ea0-141a-d40d-16808608d680&referrer=aHR0cHM6Ly93d3cubnZpZGlhLmNvbS9lbi11cy9vbi1kZW1hbmQvc2Vzc2lvbi9ndGMyNS1zNzM0Mzgv&clientTag=html5:v7.264","m3u8"
"https://www.nvidia.com/en-us/on-demand/session/gtc25-exs74644/","16:36","https://cdnapisec.kaltura.com/p/2935771/sp/293577100/playManifest/entryId/1_la5ax64q/protocol/https/format/applehttp/flavorIds/1_ut5suvhw,1_21fzuctn,1_fn2r02nd,1_l2vb2xlf,1_vvxjawen/a.m3u8?uiConfId=50468382&playSessionId=470d2348-4041-92a7-29df-4fa6f2effb57:5fdfef67-0ce6-dd9b-8edc-412ff69ba197&referrer=aHR0cHM6Ly93d3cubnZpZGlhLmNvbS9lbi11cy9vbi1kZW1hbmQvc2Vzc2lvbi9ndGMyNS1leHM3NDY0NC8=&clientTag=html5:v7.264","m3u8"
"https://www.nvidia.com/en-us/on-demand/session/gtc25-exs75113/","16:07","https://cdnapisec.kaltura.com/p/2935771/sp/293577100/playManifest/entryId/1_akexsakt/protocol/https/format/applehttp/flavorIds/1_qdxygo56,1_2g4d10dy,1_mnulbgqy,1_hjaowgfg,1_btz0bphq,1_kp1yi8vr/a.m3u8?uiConfId=50468382&playSessionId=8d9231df-b00c-afdc-f4af-63abe4526a1c:ebf59437-c74a-00f0-9155-0de575704778&referrer=aHR0cHM6Ly93d3cubnZpZGlhLmNvbS9lbi11cy9vbi1kZW1hbmQvc2Vzc2lvbi9ndGMyNS1leHM3NTExMy8=&clientTag=html5:v7.264","m3u8"
"https://www.nvidia.com/en-us/on-demand/session/gtc25-dlit71557/","1:29:40","https://cdnapisec.kaltura.com/p/2935771/sp/293577100/playManifest/entryId/1_pk90pmzl/protocol/https/format/applehttp/flavorIds/1_hjfnuqt5,1_3l956xl9,1_y7bazbqc,1_91vbak7p,1_4yprtfd3/a.m3u8?uiConfId=50468382&playSessionId=32b6695a-a6fb-24d7-4e48-81229328c127:5c1ba7d5-b114-ee58-62e7-04fff958fcc8&referrer=aHR0cHM6Ly93d3cubnZpZGlhLmNvbS9lbi11cy9vbi1kZW1hbmQvc2Vzc2lvbi9ndGMyNS1kbGl0NzE1NTcv&clientTag=html5:v7.264","m3u8"
"https://www.nvidia.com/en-us/on-demand/session/gtc25-s74531/","59:11:00","https://cdnapisec.kaltura.com/p/2935771/sp/293577100/playManifest/entryId/1_jt53203u/protocol/https/format/applehttp/flavorIds/1_x2q584l3,1_0mos2be4,1_tjtog9ka,1_imkuma76,1_e5qttqx0,1_3nu8gd31/a.m3u8?uiConfId=50468382&playSessionId=cae61839-d4a5-6d02-b1be-149824430872:9b0a365f-15ea-0c53-03d8-64571d94265a&referrer=aHR0cHM6Ly93d3cubnZpZGlhLmNvbS9lbi11cy9vbi1kZW1hbmQvc2Vzc2lvbi9ndGMyNS1zNzQ1MzEv&clientTag=html5:v7.264","m3u8"
"https://www.nvidia.com/en-us/on-demand/session/gtc25-exs74638/","10:18","https://cdnapisec.kaltura.com/p/2935771/sp/293577100/playManifest/entryId/1_iiwmu6jj/protocol/https/format/applehttp/flavorIds/1_g2glfpws,1_xo04wwv3,1_255tk6zz,1_o4924dei,1_l8o1266r,1_2ui94qx8/a.m3u8?uiConfId=50468382&playSessionId=f03d2c3c-9fb6-af52-d0e9-893c8f6da514:c6719892-b6dd-3c46-b9a3-1dba0f0a01c3&referrer=aHR0cHM6Ly93d3cubnZpZGlhLmNvbS9lbi11cy9vbi1kZW1hbmQvc2Vzc2lvbi9ndGMyNS1leHM3NDYzOC8=&clientTag=html5:v7.264","m3u8"
"https://www.nvidia.com/en-us/on-demand/session/gtc25-exs74337/","14:38","https://cdnapisec.kaltura.com/p/2935771/sp/293577100/playManifest/entryId/1_v9x4r9vl/protocol/https/format/applehttp/flavorIds/1_i1i0ndjz,1_m8ae6g7j,1_jq8oiesx,1_vx2wbxu1,1_soqe7hve,1_tvqonflm/a.m3u8?uiConfId=50468382&playSessionId=634791a7-6181-786e-4511-f71e77943cb7:29672523-290f-2d3f-45a6-8a2b425aae97&referrer=aHR0cHM6Ly93d3cubnZpZGlhLmNvbS9lbi11cy9vbi1kZW1hbmQvc2Vzc2lvbi9ndGMyNS1leHM3NDMzNy8=&clientTag=html5:v7.264","m3u8"
"https://www.nvidia.com/en-us/on-demand/session/gtc25-exs74646/","13:22","https://cdnapisec.kaltura.com/p/2935771/sp/293577100/playManifest/entryId/1_ar0o8k0y/protocol/https/format/applehttp/flavorIds/1_pk3cl251,1_etomkt2i,1_asmctpt0,1_l1bbekgx,1_fjfte8vz,1_osd1r34h/a.m3u8?uiConfId=50468382&playSessionId=80214251-c96e-385f-ba6a-9c9bff175a36:bfed4117-9053-2281-9fe8-4762e9ed16b7&referrer=aHR0cHM6Ly93d3cubnZpZGlhLmNvbS9lbi11cy9vbi1kZW1hbmQvc2Vzc2lvbi9ndGMyNS1leHM3NDY0Ni8=&clientTag=html5:v7.264","m3u8"
"https://www.nvidia.com/en-us/on-demand/session/gtc25-s73012/","48:05:00","https://cdnapisec.kaltura.com/p/2935771/sp/293577100/playManifest/entryId/1_kjxo0wbw/protocol/https/format/applehttp/flavorIds/1_279ust69,1_73f7f62i,1_97n9refe,1_n7k5djmr/a.m3u8?uiConfId=50468382&playSessionId=86800e1b-adcd-93dd-0f0e-466c6417d4da:973f26ec-9120-c444-dbab-86914feee8d8&referrer=aHR0cHM6Ly93d3cubnZpZGlhLmNvbS9lbi11cy9vbi1kZW1hbmQvc2Vzc2lvbi9ndGMyNS1zNzMwMTIv&clientTag=html5:v7.264","m3u8"
"https://www.nvidia.com/en-us/on-demand/session/gtc25-s73038/","41:15:00","https://cdnapisec.kaltura.com/p/2935771/sp/293577100/playManifest/entryId/1_7weh9jug/protocol/https/format/applehttp/flavorIds/1_m157ozf3,1_1nmqzll2,1_i9nkv4ea,1_14bwzdsg,1_xnf5z5om,1_4cgzfy1k/a.m3u8?uiConfId=50468382&playSessionId=0e278c28-5ffa-005e-a4a9-757c813faff3:19837b5c-8db9-b05c-7671-a0dfd7c83940&referrer=aHR0cHM6Ly93d3cubnZpZGlhLmNvbS9lbi11cy9vbi1kZW1hbmQvc2Vzc2lvbi9ndGMyNS1zNzMwMzgv&clientTag=html5:v7.264","m3u8"
"https://www.nvidia.com/en-us/on-demand/session/gtc25-s73055/","35:03:00","https://cdnapisec.kaltura.com/p/2935771/sp/293577100/playManifest/entryId/1_nju8b660/protocol/https/format/applehttp/flavorIds/1_kvsp2n89,1_pft139t4,1_zwnggl3l,1_rq3cz0w6,1_qyolxryx,1_g4a6u82j/a.m3u8?uiConfId=50468382&playSessionId=1b0e3d0a-3907-c186-d845-34a37a43593d:7d1fbaea-2e9c-2ebd-3d0c-4a39a3862448&referrer=aHR0cHM6Ly93d3cubnZpZGlhLmNvbS9lbi11cy9vbi1kZW1hbmQvc2Vzc2lvbi9ndGMyNS1zNzMwNTUv&clientTag=html5:v7.264","m3u8"
"https://www.nvidia.com/en-us/on-demand/session/gtc25-s72810/","40:04:00","https://cdnapisec.kaltura.com/p/2935771/sp/293577100/playManifest/entryId/1_1xr58pm2/protocol/https/format/applehttp/flavorIds/1_c7w00foa,1_x4nmakm8,1_4x2ezffm,1_7qckpujn/a.m3u8?uiConfId=50468382&playSessionId=8832077c-2845-6953-4cbf-74ab988285b3:00c607c8-8c05-70cd-e58e-732e52668f7c&referrer=aHR0cHM6Ly93d3cubnZpZGlhLmNvbS9lbi11cy9vbi1kZW1hbmQvc2Vzc2lvbi9ndGMyNS1zNzI4MTAv&clientTag=html5:v7.264","m3u8"
"https://www.nvidia.com/en-us/on-demand/session/gtc25-s73862/","40:05:00","https://cdnapisec.kaltura.com/p/2935771/sp/293577100/playManifest/entryId/1_z3ijia14/protocol/https/format/applehttp/flavorIds/1_cgs5kyed,1_3ba39r9t,1_ykow9wgm,1_otup9bat,1_ym816bvh,1_a913k6aj/a.m3u8?uiConfId=50468382&playSessionId=59945dc9-5f98-bd51-5120-517539b1ac55:bf248bc3-82ea-de97-a6ad-0971ead60702&referrer=aHR0cHM6Ly93d3cubnZpZGlhLmNvbS9lbi11cy9vbi1kZW1hbmQvc2Vzc2lvbi9ndGMyNS1zNzM4NjIv&clientTag=html5:v7.264","m3u8"
"https://www.nvidia.com/en-us/on-demand/session/gtc25-s73083/","1:00:13","https://cdnapisec.kaltura.com/p/2935771/sp/293577100/playManifest/entryId/1_5ccoo4sz/protocol/https/format/applehttp/flavorIds/1_d9msft1i,1_fk6bb0rt,1_mf4809t3,1_4z8vvhas,1_buo9ien8,1_wwzt2wph/a.m3u8?uiConfId=50468382&playSessionId=4a2972b5-a052-6a95-0d2e-37d4fa3d8d1e:20b8d580-8a10-3bf6-cf9b-ac4bc8ef3b0d&referrer=aHR0cHM6Ly93d3cubnZpZGlhLmNvbS9lbi11cy9vbi1kZW1hbmQvc2Vzc2lvbi9ndGMyNS1zNzMwODMv&clientTag=html5:v7.264","m3u8"
"https://www.nvidia.com/en-us/on-demand/session/gtc25-s74219/","42:08:00","https://cdnapisec.kaltura.com/p/2935771/sp/293577100/playManifest/entryId/1_2w5kot42/protocol/https/format/applehttp/flavorIds/1_o6bs8noh,1_p1g5zu7a,1_7wdf6h34/a.m3u8?uiConfId=50468382&playSessionId=2513724f-1ce2-6850-06a8-3dc35f8adc41:8fef0f01-1f7c-3e22-0aa5-467a1f072603&referrer=aHR0cHM6Ly93d3cubnZpZGlhLmNvbS9lbi11cy9vbi1kZW1hbmQvc2Vzc2lvbi9ndGMyNS1zNzQyMTkv&clientTag=html5:v7.264","m3u8"
"https://www.nvidia.com/en-us/on-demand/session/gtc25-s74235/","39:05:00","https://cdnapisec.kaltura.com/p/2935771/sp/293577100/playManifest/entryId/1_vdte46qm/protocol/https/format/applehttp/flavorIds/1_po8kry8r,1_cg3da679,1_n5xw4wm3,1_c9vwkcyg,1_dseckpm5/a.m3u8?uiConfId=50468382&playSessionId=5b3500e2-c5ad-e40a-2d64-b8b93a58f66b:a8e86163-dfb0-5cdc-15d9-8148c7c30cd8&referrer=aHR0cHM6Ly93d3cubnZpZGlhLmNvbS9lbi11cy9vbi1kZW1hbmQvc2Vzc2lvbi9ndGMyNS1zNzQyMzUv&clientTag=html5:v7.264","m3u8"
"https://www.nvidia.com/en-us/on-demand/session/gtc25-s74635/","47:02:00","https://cdnapisec.kaltura.com/p/2935771/sp/293577100/playManifest/entryId/1_14bimqbu/protocol/https/format/applehttp/flavorIds/1_0w70hbjy,1_5p1inexy,1_8g9bmf5w,1_anif5i71/a.m3u8?uiConfId=50468382&playSessionId=0e1c6b41-14e0-3fcd-5f4e-d69ab95fec0e:ec1cd605-7e69-871c-c595-23dedcce9c8e&referrer=aHR0cHM6Ly93d3cubnZpZGlhLmNvbS9lbi11cy9vbi1kZW1hbmQvc2Vzc2lvbi9ndGMyNS1zNzQ2MzUv&clientTag=html5:v7.264","m3u8"
"https://www.nvidia.com/en-us/on-demand/session/gtc25-s71350/","33:34:00","https://cdnapisec.kaltura.com/p/2935771/sp/293577100/playManifest/entryId/1_1v33adsz/protocol/https/format/applehttp/flavorIds/1_0kl8s7y9,1_jb3bze5k,1_vmuox25x,1_y43m0l50,1_zemzn52a/a.m3u8?uiConfId=50468382&playSessionId=80b715d7-2f1a-f5bc-5fe1-71a9b9a00dfb:f3902b70-d0ed-18e6-5cbd-6e17dbcf02b5&referrer=aHR0cHM6Ly93d3cubnZpZGlhLmNvbS9lbi11cy9vbi1kZW1hbmQvc2Vzc2lvbi9ndGMyNS1zNzEzNTAv&clientTag=html5:v7.264","m3u8"
"https://www.nvidia.com/en-us/on-demand/session/gtc25-s72449/","38:24:00","https://cdnapisec.kaltura.com/p/2935771/sp/293577100/playManifest/entryId/1_vtfx7um7/protocol/https/format/applehttp/flavorIds/1_13pn3ge4,1_3bt3vtlq,1_1ggwfzab,1_v0or4203,1_1wpwnruf/a.m3u8?uiConfId=50468382&playSessionId=d55730e6-ff8e-8b7b-be53-bfdb424a9888:f0cf19b7-c030-1c90-f9e5-8a1013c71ee7&referrer=aHR0cHM6Ly93d3cubnZpZGlhLmNvbS9lbi11cy9vbi1kZW1hbmQvc2Vzc2lvbi9ndGMyNS1zNzI0NDkv&clientTag=html5:v7.264","m3u8"
"https://www.nvidia.com/en-us/on-demand/session/gtc25-s72261/","41:34:00","https://cdnapisec.kaltura.com/p/2935771/sp/293577100/playManifest/entryId/1_6r825f2k/protocol/https/format/applehttp/flavorIds/1_4uo2gi8r,1_8qnwim4l,1_xs4jd4i4,1_fp3rf4rc/a.m3u8?uiConfId=50468382&playSessionId=ce38cb9e-2237-53a5-7cdf-1efd13ae2b49:8240f8fc-76b6-eab8-5c59-bf98ce82ef25&referrer=aHR0cHM6Ly93d3cubnZpZGlhLmNvbS9lbi11cy9vbi1kZW1hbmQvc2Vzc2lvbi9ndGMyNS1zNzIyNjEv&clientTag=html5:v7.264","m3u8"
"https://www.nvidia.com/en-us/on-demand/session/gtc25-s72274/","38:39:00","https://cdnapisec.kaltura.com/p/2935771/sp/293577100/playManifest/entryId/1_xc544aiu/protocol/https/format/applehttp/flavorIds/1_oqqlthno,1_18xaga3j,1_68ypnzwd/a.m3u8?uiConfId=50468382&playSessionId=d16fbf95-4fb0-9da1-643e-90ac42d57853:7364cb4c-396e-d885-1c80-755d03d2e5c2&referrer=aHR0cHM6Ly93d3cubnZpZGlhLmNvbS9lbi11cy9vbi1kZW1hbmQvc2Vzc2lvbi9ndGMyNS1zNzIyNzQv&clientTag=html5:v7.264","m3u8"
"https://www.nvidia.com/en-us/on-demand/session/gtc25-s72592/","44:04:00","https://cdnapisec.kaltura.com/p/2935771/sp/293577100/playManifest/entryId/1_freatgqa/protocol/https/format/applehttp/flavorIds/1_2iqoj73g,1_rx5cranc,1_p3wfthi3,1_jxzkat00,1_484qlq2y/a.m3u8?uiConfId=50468382&playSessionId=2cc682dc-19b6-77c1-c82e-758ecbb3bcfb:e8e195ca-efa8-ef83-2bfc-bae499993cdf&referrer=aHR0cHM6Ly93d3cubnZpZGlhLmNvbS9lbi11cy9vbi1kZW1hbmQvc2Vzc2lvbi9ndGMyNS1zNzI1OTIv&clientTag=html5:v7.264","m3u8"
"https://www.nvidia.com/en-us/on-demand/session/gtc25-s72649/","42:02:00","https://cdnapisec.kaltura.com/p/2935771/sp/293577100/playManifest/entryId/1_4k2yliwh/protocol/https/format/applehttp/flavorIds/1_3yj52zb0,1_qzncq0ww,1_z0cl1i7j,1_rigy637i,1_qjtgt6f1/a.m3u8?uiConfId=50468382&playSessionId=fa523715-6f7a-c043-5b75-8b4083c23202:e81e79b9-4ea6-cd38-48a8-3c0bff8d3132&referrer=aHR0cHM6Ly93d3cubnZpZGlhLmNvbS9lbi11cy9vbi1kZW1hbmQvc2Vzc2lvbi9ndGMyNS1zNzI2NDkv&clientTag=html5:v7.264","m3u8"
"https://www.nvidia.com/en-us/on-demand/session/gtc25-s72132/","20:14","https://cdnapisec.kaltura.com/p/2935771/sp/293577100/playManifest/entryId/1_us1lpqfc/protocol/https/format/applehttp/flavorIds/1_kdt0q54k,1_g7q35p9x,1_vpqoaqam,1_x4wioz3v,1_51asnp66/a.m3u8?uiConfId=50468382&playSessionId=c6d8583b-f703-24c8-ce95-1a164baf6976:997a5854-8f34-37a8-d945-5e2805be0279&referrer=aHR0cHM6Ly93d3cubnZpZGlhLmNvbS9lbi11cy9vbi1kZW1hbmQvc2Vzc2lvbi9ndGMyNS1zNzIxMzIv&clientTag=html5:v7.264","m3u8"
"https://www.nvidia.com/en-us/on-demand/session/gtc25-s71662/","37:05:00","https://cdnapisec.kaltura.com/p/2935771/sp/293577100/playManifest/entryId/1_t8urkjpr/protocol/https/format/applehttp/flavorIds/1_0sq004w2,1_sllhalnq,1_a0v9jhi6,1_fmysio4l/a.m3u8?uiConfId=50468382&playSessionId=c6d69ffc-cb44-183d-a6b1-fd686cea3463:ccb5f7a0-bff7-21a5-c27f-f802f7bcead5&referrer=aHR0cHM6Ly93d3cubnZpZGlhLmNvbS9lbi11cy9vbi1kZW1hbmQvc2Vzc2lvbi9ndGMyNS1zNzE2NjIv&clientTag=html5:v7.264","m3u8"
"https://www.nvidia.com/en-us/on-demand/session/gtc25-s72784/","41:53:00","https://cdnapisec.kaltura.com/p/2935771/sp/293577100/playManifest/entryId/1_f6a33b82/protocol/https/format/applehttp/flavorIds/1_rmch485d,1_n29lo5du,1_4swet5a3,1_przke2qc,1_1atc53u8/a.m3u8?uiConfId=50468382&playSessionId=57b953dc-ad8f-5727-7a26-6148dc6cdbb1:26b12209-b8a3-2241-bcb8-a28a94d6fad5&referrer=aHR0cHM6Ly93d3cubnZpZGlhLmNvbS9lbi11cy9vbi1kZW1hbmQvc2Vzc2lvbi9ndGMyNS1zNzI3ODQv&clientTag=html5:v7.264","m3u8"
"https://www.nvidia.com/en-us/on-demand/session/gtc25-s73441/","59:17:00","https://cdnapisec.kaltura.com/p/2935771/sp/293577100/playManifest/entryId/1_07avww1f/protocol/https/format/applehttp/flavorIds/1_e86x1q9v,1_1d55qsp4,1_0vq430bc,1_he2wkg8a,1_smgcesq7,1_3zqtc9ug/a.m3u8?uiConfId=50468382&playSessionId=37cc195e-22f7-67b4-d927-fec4d8827c7c:667cf22d-0a8e-c9d2-5920-a76b91add81a&referrer=aHR0cHM6Ly93d3cubnZpZGlhLmNvbS9lbi11cy9vbi1kZW1hbmQvc2Vzc2lvbi9ndGMyNS1zNzM0NDEv&clientTag=html5:v7.264","m3u8"
"https://www.nvidia.com/en-us/on-demand/session/gtc25-s73656/","39:54:00","https://cdnapisec.kaltura.com/p/2935771/sp/293577100/playManifest/entryId/1_12lalcnp/protocol/https/format/applehttp/flavorIds/1_y8mgulqw,1_ed1z3ta2,1_8pkl63r7,1_0m8ldylk,1_hx8j2o40,1_czvks7lv/a.m3u8?uiConfId=50468382&playSessionId=0bfa99c0-0764-51df-f232-556e38fd4cca:3872e732-788e-6ff4-8301-83a8dc66a208&referrer=aHR0cHM6Ly93d3cubnZpZGlhLmNvbS9lbi11cy9vbi1kZW1hbmQvc2Vzc2lvbi9ndGMyNS1zNzM2NTYv&clientTag=html5:v7.264","m3u8"
"https://www.nvidia.com/en-us/on-demand/session/gtc25-s72934/","41:48:00","https://cdnapisec.kaltura.com/p/2935771/sp/293577100/playManifest/entryId/1_rbtkjzlq/protocol/https/format/applehttp/flavorIds/1_vxyyqvoz,1_o6uhfej6,1_4604cixh,1_ymessaia/a.m3u8?uiConfId=50468382&playSessionId=b0596c2c-3030-1f27-8e8b-3a4d04e3579b:10b217bb-1142-4cd3-b4c3-4eb979ca1d99&referrer=aHR0cHM6Ly93d3cubnZpZGlhLmNvbS9lbi11cy9vbi1kZW1hbmQvc2Vzc2lvbi9ndGMyNS1zNzI5MzQv&clientTag=html5:v7.264","m3u8"
"https://www.nvidia.com/en-us/on-demand/session/gtc25-s72835/","31:18:00","https://cdnapisec.kaltura.com/p/2935771/sp/293577100/playManifest/entryId/1_vdetlm3s/protocol/https/format/applehttp/flavorIds/1_q7tqf9lj,1_yoat4w1s,1_sx6yjod4,1_lvigsq6k,1_i2qwnmbk/a.m3u8?uiConfId=50468382&playSessionId=3995c534-66a5-cbb3-04d3-9a384fd76b08:1aae0d3c-130e-aea0-b0cc-f022a8f264f2&referrer=aHR0cHM6Ly93d3cubnZpZGlhLmNvbS9lbi11cy9vbi1kZW1hbmQvc2Vzc2lvbi9ndGMyNS1zNzI4MzUv&clientTag=html5:v7.264","m3u8"
"https://www.nvidia.com/en-us/on-demand/session/gtc25-s73182/","39:33:00","https://cdnapisec.kaltura.com/p/2935771/sp/293577100/playManifest/entryId/1_rdxuxt1v/protocol/https/format/applehttp/flavorIds/1_m5rqrz3k,1_l4qa1ejn,1_yfjvd547,1_e0zbkcip,1_wsw791e7/a.m3u8?uiConfId=50468382&playSessionId=1065e4c5-8e06-462c-7a4b-1290ae866232:064640f8-26d6-8d47-7fad-830ee10e7ded&referrer=aHR0cHM6Ly93d3cubnZpZGlhLmNvbS9lbi11cy9vbi1kZW1hbmQvc2Vzc2lvbi9ndGMyNS1zNzMxODIv&clientTag=html5:v7.264","m3u8"
"https://www.nvidia.com/en-us/on-demand/session/gtc25-dlit71262/","1:14:25","https://cdnapisec.kaltura.com/p/2935771/sp/293577100/playManifest/entryId/1_m3wh35ic/protocol/https/format/applehttp/flavorIds/1_k8k7v4y3,1_y4gemqpv,1_p2xvj1ez,1_iv9utdd2,1_g7sxpl5s/a.m3u8?uiConfId=50468382&playSessionId=14e5debb-406b-7303-3e2c-b5b7fc640b89:477d610c-1b59-ff63-d530-fb5c9482b7eb&referrer=aHR0cHM6Ly93d3cubnZpZGlhLmNvbS9lbi11cy9vbi1kZW1hbmQvc2Vzc2lvbi9ndGMyNS1kbGl0NzEyNjIv&clientTag=html5:v7.264","m3u8"
"https://www.nvidia.com/en-us/on-demand/session/gtc25-dlit71319/","1:12:16","https://cdnapisec.kaltura.com/p/2935771/sp/293577100/playManifest/entryId/1_h5g58y6r/protocol/https/format/applehttp/flavorIds/1_5j808uun,1_whs003ps,1_48d3mdm0,1_ayotzauq,1_17k884v2/a.m3u8?uiConfId=50468382&playSessionId=85643505-874a-2c40-8cd9-c3427b6b06f8:8e60c54d-f6e2-655c-beb6-d2528a3a7c24&referrer=aHR0cHM6Ly93d3cubnZpZGlhLmNvbS9lbi11cy9vbi1kZW1hbmQvc2Vzc2lvbi9ndGMyNS1kbGl0NzEzMTkv&clientTag=html5:v7.264","m3u8"
"https://www.nvidia.com/en-us/on-demand/session/gtc25-dlit71593/","2:18:15","https://cdnapisec.kaltura.com/p/2935771/sp/293577100/playManifest/entryId/1_1j6z0eqh/protocol/https/format/applehttp/flavorIds/1_lpwe7eu6,1_j7erxmjr,1_ukxyrqzm,1_2zsvbuax/a.m3u8?uiConfId=50468382&playSessionId=fce13bca-9153-e69e-cfcd-9254d9a09461:8d7f7c7a-8ad0-9bd3-e1fa-cba8ff610930&referrer=aHR0cHM6Ly93d3cubnZpZGlhLmNvbS9lbi11cy9vbi1kZW1hbmQvc2Vzc2lvbi9ndGMyNS1kbGl0NzE1OTMv&clientTag=html5:v7.264","m3u8"
"https://www.nvidia.com/en-us/on-demand/session/gtc25-s74120/","36:48:00","https://cdnapisec.kaltura.com/p/2935771/sp/293577100/playManifest/entryId/1_iwdtyn85/protocol/https/format/applehttp/flavorIds/1_73en94c0,1_8pyyaz6q,1_qcargxct,1_9qptalxm,1_ye1qvg12/a.m3u8?uiConfId=50468382&playSessionId=b4934c7e-85e2-e066-950c-61acdea7ca46:64159eb2-8ce7-0e9f-3c1a-445d613d4d39&referrer=aHR0cHM6Ly93d3cubnZpZGlhLmNvbS9lbi11cy9vbi1kZW1hbmQvc2Vzc2lvbi9ndGMyNS1zNzQxMjAv&clientTag=html5:v7.264","m3u8"
"https://www.nvidia.com/en-us/on-demand/session/gtc25-s74313/","36:22:00","https://cdnapisec.kaltura.com/p/2935771/sp/293577100/playManifest/entryId/1_mxarb4mr/protocol/https/format/applehttp/flavorIds/1_gqhqljho,1_4hh4yn8d,1_oxjhimt8,1_106o5n52,1_w8foqb8i/a.m3u8?uiConfId=50468382&playSessionId=a94a7916-8986-86ec-8056-46d2e70241a0:6d87d663-4a30-e1f5-6660-0a8f10047599&referrer=aHR0cHM6Ly93d3cubnZpZGlhLmNvbS9lbi11cy9vbi1kZW1hbmQvc2Vzc2lvbi9ndGMyNS1zNzQzMTMv&clientTag=html5:v7.264","m3u8"
"https://www.nvidia.com/en-us/on-demand/session/gtc25-s74606/","37:30:00","https://cdnapisec.kaltura.com/p/2935771/sp/293577100/playManifest/entryId/1_7urvr03j/protocol/https/format/applehttp/flavorIds/1_wltq3j7t,1_aut57fv8,1_gbh9xklq/a.m3u8?uiConfId=50468382&playSessionId=ac9babe6-4625-5002-b57e-f676949aca90:b2b7ea8b-d86d-85c9-fe64-d0dc6b7ad6d8&referrer=aHR0cHM6Ly93d3cubnZpZGlhLmNvbS9lbi11cy9vbi1kZW1hbmQvc2Vzc2lvbi9ndGMyNS1zNzQ2MDYv&clientTag=html5:v7.264","m3u8"
"https://www.nvidia.com/en-us/on-demand/session/gtc25-s74524/","36:46:00","https://cdnapisec.kaltura.com/p/2935771/sp/293577100/playManifest/entryId/1_et0wfaci/protocol/https/format/applehttp/flavorIds/1_re1izwt4,1_t9b9mnuv,1_wynv8n83,1_wfv7u2vd,1_79zdh0o6/a.m3u8?uiConfId=50468382&playSessionId=ae474de2-8b84-25bd-c80f-5cb578abf1b7:0e3fc2d1-30fb-5c93-9a20-1e32504ad28f&referrer=aHR0cHM6Ly93d3cubnZpZGlhLmNvbS9lbi11cy9vbi1kZW1hbmQvc2Vzc2lvbi9ndGMyNS1zNzQ1MjQv&clientTag=html5:v7.264","m3u8"
"https://www.nvidia.com/en-us/on-demand/session/gtc25-dlit74335/","33:09:00","https://cdnapisec.kaltura.com/p/2935771/sp/293577100/playManifest/entryId/1_92ewk00x/protocol/https/format/applehttp/flavorIds/1_oao4yf3x,1_l17vj5dv,1_i86gdltj,1_t1vz3kg5,1_o8i8j4yz/a.m3u8?uiConfId=50468382&playSessionId=9596174b-0360-7c7a-6d4c-b012cca63a4c:08a1255b-c705-864c-3dae-2f187e20592c&referrer=aHR0cHM6Ly93d3cubnZpZGlhLmNvbS9lbi11cy9vbi1kZW1hbmQvc2Vzc2lvbi9ndGMyNS1kbGl0NzQzMzUv&clientTag=html5:v7.264","m3u8"
"https://www.nvidia.com/en-us/on-demand/session/gtc25-s72448/","39:01:00","https://cdnapisec.kaltura.com/p/2935771/sp/293577100/playManifest/entryId/1_vsoe42iv/protocol/https/format/applehttp/flavorIds/1_a2x13q16,1_um0gqabh,1_zuk4nj9h/a.m3u8?uiConfId=50468382&playSessionId=be44dbd5-d9a0-c164-708a-1e3b9c365437:c2884fcb-7b73-e30e-0c46-89f6232e6c9a&referrer=aHR0cHM6Ly93d3cubnZpZGlhLmNvbS9lbi11cy9vbi1kZW1hbmQvc2Vzc2lvbi9ndGMyNS1zNzI0NDgv&clientTag=html5:v7.264","m3u8"
"https://www.nvidia.com/en-us/on-demand/session/gtc25-s72223/","40:50:00","https://cdnapisec.kaltura.com/p/2935771/sp/293577100/playManifest/entryId/1_8vg94cqa/protocol/https/format/applehttp/flavorIds/1_wxnq9g5h,1_3l1e4wn1,1_f2hktf47,1_6eyd4kbf,1_yul8lke8,1_mvjdi8n3/a.m3u8?uiConfId=50468382&playSessionId=99b6b0ff-cb37-6644-44d7-1b9a1c8b9ff8:c1a18d94-7f1b-7025-1342-36f5672914eb&referrer=aHR0cHM6Ly93d3cubnZpZGlhLmNvbS9lbi11cy9vbi1kZW1hbmQvc2Vzc2lvbi9ndGMyNS1zNzIyMjMv&clientTag=html5:v7.264","m3u8"
"https://www.nvidia.com/en-us/on-demand/session/gtc25-s72394/","40:43:00","https://cdnapisec.kaltura.com/p/2935771/sp/293577100/playManifest/entryId/1_82ojokau/protocol/https/format/applehttp/flavorIds/1_nuff8zyj,1_4kxo5per,1_5p56kthp,1_i3b8p9rz,1_gn86kakj/a.m3u8?uiConfId=50468382&playSessionId=f75bd10a-bfdc-a52b-5203-99277523498f:c9a7a22c-4d49-f3a1-bfac-bde4ace219bb&referrer=aHR0cHM6Ly93d3cubnZpZGlhLmNvbS9lbi11cy9vbi1kZW1hbmQvc2Vzc2lvbi9ndGMyNS1zNzIzOTQv&clientTag=html5:v7.264","m3u8"
"https://www.nvidia.com/en-us/on-demand/session/gtc25-s72417/","38:02:00","https://cdnapisec.kaltura.com/p/2935771/sp/293577100/playManifest/entryId/1_6c5gvngc/protocol/https/format/applehttp/flavorIds/1_dumgf518,1_y9ejjsz3,1_btpqb0o9,1_zo7pfgd4/a.m3u8?uiConfId=50468382&playSessionId=848498d5-5b8d-c598-d3fb-56253fdfde9a:f28e2953-66ef-ebe7-bf15-6efe5720b0d0&referrer=aHR0cHM6Ly93d3cubnZpZGlhLmNvbS9lbi11cy9vbi1kZW1hbmQvc2Vzc2lvbi9ndGMyNS1zNzI0MTcv&clientTag=html5:v7.264","m3u8"
"https://www.nvidia.com/en-us/on-demand/session/gtc25-s71405/","42:01:00","https://cdnapisec.kaltura.com/p/2935771/sp/293577100/playManifest/entryId/1_d71vb6r6/protocol/https/format/applehttp/flavorIds/1_jzry3jem,1_7cokcecb,1_v1k1nvkg,1_paj6c7f1,1_aspc59k4/a.m3u8?uiConfId=50468382&playSessionId=39d302a0-e35a-b5b7-3265-41a78c5c2893:0d521c8d-9189-1143-a2a9-88372065ac35&referrer=aHR0cHM6Ly93d3cubnZpZGlhLmNvbS9lbi11cy9vbi1kZW1hbmQvc2Vzc2lvbi9ndGMyNS1zNzE0MDUv&clientTag=html5:v7.264","m3u8"
"https://www.nvidia.com/en-us/on-demand/session/gtc25-s71591/","39:33:00","https://cdnapisec.kaltura.com/p/2935771/sp/293577100/playManifest/entryId/1_o6s6fp1d/protocol/https/format/applehttp/flavorIds/1_gpsxwt58,1_6z11e3ze,1_agb10c42/a.m3u8?uiConfId=50468382&playSessionId=e57ee55d-475b-e12a-f298-2c03b5918a12:c747e164-a531-26c2-b0c0-fc4b2717431c&referrer=aHR0cHM6Ly93d3cubnZpZGlhLmNvbS9lbi11cy9vbi1kZW1hbmQvc2Vzc2lvbi9ndGMyNS1zNzE1OTEv&clientTag=html5:v7.264","m3u8"
"https://www.nvidia.com/en-us/on-demand/session/gtc25-s72594/","44:35:00","https://cdnapisec.kaltura.com/p/2935771/sp/293577100/playManifest/entryId/1_q3zemo6f/protocol/https/format/applehttp/flavorIds/1_wp03vjxh,1_thffxw0v,1_iyq9lwgv,1_nuldd1xb,1_q844n3r6/a.m3u8?uiConfId=50468382&playSessionId=36370228-1def-84e0-567e-5afc754b6629:9fad4d3f-0745-4e20-fa81-ae4e9c70e365&referrer=aHR0cHM6Ly93d3cubnZpZGlhLmNvbS9lbi11cy9vbi1kZW1hbmQvc2Vzc2lvbi9ndGMyNS1zNzI1OTQv&clientTag=html5:v7.264","m3u8"
"https://www.nvidia.com/en-us/on-demand/session/gtc25-s72646/","39:20:00","https://cdnapisec.kaltura.com/p/2935771/sp/293577100/playManifest/entryId/1_atfik1p2/protocol/https/format/applehttp/flavorIds/1_c2y04g3m,1_dgd3zy1k,1_b60y9rkj,1_bxnvu14x,1_nl2np83w,1_cb5i8tky/a.m3u8?uiConfId=50468382&playSessionId=15f65dca-4907-9a25-5947-5aeaa0fa2788:b2e4e599-9c0c-48cb-7799-aefa9c6b8136&referrer=aHR0cHM6Ly93d3cubnZpZGlhLmNvbS9lbi11cy9vbi1kZW1hbmQvc2Vzc2lvbi9ndGMyNS1zNzI2NDYv&clientTag=html5:v7.264","m3u8"
"https://www.nvidia.com/en-us/on-demand/session/gtc25-s72108/","35:09:00","https://cdnapisec.kaltura.com/p/2935771/sp/293577100/playManifest/entryId/1_dg8we0t7/protocol/https/format/applehttp/flavorIds/1_t3tsi3cu,1_5uuohbno,1_uhp84jsq,1_xa8f0db1,1_gywtzpw7/a.m3u8?uiConfId=50468382&playSessionId=78744680-7705-53c2-f5fa-0c8483c9600b:c442582b-3e4d-e4bf-dde4-56d8bf2d0dd8&referrer=aHR0cHM6Ly93d3cubnZpZGlhLmNvbS9lbi11cy9vbi1kZW1hbmQvc2Vzc2lvbi9ndGMyNS1zNzIxMDgv&clientTag=html5:v7.264","m3u8"
"https://www.nvidia.com/en-us/on-demand/session/gtc25-s71693/","36:18:00","https://cdnapisec.kaltura.com/p/2935771/sp/293577100/playManifest/entryId/1_d7n3eytz/protocol/https/format/applehttp/flavorIds/1_eict8f9s,1_qur2yiaw/a.m3u8?uiConfId=50468382&playSessionId=cff1f193-d01f-ecda-8938-3254f5d96186:f5ad5a13-57d9-16db-85f5-6a18ff99976a&referrer=aHR0cHM6Ly93d3cubnZpZGlhLmNvbS9lbi11cy9vbi1kZW1hbmQvc2Vzc2lvbi9ndGMyNS1zNzE2OTMv&clientTag=html5:v7.264","m3u8"
"https://www.nvidia.com/en-us/on-demand/session/gtc25-s72687/","40:49:00","https://cdnapisec.kaltura.com/p/2935771/sp/293577100/playManifest/entryId/1_ap9fhi9c/protocol/https/format/applehttp/flavorIds/1_wq4kbb8p,1_opszll6t,1_3g7y3vjt,1_68euao4h/a.m3u8?uiConfId=50468382&playSessionId=6f02497d-5f18-c881-2339-ae57d3553e24:ae9aea91-dbfe-2464-a457-5a1543098eb8&referrer=aHR0cHM6Ly93d3cubnZpZGlhLmNvbS9lbi11cy9vbi1kZW1hbmQvc2Vzc2lvbi9ndGMyNS1zNzI2ODcv&clientTag=html5:v7.264","m3u8"
"https://www.nvidia.com/en-us/on-demand/session/gtc25-s72691/","38:31:00","https://cdnapisec.kaltura.com/p/2935771/sp/293577100/playManifest/entryId/1_2r53k7tx/protocol/https/format/applehttp/flavorIds/1_zs9if1bs,1_9euq1ddi,1_9jo6s8el,1_dd5wtuo2,1_6aec69jh,1_who7eiso/a.m3u8?uiConfId=50468382&playSessionId=d3396b55-99b4-1b56-8324-563c6f4a8339:fa5778c3-2c3b-05f8-edbf-8b1b51e470e0&referrer=aHR0cHM6Ly93d3cubnZpZGlhLmNvbS9lbi11cy9vbi1kZW1hbmQvc2Vzc2lvbi9ndGMyNS1zNzI2OTEv&clientTag=html5:v7.264","m3u8"
"https://www.nvidia.com/en-us/on-demand/session/gtc25-s73004/","42:57:00","https://cdnapisec.kaltura.com/p/2935771/sp/293577100/playManifest/entryId/1_zrs8eh2e/protocol/https/format/applehttp/flavorIds/1_8thmzdel,1_hy47z7ms,1_u0fpbrsv,1_y0zdrqug,1_rk7xtqkv/a.m3u8?uiConfId=50468382&playSessionId=ccd88554-aa4d-f44f-887a-6dc6355efc1a:e697a4e1-f7a3-f303-843e-de97ed26a7f7&referrer=aHR0cHM6Ly93d3cubnZpZGlhLmNvbS9lbi11cy9vbi1kZW1hbmQvc2Vzc2lvbi9ndGMyNS1zNzMwMDQv&clientTag=html5:v7.264","m3u8"
"https://www.nvidia.com/en-us/on-demand/session/gtc25-s72858/","40:12:00","https://cdnapisec.kaltura.com/p/2935771/sp/293577100/playManifest/entryId/1_30u9v0as/protocol/https/format/applehttp/flavorIds/1_hwo0wb7a,1_3kp7npxj,1_gyskrw33,1_qb3nuwh6,1_sjzan2oa,1_3boyhcj9/a.m3u8?uiConfId=50468382&playSessionId=3e3946a1-c4f7-9a45-ab02-d1b3ef4a4c94:8d82d0c2-47b4-a1e6-9982-555d570c3df0&referrer=aHR0cHM6Ly93d3cubnZpZGlhLmNvbS9lbi11cy9vbi1kZW1hbmQvc2Vzc2lvbi9ndGMyNS1zNzI4NTgv&clientTag=html5:v7.264","m3u8"
"https://www.nvidia.com/en-us/on-demand/session/gtc25-s73742/","40:59:00","https://cdnapisec.kaltura.com/p/2935771/sp/293577100/playManifest/entryId/1_5a8xor5u/protocol/https/format/applehttp/flavorIds/1_9jqd7x6x,1_wupkclia,1_zwwjxmvv,1_9mk3cjz0,1_9fuogbia/a.m3u8?uiConfId=50468382&playSessionId=a05aa899-9933-f3ec-1ab3-c983f6fcb959:0b083e93-b314-631c-4499-7da18178b8e7&referrer=aHR0cHM6Ly93d3cubnZpZGlhLmNvbS9lbi11cy9vbi1kZW1hbmQvc2Vzc2lvbi9ndGMyNS1zNzM3NDIv&clientTag=html5:v7.264","m3u8"
"https://www.nvidia.com/en-us/on-demand/session/gtc25-s73848/","40:57:00","https://cdnapisec.kaltura.com/p/2935771/sp/293577100/playManifest/entryId/1_yf860dax/protocol/https/format/applehttp/flavorIds/1_jq31a76z,1_fxh3096j,1_7sqwl3tl,1_nwtdawld,1_smgyn5e6,1_urrot1km/a.m3u8?uiConfId=50468382&playSessionId=8c535fe1-a0e7-7d1a-3bf1-881096306fca:ec2bc12b-349f-28f1-bd50-bf595ba3af28&referrer=aHR0cHM6Ly93d3cubnZpZGlhLmNvbS9lbi11cy9vbi1kZW1hbmQvc2Vzc2lvbi9ndGMyNS1zNzM4NDgv&clientTag=html5:v7.264","m3u8"
"https://www.nvidia.com/en-us/on-demand/session/gtc25-s73113/","36:35:00","https://cdnapisec.kaltura.com/p/2935771/sp/293577100/playManifest/entryId/1_8tbcb9an/protocol/https/format/applehttp/flavorIds/1_ja9fr92v,1_bwzu8r68/a.m3u8?uiConfId=50468382&playSessionId=69176d6f-2f85-6825-8edd-11d007e6907a:ea152386-0116-fa86-9e6e-fe3c14bb7fcb&referrer=aHR0cHM6Ly93d3cubnZpZGlhLmNvbS9lbi11cy9vbi1kZW1hbmQvc2Vzc2lvbi9ndGMyNS1zNzMxMTMv&clientTag=html5:v7.264","m3u8"
"https://www.nvidia.com/en-us/on-demand/session/gtc25-s73136/","35:38:00","https://cdnapisec.kaltura.com/p/2935771/sp/293577100/playManifest/entryId/1_yqedqyvh/protocol/https/format/applehttp/flavorIds/1_3n1zbz9v,1_ukw1rayl,1_ddphz4ou,1_s1a14b76,1_36ex4cgg/a.m3u8?uiConfId=50468382&playSessionId=48134f3c-d380-e280-789a-ede0ec74af58:a492747a-aee7-aed6-5b92-8cdb88fad800&referrer=aHR0cHM6Ly93d3cubnZpZGlhLmNvbS9lbi11cy9vbi1kZW1hbmQvc2Vzc2lvbi9ndGMyNS1zNzMxMzYv&clientTag=html5:v7.264","m3u8"
"https://www.nvidia.com/en-us/on-demand/session/gtc25-s73188/","43:43:00","https://cdnapisec.kaltura.com/p/2935771/sp/293577100/playManifest/entryId/1_afhcml1a/protocol/https/format/applehttp/flavorIds/1_flwu5gy7,1_xz1m52ir,1_2eqzub2c,1_0r4jx033,1_krx74rp1,1_u1rfwor9/a.m3u8?uiConfId=50468382&playSessionId=c5796f93-8a37-e5e3-6039-e63a29ea635d:0f04ec46-ef34-5ecc-cca9-dbee08c93ed3&referrer=aHR0cHM6Ly93d3cubnZpZGlhLmNvbS9lbi11cy9vbi1kZW1hbmQvc2Vzc2lvbi9ndGMyNS1zNzMxODgv&clientTag=html5:v7.264","m3u8"
"https://www.nvidia.com/en-us/on-demand/session/gtc25-s74220/","28:28:00","https://cdnapisec.kaltura.com/p/2935771/sp/293577100/playManifest/entryId/1_p3c0p24u/protocol/https/format/applehttp/flavorIds/1_defxpznt,1_hpqtzksv,1_aztpjvr9,1_ibfi0sk4,1_tecejuhi/a.m3u8?uiConfId=50468382&playSessionId=7a146388-e10c-82df-80b5-3fcdd3f7866a:30e48bfa-04f8-befb-a1f5-55762cd3fe49&referrer=aHR0cHM6Ly93d3cubnZpZGlhLmNvbS9lbi11cy9vbi1kZW1hbmQvc2Vzc2lvbi9ndGMyNS1zNzQyMjAv&clientTag=html5:v7.264","m3u8"
"https://www.nvidia.com/en-us/on-demand/session/gtc25-s74464/","20:07","https://cdnapisec.kaltura.com/p/2935771/sp/293577100/playManifest/entryId/1_ufn29p91/protocol/https/format/applehttp/flavorIds/1_tectoqdk,1_924wtkcc,1_tz4lrudd,1_sbhk8yt1/a.m3u8?uiConfId=50468382&playSessionId=5f7b1472-12cb-d868-b239-fe2ff244c226:a1d7c9e3-88a1-2eb8-900b-a3291fd513e1&referrer=aHR0cHM6Ly93d3cubnZpZGlhLmNvbS9lbi11cy9vbi1kZW1hbmQvc2Vzc2lvbi9ndGMyNS1zNzQ0NjQv&clientTag=html5:v7.264","m3u8"
"https://www.nvidia.com/en-us/on-demand/session/gtc25-s74276/","34:57:00","https://cdnapisec.kaltura.com/p/2935771/sp/293577100/playManifest/entryId/1_m7ecjrji/protocol/https/format/applehttp/flavorIds/1_fbhe5k50,1_aemj2m3c,1_63nrh1z4,1_lvh8lir7,1_aiu5jwbc/a.m3u8?uiConfId=50468382&playSessionId=98d62dc8-ba52-706f-5d07-8fd02e4e9534:fb6916b1-4469-d815-bb20-de15a966d010&referrer=aHR0cHM6Ly93d3cubnZpZGlhLmNvbS9lbi11cy9vbi1kZW1hbmQvc2Vzc2lvbi9ndGMyNS1zNzQyNzYv&clientTag=html5:v7.264","m3u8"
"https://www.nvidia.com/en-us/on-demand/session/gtc25-se71117/","44:58:00","https://cdnapisec.kaltura.com/p/2935771/sp/293577100/playManifest/entryId/1_hoq6e06o/protocol/https/format/applehttp/flavorIds/1_687tm2p1,1_20agak0v,1_lqjwynyt,1_gg9qxu5a,1_jjfbzhd9/a.m3u8?uiConfId=50468382&playSessionId=f95201d5-a481-4a0f-4277-7703d0c68e69:d06c3ff8-dd5f-1ccd-5f3d-4c126977a156&referrer=aHR0cHM6Ly93d3cubnZpZGlhLmNvbS9lbi11cy9vbi1kZW1hbmQvc2Vzc2lvbi9ndGMyNS1zZTcxMTE3Lw==&clientTag=html5:v7.264","m3u8"
"https://www.nvidia.com/en-us/on-demand/session/gtc25-se73374/","1:06:49","https://cdnapisec.kaltura.com/p/2935771/sp/293577100/playManifest/entryId/1_znt7z75e/protocol/https/format/applehttp/flavorIds/1_k6gb1rpt,1_qigwn6p9,1_vcauo6wh,1_izy6sav2/a.m3u8?uiConfId=50468382&playSessionId=508ad854-4206-d0de-f3d6-1e165afcada0:25834799-f548-4aee-809e-5eb6a30cc288&referrer=aHR0cHM6Ly93d3cubnZpZGlhLmNvbS9lbi11cy9vbi1kZW1hbmQvc2Vzc2lvbi9ndGMyNS1zZTczMzc0Lw==&clientTag=html5:v7.264","m3u8"
"https://www.nvidia.com/en-us/on-demand/session/gtc25-s71190/","40:13:00","https://cdnapisec.kaltura.com/p/2935771/sp/293577100/playManifest/entryId/1_0vldp5rf/protocol/https/format/applehttp/flavorIds/1_gflcr3w5,1_oaiutz5y,1_gyokmfnb,1_cltdrtuk,1_fiursi0i/a.m3u8?uiConfId=50468382&playSessionId=ff56f985-83a8-a7ca-b200-292682b07c31:884a85a8-c555-d95f-0165-9d681d0bc4e6&referrer=aHR0cHM6Ly93d3cubnZpZGlhLmNvbS9lbi11cy9vbi1kZW1hbmQvc2Vzc2lvbi9ndGMyNS1zNzExOTAv&clientTag=html5:v7.264","m3u8"
"https://www.nvidia.com/en-us/on-demand/session/gtc25-s72493/","41:01:00","https://cdnapisec.kaltura.com/p/2935771/sp/293577100/playManifest/entryId/1_mwu8r31c/protocol/https/format/applehttp/flavorIds/1_6kwd165v,1_ppn879sw,1_d33ahzyq,1_2e17ctt6,1_lbdw4z6p/a.m3u8?uiConfId=50468382&playSessionId=c80aa05f-e1ab-5f4b-1aeb-4d637583a786:79cf517f-0caa-b7c5-9e60-00d725ded7e1&referrer=aHR0cHM6Ly93d3cubnZpZGlhLmNvbS9lbi11cy9vbi1kZW1hbmQvc2Vzc2lvbi9ndGMyNS1zNzI0OTMv&clientTag=html5:v7.264","m3u8"
"https://www.nvidia.com/en-us/on-demand/session/gtc25-s72503/","39:35:00","https://cdnapisec.kaltura.com/p/2935771/sp/293577100/playManifest/entryId/1_9vfb5gcs/protocol/https/format/applehttp/flavorIds/1_rikhwj5d,1_htx0ewby,1_i7ie6nvx,1_ctkkee72/a.m3u8?uiConfId=50468382&playSessionId=248aef68-f418-be80-0e4e-603a76c1eefb:74ac6361-acdb-e45d-bdb4-78255335781e&referrer=aHR0cHM6Ly93d3cubnZpZGlhLmNvbS9lbi11cy9vbi1kZW1hbmQvc2Vzc2lvbi9ndGMyNS1zNzI1MDMv&clientTag=html5:v7.264","m3u8"
"https://www.nvidia.com/en-us/on-demand/session/gtc25-s72518/","37:59:00","https://cdnapisec.kaltura.com/p/2935771/sp/293577100/playManifest/entryId/1_iyp66ltj/protocol/https/format/applehttp/flavorIds/1_mmonu9l8,1_y9kmp0hc,1_93sll3sk,1_rdzhzdho,1_mjouh38m,1_x4yrbx8c/a.m3u8?uiConfId=50468382&playSessionId=be50f717-2f13-b413-4481-e55b9097e8ad:fa62d202-85ce-aa6b-013a-231bca0d262b&referrer=aHR0cHM6Ly93d3cubnZpZGlhLmNvbS9lbi11cy9vbi1kZW1hbmQvc2Vzc2lvbi9ndGMyNS1zNzI1MTgv&clientTag=html5:v7.264","m3u8"
"https://www.nvidia.com/en-us/on-demand/session/gtc25-s72363/","1:00:59","https://cdnapisec.kaltura.com/p/2935771/sp/293577100/playManifest/entryId/1_scvtdsot/protocol/https/format/applehttp/flavorIds/1_6btqho8f,1_n0y9n8oy,1_x2kfqee7,1_lq1nzre3,1_abwhp6qy,1_cq8lm4pd/a.m3u8?uiConfId=50468382&playSessionId=c714d5d4-f182-a630-d185-a2e094cd1504:90370b4b-f76a-3b01-13e2-8b6e97dca46a&referrer=aHR0cHM6Ly93d3cubnZpZGlhLmNvbS9lbi11cy9vbi1kZW1hbmQvc2Vzc2lvbi9ndGMyNS1zNzIzNjMv&clientTag=html5:v7.264","m3u8"
"https://www.nvidia.com/en-us/on-demand/session/gtc25-s71410/","42:54:00","https://cdnapisec.kaltura.com/p/2935771/sp/293577100/playManifest/entryId/1_9ougjcvc/protocol/https/format/applehttp/flavorIds/1_qwj9wvnj,1_iqk1ue05,1_p5caw0yw,1_usuu3qaq,1_eb1bal7f,1_r3nsqjjh/a.m3u8?uiConfId=50468382&playSessionId=43a09bc9-07ae-4f87-7917-64fdf85df880:a4059af0-d746-5df6-2150-4c682938a970&referrer=aHR0cHM6Ly93d3cubnZpZGlhLmNvbS9lbi11cy9vbi1kZW1hbmQvc2Vzc2lvbi9ndGMyNS1zNzE0MTAv&clientTag=html5:v7.264","m3u8"
"https://www.nvidia.com/en-us/on-demand/session/gtc25-s72575/","42:26:00","https://cdnapisec.kaltura.com/p/2935771/sp/293577100/playManifest/entryId/1_itp91fp4/protocol/https/format/applehttp/flavorIds/1_33xqu9va,1_ag14qo08,1_0flqoupk,1_sxn6tvzd,1_lj3x78wn/a.m3u8?uiConfId=50468382&playSessionId=eab3aa26-da78-2783-02c4-4693e3c6bbaa:dced4e20-bf2a-3155-7348-e35d69d27a0f&referrer=aHR0cHM6Ly93d3cubnZpZGlhLmNvbS9lbi11cy9vbi1kZW1hbmQvc2Vzc2lvbi9ndGMyNS1zNzI1NzUv&clientTag=html5:v7.264","m3u8"
"https://www.nvidia.com/en-us/on-demand/session/gtc25-s71946/","42:05:00","https://cdnapisec.kaltura.com/p/2935771/sp/293577100/playManifest/entryId/1_y1vljgh5/protocol/https/format/applehttp/flavorIds/1_sdu0uwyf,1_dxe7mof7,1_pv1qnovh,1_bgs2b8hi,1_nbf8nz64/a.m3u8?uiConfId=50468382&playSessionId=d9040b1c-3b8c-75b5-52d9-486258650344:096389ec-8f1b-7fc7-5a86-3e5e571836eb&referrer=aHR0cHM6Ly93d3cubnZpZGlhLmNvbS9lbi11cy9vbi1kZW1hbmQvc2Vzc2lvbi9ndGMyNS1zNzE5NDYv&clientTag=html5:v7.264","m3u8"
"https://www.nvidia.com/en-us/on-demand/session/gtc25-s72059/","37:46:00","https://cdnapisec.kaltura.com/p/2935771/sp/293577100/playManifest/entryId/1_bt7k4xyn/protocol/https/format/applehttp/flavorIds/1_zilynrz2,1_knms9key,1_kyxcvl3p,1_2ywjblai,1_r734e29r/a.m3u8?uiConfId=50468382&playSessionId=9b028f4c-0c77-c94d-6c10-c70aa98db85a:22c8d867-dd3d-377d-a06b-c59a11d92198&referrer=aHR0cHM6Ly93d3cubnZpZGlhLmNvbS9lbi11cy9vbi1kZW1hbmQvc2Vzc2lvbi9ndGMyNS1zNzIwNTkv&clientTag=html5:v7.264","m3u8"
"https://www.nvidia.com/en-us/on-demand/session/gtc25-s71805/","38:59:00","https://cdnapisec.kaltura.com/p/2935771/sp/293577100/playManifest/entryId/1_9hxq9674/protocol/https/format/applehttp/flavorIds/1_2p9y2mfi,1_qqywqtgh,1_j6rosnko,1_cketgren,1_a9ylr3pf,1_56n5uij4/a.m3u8?uiConfId=50468382&playSessionId=6efdc2c1-65f4-fb9d-de3a-e897622ed403:31e7f1de-6faa-c514-e09b-1c0405794648&referrer=aHR0cHM6Ly93d3cubnZpZGlhLmNvbS9lbi11cy9vbi1kZW1hbmQvc2Vzc2lvbi9ndGMyNS1zNzE4MDUv&clientTag=html5:v7.264","m3u8"
"https://www.nvidia.com/en-us/on-demand/session/gtc25-s73424/","58:17:00","https://cdnapisec.kaltura.com/p/2935771/sp/293577100/playManifest/entryId/1_2rooo68z/protocol/https/format/applehttp/flavorIds/1_gud8bhbr,1_mn5qrlnl,1_1kvy95a7,1_9lr84syg,1_ckxzrcoj,1_rsdv05vz/a.m3u8?uiConfId=50468382&playSessionId=0c3aa1e8-d3e7-07ef-6dfb-f99240ecd18f:884431f0-76e3-c426-d7ce-8e911170933a&referrer=aHR0cHM6Ly93d3cubnZpZGlhLmNvbS9lbi11cy9vbi1kZW1hbmQvc2Vzc2lvbi9ndGMyNS1zNzM0MjQv&clientTag=html5:v7.264","m3u8"
"https://www.nvidia.com/en-us/on-demand/session/gtc25-s72943/","39:08:00","https://cdnapisec.kaltura.com/p/2935771/sp/293577100/playManifest/entryId/1_5o1w6rfc/protocol/https/format/applehttp/flavorIds/1_9t5yt2us,1_7rcxfsbk,1_w0oja639,1_4og7avm1,1_n0ins23l/a.m3u8?uiConfId=50468382&playSessionId=575ff4dc-2adb-03bc-4f92-b5625b116aca:fcb600b3-af42-94c3-dfe5-d0dc46cd966a&referrer=aHR0cHM6Ly93d3cubnZpZGlhLmNvbS9lbi11cy9vbi1kZW1hbmQvc2Vzc2lvbi9ndGMyNS1zNzI5NDMv&clientTag=html5:v7.264","m3u8"
"https://www.nvidia.com/en-us/on-demand/session/gtc25-s72948/","38:42:00","https://cdnapisec.kaltura.com/p/2935771/sp/293577100/playManifest/entryId/1_bjwburwz/protocol/https/format/applehttp/flavorIds/1_0prc1gwi,1_pjo4vgag,1_jfnvsup4,1_7bsb3hmf,1_5igf0yfk/a.m3u8?uiConfId=50468382&playSessionId=b3e4c84f-efd6-3055-a6df-173a9c16399b:85b32e37-b189-3167-5781-c4d8ad7bb30f&referrer=aHR0cHM6Ly93d3cubnZpZGlhLmNvbS9lbi11cy9vbi1kZW1hbmQvc2Vzc2lvbi9ndGMyNS1zNzI5NDgv&clientTag=html5:v7.264","m3u8"
"https://www.nvidia.com/en-us/on-demand/session/gtc25-s72841/","39:18:00","https://cdnapisec.kaltura.com/p/2935771/sp/293577100/playManifest/entryId/1_tkyvlzcn/protocol/https/format/applehttp/flavorIds/1_35ckpz7p,1_mb7wbc56,1_qz3bvq47,1_imzsqky2,1_lo8d0r93/a.m3u8?uiConfId=50468382&playSessionId=06f49897-79a9-d37b-d707-d0e93530b5e3:f7fd1d60-9aa3-c110-4175-2abae9066505&referrer=aHR0cHM6Ly93d3cubnZpZGlhLmNvbS9lbi11cy9vbi1kZW1hbmQvc2Vzc2lvbi9ndGMyNS1zNzI4NDEv&clientTag=html5:v7.264","m3u8"
"https://www.nvidia.com/en-us/on-demand/session/gtc25-s73204/","40:05:00","https://cdnapisec.kaltura.com/p/2935771/sp/293577100/playManifest/entryId/1_qiy3buwc/protocol/https/format/applehttp/flavorIds/1_cxv77oin,1_el9uox6e,1_mwavd19r,1_vhd9ygic/a.m3u8?uiConfId=50468382&playSessionId=370ce045-f4ec-2986-885e-734cbc12c263:290c0b2c-ab79-a9d8-89a5-39ef1c4a4cd3&referrer=aHR0cHM6Ly93d3cubnZpZGlhLmNvbS9lbi11cy9vbi1kZW1hbmQvc2Vzc2lvbi9ndGMyNS1zNzMyMDQv&clientTag=html5:v7.264","m3u8"
"https://www.nvidia.com/en-us/on-demand/session/gtc25-dlit71175/","1:33:13","https://cdnapisec.kaltura.com/p/2935771/sp/293577100/playManifest/entryId/1_xp276tmh/protocol/https/format/applehttp/flavorIds/1_td9tul2q,1_3ap3vh6v,1_ejwkkeg6,1_c5gvooth,1_hz1rbmrs/a.m3u8?uiConfId=50468382&playSessionId=373ac78c-2c0a-e783-3b24-2f6e2c4f4795:3141aebf-64c7-9eb5-4a07-a8c90259fad9&referrer=aHR0cHM6Ly93d3cubnZpZGlhLmNvbS9lbi11cy9vbi1kZW1hbmQvc2Vzc2lvbi9ndGMyNS1kbGl0NzExNzUv&clientTag=html5:v7.264","m3u8"
"https://www.nvidia.com/en-us/on-demand/session/gtc25-dlit71306/","1:34:22","https://cdnapisec.kaltura.com/p/2935771/sp/293577100/playManifest/entryId/1_6yx58kpd/protocol/https/format/applehttp/flavorIds/1_yxcpb2p7,1_xt7h6dh4,1_3h1wpsqg,1_rwboxida,1_8loqiz0a/a.m3u8?uiConfId=50468382&playSessionId=777b1911-32f3-8977-3ac4-b79f351342db:91e6e810-046b-e24c-53f2-161b4258b72d&referrer=aHR0cHM6Ly93d3cubnZpZGlhLmNvbS9lbi11cy9vbi1kZW1hbmQvc2Vzc2lvbi9ndGMyNS1kbGl0NzEzMDYv&clientTag=html5:v7.264","m3u8"
"https://www.nvidia.com/en-us/on-demand/session/gtc25-dlit71433/","1:35:58","https://cdnapisec.kaltura.com/p/2935771/sp/293577100/playManifest/entryId/1_gp6spo5b/protocol/https/format/applehttp/flavorIds/1_gayyvpw5,1_o9x39t54,1_ei3nv08v,1_0jlzkhap,1_te0daqqe/a.m3u8?uiConfId=50468382&playSessionId=8924f790-a4f1-ebac-fc4b-656779e59ad3:a578983c-9392-94e4-2d30-8b64bc61678b&referrer=aHR0cHM6Ly93d3cubnZpZGlhLmNvbS9lbi11cy9vbi1kZW1hbmQvc2Vzc2lvbi9ndGMyNS1kbGl0NzE0MzMv&clientTag=html5:v7.264","m3u8"
"https://www.nvidia.com/en-us/on-demand/session/gtc25-dlit71470/","1:01:17","https://cdnapisec.kaltura.com/p/2935771/sp/293577100/playManifest/entryId/1_u178xs33/protocol/https/format/applehttp/flavorIds/1_o654vzjl,1_1nq8ld8k,1_b15zlzg1,1_gss5grat,1_aadvai5h/a.m3u8?uiConfId=50468382&playSessionId=bae88b38-6dce-ac86-51a4-be1ed60127b9:085c93b4-2017-3b46-1467-4fa007d50bd5&referrer=aHR0cHM6Ly93d3cubnZpZGlhLmNvbS9lbi11cy9vbi1kZW1hbmQvc2Vzc2lvbi9ndGMyNS1kbGl0NzE0NzAv&clientTag=html5:v7.264","m3u8"
"https://www.nvidia.com/en-us/on-demand/session/gtc25-s74323/","38:13:00","https://cdnapisec.kaltura.com/p/2935771/sp/293577100/playManifest/entryId/1_ibv2ux5t/protocol/https/format/applehttp/flavorIds/1_tdmjll3b,1_clabgmhm,1_2zvwtijq,1_nph1660g,1_2ek7kxol/a.m3u8?uiConfId=50468382&playSessionId=a659e1c4-db0e-9e49-b14d-ba25f7e8bd25:7094f277-c265-413b-9857-f006ed80efdb&referrer=aHR0cHM6Ly93d3cubnZpZGlhLmNvbS9lbi11cy9vbi1kZW1hbmQvc2Vzc2lvbi9ndGMyNS1zNzQzMjMv&clientTag=html5:v7.264","m3u8"
"https://www.nvidia.com/en-us/on-demand/session/gtc25-s74342/","38:36:00","https://cdnapisec.kaltura.com/p/2935771/sp/293577100/playManifest/entryId/1_2wurz6mk/protocol/https/format/applehttp/flavorIds/1_xa1f4uhg,1_wdez4pb4,1_0bovaf34,1_9wov7h5e,1_1fnpb4e8/a.m3u8?uiConfId=50468382&playSessionId=29dadcf3-cba3-663d-cc33-70b0bc804ca7:c4b9fe1b-bebe-9c30-ff75-84ea37dc18f1&referrer=aHR0cHM6Ly93d3cubnZpZGlhLmNvbS9lbi11cy9vbi1kZW1hbmQvc2Vzc2lvbi9ndGMyNS1zNzQzNDIv&clientTag=html5:v7.264","m3u8"
"https://www.nvidia.com/en-us/on-demand/session/gtc25-s74571/","39:42:00","https://cdnapisec.kaltura.com/p/2935771/sp/293577100/playManifest/entryId/1_1465ypex/protocol/https/format/applehttp/flavorIds/1_rredet55,1_numrsa46,1_j22n2v1v,1_7vczp5xl,1_0ou6ti0r/a.m3u8?uiConfId=50468382&playSessionId=e4afa784-3582-af0f-c9ae-8639c8b080cc:9658cdfd-11be-5472-71ba-14dd88e7c18c&referrer=aHR0cHM6Ly93d3cubnZpZGlhLmNvbS9lbi11cy9vbi1kZW1hbmQvc2Vzc2lvbi9ndGMyNS1zNzQ1NzEv&clientTag=html5:v7.264","m3u8"
"https://www.nvidia.com/en-us/on-demand/session/gtc25-s74576/","39:47:00","https://cdnapisec.kaltura.com/p/2935771/sp/293577100/playManifest/entryId/1_3jmbwtgp/protocol/https/format/applehttp/flavorIds/1_f47vryf1,1_4q9c8zae,1_ewfilt59,1_o5gd0jws,1_th4yemzh/a.m3u8?uiConfId=50468382&playSessionId=d67b968a-f833-5f3a-f2aa-98d8e5e07321:092920bd-56d3-74c7-2d98-1ac07bc072d3&referrer=aHR0cHM6Ly93d3cubnZpZGlhLmNvbS9lbi11cy9vbi1kZW1hbmQvc2Vzc2lvbi9ndGMyNS1zNzQ1NzYv&clientTag=html5:v7.264","m3u8"
"https://www.nvidia.com/en-us/on-demand/session/gtc25-s71267/","40:29:00","https://cdnapisec.kaltura.com/p/2935771/sp/293577100/playManifest/entryId/1_irtcap3n/protocol/https/format/applehttp/flavorIds/1_80uh6hp9,1_ftf8su1j,1_8st9nnt0,1_dg75pcn3,1_v35ks6me/a.m3u8?uiConfId=50468382&playSessionId=764b7f35-3d5e-31a0-4e5e-0487ceda2669:e98dd0f8-a703-2b8d-a6e0-4810fc9fb2b1&referrer=aHR0cHM6Ly93d3cubnZpZGlhLmNvbS9lbi11cy9vbi1kZW1hbmQvc2Vzc2lvbi9ndGMyNS1zNzEyNjcv&clientTag=html5:v7.264","m3u8"
"https://www.nvidia.com/en-us/on-demand/session/gtc25-s72517/","37:22:00","https://cdnapisec.kaltura.com/p/2935771/sp/293577100/playManifest/entryId/1_rv8m4dgb/protocol/https/format/applehttp/flavorIds/1_3uyqp25v,1_99isgy4e,1_jbm2p0l2,1_t7shzh6y,1_i0ym2yue/a.m3u8?uiConfId=50468382&playSessionId=f9b98e2f-3906-bac8-7abb-d3545fca4683:fb49f9e1-fbc0-28d0-61e6-4d6bf61d69e2&referrer=aHR0cHM6Ly93d3cubnZpZGlhLmNvbS9lbi11cy9vbi1kZW1hbmQvc2Vzc2lvbi9ndGMyNS1zNzI1MTcv&clientTag=html5:v7.264","m3u8"
"https://www.nvidia.com/en-us/on-demand/session/gtc25-s72527/","46:11:00","https://cdnapisec.kaltura.com/p/2935771/sp/293577100/playManifest/entryId/1_eb734om3/protocol/https/format/applehttp/flavorIds/1_wlmp3t87,1_1psj0c38,1_shi19dlr,1_ucs5af46,1_lsz49fuv/a.m3u8?uiConfId=50468382&playSessionId=10a1ddbc-848f-1c20-347a-50c6063ad09a:fcb70598-250a-c40c-92c6-657adf81237c&referrer=aHR0cHM6Ly93d3cubnZpZGlhLmNvbS9lbi11cy9vbi1kZW1hbmQvc2Vzc2lvbi9ndGMyNS1zNzI1Mjcv&clientTag=html5:v7.264","m3u8"
"https://www.nvidia.com/en-us/on-demand/session/gtc25-s71402/","43:12:00","https://cdnapisec.kaltura.com/p/2935771/sp/293577100/playManifest/entryId/1_pln3n6dl/protocol/https/format/applehttp/flavorIds/1_wwfzhcmb,1_dtt9xcy1,1_lsmvcimd,1_0dk5os25,1_6erp2qj4/a.m3u8?uiConfId=50468382&playSessionId=335edf90-a4b2-b5b2-e6f7-8f632d6069e0:ff7f8b4b-723c-0a55-e5c7-ea31cf316b99&referrer=aHR0cHM6Ly93d3cubnZpZGlhLmNvbS9lbi11cy9vbi1kZW1hbmQvc2Vzc2lvbi9ndGMyNS1zNzE0MDIv&clientTag=html5:v7.264","m3u8"
"https://www.nvidia.com/en-us/on-demand/session/gtc25-s72572/","47:25:00","https://cdnapisec.kaltura.com/p/2935771/sp/293577100/playManifest/entryId/1_wzz9ysr3/protocol/https/format/applehttp/flavorIds/1_k2f7weq0,1_7g1h7jy8,1_pgi0qje7,1_s4wc0jmi/a.m3u8?uiConfId=50468382&playSessionId=9ecc0972-79c5-07fd-b7e2-66511f8fc680:b99586e6-188a-1928-c73e-ffd73a6b9531&referrer=aHR0cHM6Ly93d3cubnZpZGlhLmNvbS9lbi11cy9vbi1kZW1hbmQvc2Vzc2lvbi9ndGMyNS1zNzI1NzIv&clientTag=html5:v7.264","m3u8"
"https://www.nvidia.com/en-us/on-demand/session/gtc25-s72590/","1:41:20","https://cdnapisec.kaltura.com/p/2935771/sp/293577100/playManifest/entryId/1_v8vsbvmz/protocol/https/format/applehttp/flavorIds/1_7vavxrqk,1_u49k20yq,1_z2aqsgob,1_4hujygnc,1_zyy41wu4/a.m3u8?uiConfId=50468382&playSessionId=9ed6740c-1f7d-f978-edcc-d34741f497bd:ca9673c5-5120-32cf-3c10-c0c2ecc2d69f&referrer=aHR0cHM6Ly93d3cubnZpZGlhLmNvbS9lbi11cy9vbi1kZW1hbmQvc2Vzc2lvbi9ndGMyNS1zNzI1OTAv&clientTag=html5:v7.264","m3u8"
"https://www.nvidia.com/en-us/on-demand/session/gtc25-s72069/","42:01:00","https://cdnapisec.kaltura.com/p/2935771/sp/293577100/playManifest/entryId/1_jomlywc6/protocol/https/format/applehttp/flavorIds/1_ssmnr2px,1_948ffkgi,1_fywva08l,1_u16nk8vs,1_bbdoyvlz,1_f6pxz3mh/a.m3u8?uiConfId=50468382&playSessionId=a6a6e1d8-e00d-dc70-a19b-94d1c277709f:97771b33-60b6-1840-75c7-61ee455db119&referrer=aHR0cHM6Ly93d3cubnZpZGlhLmNvbS9lbi11cy9vbi1kZW1hbmQvc2Vzc2lvbi9ndGMyNS1zNzIwNjkv&clientTag=html5:v7.264","m3u8"
"https://www.nvidia.com/en-us/on-demand/session/gtc25-s72114/","27:29:00","https://cdnapisec.kaltura.com/p/2935771/sp/293577100/playManifest/entryId/1_35y7nt19/protocol/https/format/applehttp/flavorIds/1_p8v6co7e,1_vzlcl8sv,1_vfmqdaxz/a.m3u8?uiConfId=50468382&playSessionId=10a11c42-eeec-940a-ec19-3ab0876f7a1c:78ca2f59-c283-baea-0d65-f637c4d3e08d&referrer=aHR0cHM6Ly93d3cubnZpZGlhLmNvbS9lbi11cy9vbi1kZW1hbmQvc2Vzc2lvbi9ndGMyNS1zNzIxMTQv&clientTag=html5:v7.264","m3u8"
"https://www.nvidia.com/en-us/on-demand/session/gtc25-s71691/","33:12:00","https://cdnapisec.kaltura.com/p/2935771/sp/293577100/playManifest/entryId/1_tx9qht8o/protocol/https/format/applehttp/flavorIds/1_vknen6i3,1_wa2gd5sj,1_pthulgye,1_pwj2ww7j/a.m3u8?uiConfId=50468382&playSessionId=bab9c216-c5bd-8366-8318-f79b6ca1e6ef:4d9c7138-4c14-d26c-b2e8-ee387ca871dd&referrer=aHR0cHM6Ly93d3cubnZpZGlhLmNvbS9lbi11cy9vbi1kZW1hbmQvc2Vzc2lvbi9ndGMyNS1zNzE2OTEv&clientTag=html5:v7.264","m3u8"
"https://www.nvidia.com/en-us/on-demand/session/gtc25-s71775/","39:53:00","https://cdnapisec.kaltura.com/p/2935771/sp/293577100/playManifest/entryId/1_7bfota9s/protocol/https/format/applehttp/flavorIds/1_wis1suyv,1_633h563n,1_1otj9jtd,1_uq2okfz4,1_al2ya7bd,1_0y3tp4jm/a.m3u8?uiConfId=50468382&playSessionId=0e7b607f-667f-5c56-e014-030b1a4a192f:5bb0d6cd-ed57-eeff-8166-fde367950cd3&referrer=aHR0cHM6Ly93d3cubnZpZGlhLmNvbS9lbi11cy9vbi1kZW1hbmQvc2Vzc2lvbi9ndGMyNS1zNzE3NzUv&clientTag=html5:v7.264","m3u8"
"https://www.nvidia.com/en-us/on-demand/session/gtc25-s71858/","35:07:00","https://cdnapisec.kaltura.com/p/2935771/sp/293577100/playManifest/entryId/1_wscs9b5n/protocol/https/format/applehttp/flavorIds/1_tf9o8hyr,1_ie9o3hbb,1_5hhwba01,1_xuu1fxyj,1_h09dsf57/a.m3u8?uiConfId=50468382&playSessionId=c3d0baa3-6b56-2c90-3b8e-631e0545fb8c:5487544e-41ad-adc1-aece-855f972c8a52&referrer=aHR0cHM6Ly93d3cubnZpZGlhLmNvbS9lbi11cy9vbi1kZW1hbmQvc2Vzc2lvbi9ndGMyNS1zNzE4NTgv&clientTag=html5:v7.264","m3u8"
"https://www.nvidia.com/en-us/on-demand/session/gtc25-s72816/","29:36:00","https://cdnapisec.kaltura.com/p/2935771/sp/293577100/playManifest/entryId/1_8chcmpsw/protocol/https/format/applehttp/flavorIds/1_9772850l,1_6minvhu0,1_d9tcv8bn,1_syfjb5rf/a.m3u8?uiConfId=50468382&playSessionId=b4649f1c-7741-ec68-497b-663f56690334:ddeeef7c-dca9-071b-cad9-5b95f65a0023&referrer=aHR0cHM6Ly93d3cubnZpZGlhLmNvbS9lbi11cy9vbi1kZW1hbmQvc2Vzc2lvbi9ndGMyNS1zNzI4MTYv&clientTag=html5:v7.264","m3u8"
"https://www.nvidia.com/en-us/on-demand/session/gtc25-s73737/","28:15:00","https://cdnapisec.kaltura.com/p/2935771/sp/293577100/playManifest/entryId/1_elr6u7av/protocol/https/format/applehttp/flavorIds/1_ge91nk2g,1_5gfehzjz,1_w7i5bgav,1_smf0ojcs,1_rwv7y70l/a.m3u8?uiConfId=50468382&playSessionId=dc03e59a-69fa-e9fe-5254-5383017116c8:2e9b5310-ed64-7493-2d74-00086167ec1c&referrer=aHR0cHM6Ly93d3cubnZpZGlhLmNvbS9lbi11cy9vbi1kZW1hbmQvc2Vzc2lvbi9ndGMyNS1zNzM3Mzcv&clientTag=html5:v7.264","m3u8"
"https://www.nvidia.com/en-us/on-demand/session/gtc25-s74537/","46:31:00","https://cdnapisec.kaltura.com/p/2935771/sp/293577100/playManifest/entryId/1_flfv620c/protocol/https/format/applehttp/flavorIds/1_ebpfwdr2,1_45mbmzql,1_0y85nop7,1_7shx5eze/a.m3u8?uiConfId=50468382&playSessionId=2e5c36e9-e90e-f96a-c997-ae01546e9e30:b9972b41-8a43-3f58-162d-9fae784a60bd&referrer=aHR0cHM6Ly93d3cubnZpZGlhLmNvbS9lbi11cy9vbi1kZW1hbmQvc2Vzc2lvbi9ndGMyNS1zNzQ1Mzcv&clientTag=html5:v7.264","m3u8"
"https://www.nvidia.com/en-us/on-demand/session/gtc25-s71459/","21:24","https://cdnapisec.kaltura.com/p/2935771/sp/293577100/playManifest/entryId/1_b6l024vi/protocol/https/format/applehttp/flavorIds/1_2ijb4hb3,1_gvytekr8,1_voxbufip,1_6tnnr772,1_lpw4ncck/a.m3u8?uiConfId=50468382&playSessionId=857150c7-d03d-7ae6-e07d-36eb6d321133:5acca839-1487-d3bb-f44f-ac39222132c2&referrer=aHR0cHM6Ly93d3cubnZpZGlhLmNvbS9lbi11cy9vbi1kZW1hbmQvc2Vzc2lvbi9ndGMyNS1zNzE0NTkv&clientTag=html5:v7.264","m3u8"
"https://www.nvidia.com/en-us/on-demand/session/gtc25-c73836/","30:43:00","https://cdnapisec.kaltura.com/p/2935771/sp/293577100/playManifest/entryId/1_a6umr6wu/protocol/https/format/applehttp/flavorIds/1_h1eo7d74,1_ywbnlp3e,1_fg13da23,1_84bw4aik/a.m3u8?uiConfId=50468382&playSessionId=022dd730-a6c6-f82e-702c-692e2a598dc6:23805c12-4158-673a-201f-df20a75e626d&referrer=aHR0cHM6Ly93d3cubnZpZGlhLmNvbS9lbi11cy9vbi1kZW1hbmQvc2Vzc2lvbi9ndGMyNS1jNzM4MzYv&clientTag=html5:v7.264","m3u8"
"https://www.nvidia.com/en-us/on-demand/session/gtc25-s73503/","45:11:00","https://cdnapisec.kaltura.com/p/2935771/sp/293577100/playManifest/entryId/1_ks8qyu51/protocol/https/format/applehttp/flavorIds/1_52miz4j3,1_belm9oe4,1_3hgwfidt,1_h51usdtj/a.m3u8?uiConfId=50468382&playSessionId=ee1f6b75-db3a-ceb0-b510-0a29e24f74b3:ed346b5a-3a10-cee9-1efd-ad7297bdb6f9&referrer=aHR0cHM6Ly93d3cubnZpZGlhLmNvbS9lbi11cy9vbi1kZW1hbmQvc2Vzc2lvbi9ndGMyNS1zNzM1MDMv&clientTag=html5:v7.264","m3u8"
"https://www.nvidia.com/en-us/on-demand/session/gtc25-s73672/","40:36:00","https://cdnapisec.kaltura.com/p/2935771/sp/293577100/playManifest/entryId/1_ttycyggc/protocol/https/format/applehttp/flavorIds/1_zsvd7d2o,1_csgfmroh,1_csnwju9t,1_his4aw8y/a.m3u8?uiConfId=50468382&playSessionId=7a6c5953-ec3c-dc40-892a-eee669fba0fd:fc5c3c21-af6b-26bd-0591-7b2ed67836c6&referrer=aHR0cHM6Ly93d3cubnZpZGlhLmNvbS9lbi11cy9vbi1kZW1hbmQvc2Vzc2lvbi9ndGMyNS1zNzM2NzIv&clientTag=html5:v7.264","m3u8"
"https://www.nvidia.com/en-us/on-demand/session/gtc25-s72962/","24:53:00","https://cdnapisec.kaltura.com/p/2935771/sp/293577100/playManifest/entryId/1_mtp1kogh/protocol/https/format/applehttp/flavorIds/1_yd9gfvwv,1_zcgtwiwa,1_r4mlzj9g,1_4tgtcbk0,1_5okzvv04/a.m3u8?uiConfId=50468382&playSessionId=a6f1bbf6-42d9-9357-e929-1702f6c58832:bbbf3ab6-e6fc-2575-1748-60ec08117376&referrer=aHR0cHM6Ly93d3cubnZpZGlhLmNvbS9lbi11cy9vbi1kZW1hbmQvc2Vzc2lvbi9ndGMyNS1zNzI5NjIv&clientTag=html5:v7.264","m3u8"
"https://www.nvidia.com/en-us/on-demand/session/gtc25-s73885/","55:59:00","https://cdnapisec.kaltura.com/p/2935771/sp/293577100/playManifest/entryId/1_ps9rqkq8/protocol/https/format/applehttp/flavorIds/1_8o1a478c,1_ps9z0109,1_eyne0r44,1_fe0oy4k7,1_7xa88vs4/a.m3u8?uiConfId=50468382&playSessionId=bee314c4-1253-abc5-d2ef-4bfc08ed287b:5fd73399-1594-3367-4fea-012382a8cbd0&referrer=aHR0cHM6Ly93d3cubnZpZGlhLmNvbS9lbi11cy9vbi1kZW1hbmQvc2Vzc2lvbi9ndGMyNS1zNzM4ODUv&clientTag=html5:v7.264","m3u8"
"https://www.nvidia.com/en-us/on-demand/session/gtc25-s71974/","37:00:00","https://cdnapisec.kaltura.com/p/2935771/sp/293577100/playManifest/entryId/1_1o7fcpd5/protocol/https/format/applehttp/flavorIds/1_c8qm0akf,1_gibqvb55,1_44ec4mek,1_7dxgv3gx,1_v6w893nj,1_j0s3r10e/a.m3u8?uiConfId=50468382&playSessionId=728c03eb-b317-9ac4-d605-bc32271a9f6b:66e9be96-2671-959d-55a6-3463803e5dfe&referrer=aHR0cHM6Ly93d3cubnZpZGlhLmNvbS9lbi11cy9vbi1kZW1hbmQvc2Vzc2lvbi9ndGMyNS1zNzE5NzQv&clientTag=html5:v7.264","m3u8"
"https://www.nvidia.com/en-us/on-demand/session/gtc25-s73849/","1:01:31","https://cdnapisec.kaltura.com/p/2935771/sp/293577100/playManifest/entryId/1_b6pi72eh/protocol/https/format/applehttp/flavorIds/1_bxx83x64,1_0dond93z,1_2zsxsu0s,1_lpau1t6i,1_pomepeuh/a.m3u8?uiConfId=50468382&playSessionId=870d5538-1c74-f3a0-3b53-b97fde6155e4:dbef6b8c-9b26-fe84-a54e-b53eb1cdb769&referrer=aHR0cHM6Ly93d3cubnZpZGlhLmNvbS9lbi11cy9vbi1kZW1hbmQvc2Vzc2lvbi9ndGMyNS1zNzM4NDkv&clientTag=html5:v7.264","m3u8"
"https://www.nvidia.com/en-us/on-demand/session/gtc25-s71522/","39:43:00","https://cdnapisec.kaltura.com/p/2935771/sp/293577100/playManifest/entryId/1_oceaq1sk/protocol/https/format/applehttp/flavorIds/1_68akhiba,1_j7gfq3mv,1_acz8van0,1_fehjqs9r/a.m3u8?uiConfId=50468382&playSessionId=5b984ae5-2387-2a97-332d-1d5b281aee6d:fbbbb8b1-b044-8a54-016f-dfbe9051cb77&referrer=aHR0cHM6Ly93d3cubnZpZGlhLmNvbS9lbi11cy9vbi1kZW1hbmQvc2Vzc2lvbi9ndGMyNS1zNzE1MjIv&clientTag=html5:v7.264","m3u8"
"https://www.nvidia.com/en-us/on-demand/session/gtc25-s73752/","51:29:00","https://cdnapisec.kaltura.com/p/2935771/sp/293577100/playManifest/entryId/1_is6pxzmw/protocol/https/format/applehttp/flavorIds/1_9hqemvht,1_d486r840,1_r11f7vnz,1_8vdzr1nz,1_jkqom3li/a.m3u8?uiConfId=50468382&playSessionId=938d1e40-d9d6-e2a4-06d1-ed19a79b9273:119aa410-3e14-955f-7122-1d0c73146056&referrer=aHR0cHM6Ly93d3cubnZpZGlhLmNvbS9lbi11cy9vbi1kZW1hbmQvc2Vzc2lvbi9ndGMyNS1zNzM3NTIv&clientTag=html5:v7.264","m3u8"
"https://www.nvidia.com/en-us/on-demand/session/gtc25-s71851/","25:44:00","https://cdnapisec.kaltura.com/p/2935771/sp/293577100/playManifest/entryId/1_9cmqi8uw/protocol/https/format/applehttp/flavorIds/1_f50wtg3k,1_lddkb3rx,1_jshzpd9m/a.m3u8?uiConfId=50468382&playSessionId=930fe6d3-f15b-9594-5511-546f10042c25:6b045132-7c62-527c-287b-e2973b9deb41&referrer=aHR0cHM6Ly93d3cubnZpZGlhLmNvbS9lbi11cy9vbi1kZW1hbmQvc2Vzc2lvbi9ndGMyNS1zNzE4NTEv&clientTag=html5:v7.264","m3u8"
"https://www.nvidia.com/en-us/on-demand/session/gtc25-s71897/","36:45:00","https://cdnapisec.kaltura.com/p/2935771/sp/293577100/playManifest/entryId/1_i3glolqy/protocol/https/format/applehttp/flavorIds/1_e4ie40cs,1_y5je5iqy,1_vbadqqt4,1_b71pe8sn/a.m3u8?uiConfId=50468382&playSessionId=164b38d4-22be-6bcc-d37a-cb34121954f9:3fdafd0e-771c-4f6b-bb10-019ae3391ace&referrer=aHR0cHM6Ly93d3cubnZpZGlhLmNvbS9lbi11cy9vbi1kZW1hbmQvc2Vzc2lvbi9ndGMyNS1zNzE4OTcv&clientTag=html5:v7.264","m3u8"
"https://www.nvidia.com/en-us/on-demand/session/gtc25-ep74418/","6:42","https://cdnapisec.kaltura.com/p/2935771/sp/293577100/playManifest/entryId/1_8he99dv8/protocol/https/format/applehttp/flavorIds/1_7n852w9m,1_hew8mr06,1_w6pclw5m,1_7smyskn0,1_2r0q1r6y,1_t8litk2c,1_jfb4t4vy,1_l3bitipz/a.m3u8?uiConfId=50468382&playSessionId=38193747-5ea9-1e2b-c70a-4cac31f4d073:87308e8f-dd1c-7e06-29cc-6a117fe3122e&referrer=aHR0cHM6Ly93d3cubnZpZGlhLmNvbS9lbi11cy9vbi1kZW1hbmQvc2Vzc2lvbi9ndGMyNS1lcDc0NDE4Lw==&clientTag=html5:v7.264","m3u8"
"https://www.nvidia.com/en-us/on-demand/session/gtc25-ep74493/","6:02","https://cdnapisec.kaltura.com/p/2935771/sp/293577100/playManifest/entryId/1_w2mz9s6y/protocol/https/format/applehttp/flavorIds/1_ellke638,1_12g6blm5,1_dh81i5sc,1_htuzhzr3,1_fzmj9px5,1_ez6ts4mn,1_7bsnaige,1_bw4da4km/a.m3u8?uiConfId=50468382&playSessionId=0ef3ef85-f581-b75b-dbfc-5e1d41b54ee3:6c37c00b-4916-c580-c05e-64e775b51aa7&referrer=aHR0cHM6Ly93d3cubnZpZGlhLmNvbS9lbi11cy9vbi1kZW1hbmQvc2Vzc2lvbi9ndGMyNS1lcDc0NDkzLw==&clientTag=html5:v7.264","m3u8"
"https://www.nvidia.com/en-us/on-demand/session/gtc25-ep74498/","5:48","https://cdnapisec.kaltura.com/p/2935771/sp/293577100/playManifest/entryId/1_kf41w62n/protocol/https/format/applehttp/flavorIds/1_1l3oskod,1_5dvo2n4o,1_p0ecnw0o,1_725px26f,1_hus1j9xi,1_qzu37tet,1_geae8ifo,1_a7tm0fmt/a.m3u8?uiConfId=50468382&playSessionId=b89b7f36-1883-602f-c835-52a8d682a991:de02cdab-c904-ea22-0430-f1775916edbe&referrer=aHR0cHM6Ly93d3cubnZpZGlhLmNvbS9lbi11cy9vbi1kZW1hbmQvc2Vzc2lvbi9ndGMyNS1lcDc0NDk4Lw==&clientTag=html5:v7.264","m3u8"
"https://www.nvidia.com/en-us/on-demand/session/gtc25-ep74511/","7:44","https://cdnapisec.kaltura.com/p/2935771/sp/293577100/playManifest/entryId/1_9ja3guho/protocol/https/format/applehttp/flavorIds/1_8mcacs5h,1_d9anpbmc,1_7eqj80ql,1_yopm0uok,1_a2xa46h2,1_ofjemasd,1_g3ifldiw,1_67tdtb3s/a.m3u8?uiConfId=50468382&playSessionId=7ccb4632-899a-ea6e-a3c0-3cad77ae3bf0:9030e1e8-8c22-3192-917c-734220cf23d4&referrer=aHR0cHM6Ly93d3cubnZpZGlhLmNvbS9lbi11cy9vbi1kZW1hbmQvc2Vzc2lvbi9ndGMyNS1lcDc0NTExLw==&clientTag=html5:v7.264","m3u8"
"https://www.nvidia.com/en-us/on-demand/session/gtc25-ep74519/","9:12","https://cdnapisec.kaltura.com/p/2935771/sp/293577100/playManifest/entryId/1_p1g7dir0/protocol/https/format/applehttp/flavorIds/1_6ygqzcsq,1_gww1ryp8,1_w1hcy8rq,1_k2oeziu1,1_8v87aw6g,1_o2exaeth,1_lix2tl5y,1_dezpd09l/a.m3u8?uiConfId=50468382&playSessionId=972c2e7d-16a0-4f40-b160-ec776dc7e459:13b3f8b2-997d-9d3b-497a-bc75de907192&referrer=aHR0cHM6Ly93d3cubnZpZGlhLmNvbS9lbi11cy9vbi1kZW1hbmQvc2Vzc2lvbi9ndGMyNS1lcDc0NTE5Lw==&clientTag=html5:v7.264","m3u8"
"https://www.nvidia.com/en-us/on-demand/session/gtc25-ep74523/","8:08","https://cfvod.kaltura.com/scf/fhls/p/2935771/sp/293577100/serveFlavor/entryId/1_p1g7dir0/v/1/ev/9/flavorId/1_dezpd09l/name/a.mp4/index.m3u8?Policy=eyJTdGF0ZW1lbnQiOlt7IlJlc291cmNlIjoiaHR0cHM6Ly9jZnZvZC5rYWx0dXJhLmNvbS9zY2YvZmhscy9wLzI5MzU3NzEvc3AvMjkzNTc3MTAwL3NlcnZlRmxhdm9yL2VudHJ5SWQvMV9wMWc3ZGlyMC92LzEvZXYvOSoiLCJDb25kaXRpb24iOnsiRGF0ZUxlc3NUaGFuIjp7IkFXUzpFcG9jaFRpbWUiOjE3ODUwMTAxNjZ9fX1dfQ__&Signature=BVvheHmuQnbLE5X4vO8tL76H6AbA125P4I4uh3VrOUKzZFrA6oK3ZGJ9eQasmVjtzbzVJUHZM2Ngu3~ffcNuU5TCRBbidmPjDLjTcpqqAu2dS-~pK5G5vy57mxqDNnEogHC18mtUAwnOKGBPwYnM-b1K12i82n1bfhbUmDLG-PvpKAznKiIdoDILC00WZkSgYq4jou3MWp5LOwY6ZZNexuAybXzfwjKGCsRnZoARls1BqSHkyCy07SFsXcTC4UyPq7VtP3WBOtcWkIWWplqhdL4B7icwUVhdrjjyHQifwbhcnIcP4YQZCCDTIzM5leMXC5eZ4Ve~nCSrJnB7x3dgpQ__&Key-Pair-Id=APKAJT6QIWSKVYK3V34A","m3u8"
"https://www.nvidia.com/en-us/on-demand/session/gtc25-ep74533/","6:24","https://cdnapisec.kaltura.com/p/2935771/sp/293577100/playManifest/entryId/1_tkv9f452/protocol/https/format/applehttp/flavorIds/1_h2caddmz,1_bfzwrhs7,1_x8y8z181,1_3lbfpysw,1_6croz7yj,1_or08hyv4,1_lp84qeb7,1_vh0ik3n4/a.m3u8?uiConfId=50468382&playSessionId=7e0ab975-ee1a-5873-4a72-fd51963f7614:5f568362-9fbf-44c4-3d2b-7839cb18e034&referrer=aHR0cHM6Ly93d3cubnZpZGlhLmNvbS9lbi11cy9vbi1kZW1hbmQvc2Vzc2lvbi9ndGMyNS1lcDc0NTMzLw==&clientTag=html5:v7.264","m3u8"
"https://www.nvidia.com/en-us/on-demand/session/gtc25-ep74538/","5:45","https://cdnapisec.kaltura.com/p/2935771/sp/293577100/playManifest/entryId/1_bnes33pu/protocol/https/format/applehttp/flavorIds/1_du2o6qrs,1_c17s5n95,1_omlupkez,1_yo7odsxt,1_wx5ap0vw,1_tfwtfksq,1_9uydidws,1_8uju31pm/a.m3u8?uiConfId=50468382&playSessionId=83a66cce-0288-df6e-d2ee-15db11814a18:a2033697-e533-00e6-9e7a-295070b7c03c&referrer=aHR0cHM6Ly93d3cubnZpZGlhLmNvbS9lbi11cy9vbi1kZW1hbmQvc2Vzc2lvbi9ndGMyNS1lcDc0NTM4Lw==&clientTag=html5:v7.264","m3u8"
"https://www.nvidia.com/en-us/on-demand/session/gtc25-ep74573/","8:11","https://cdnapisec.kaltura.com/p/2935771/sp/293577100/playManifest/entryId/1_j1sy4aw0/protocol/https/format/applehttp/flavorIds/1_4knfkkmg,1_5gft3js3,1_qjs72ixr,1_gqpgydm6,1_nm6frjp2,1_hy1kp006,1_nbprnma3,1_57hhsen7/a.m3u8?uiConfId=50468382&playSessionId=0f9b3146-090f-2647-38b1-e24120447153:e7ee7c69-e5a4-f6c7-3cbd-8eeb9b989ea8&referrer=aHR0cHM6Ly93d3cubnZpZGlhLmNvbS9lbi11cy9vbi1kZW1hbmQvc2Vzc2lvbi9ndGMyNS1lcDc0NTczLw==&clientTag=html5:v7.264","m3u8"
"https://www.nvidia.com/en-us/on-demand/session/gtc25-ep74574/","4:18","https://cdnapisec.kaltura.com/p/2935771/sp/293577100/playManifest/entryId/1_9540pe0u/protocol/https/format/applehttp/flavorIds/1_1xpdy6qc,1_omqc27pq,1_rk73r7cy,1_1ua1m21n,1_gx70z6u9,1_0zd85995,1_bw87y4d1,1_22py5z5s/a.m3u8?uiConfId=50468382&playSessionId=bdd9d3f9-f3dc-f621-416a-62ab11feab2f:e8bd46e3-303a-d7ed-0d12-688835173479&referrer=aHR0cHM6Ly93d3cubnZpZGlhLmNvbS9lbi11cy9vbi1kZW1hbmQvc2Vzc2lvbi9ndGMyNS1lcDc0NTc0Lw==&clientTag=html5:v7.264","m3u8"
"https://www.nvidia.com/en-us/on-demand/session/gtc25-ep74626/","5:48","https://cdnapisec.kaltura.com/p/2935771/sp/293577100/playManifest/entryId/1_ahhybexl/protocol/https/format/applehttp/flavorIds/1_b716l392,1_heep4twb,1_ub4c9lgy,1_svajz6a4,1_lanmt1s6,1_n0wnv4qr,1_njfnzaxa,1_exu5v75s/a.m3u8?uiConfId=50468382&playSessionId=c5674ddb-8a79-b70c-db14-b7af4aa8d0d7:e1136199-f24d-111e-7812-5c8c066bc789&referrer=aHR0cHM6Ly93d3cubnZpZGlhLmNvbS9lbi11cy9vbi1kZW1hbmQvc2Vzc2lvbi9ndGMyNS1lcDc0NjI2Lw==&clientTag=html5:v7.264","m3u8"
"https://www.nvidia.com/en-us/on-demand/session/gtc25-ep74637/","5:58","https://cdnapisec.kaltura.com/p/2935771/sp/293577100/playManifest/entryId/1_05a62ccp/protocol/https/format/applehttp/flavorIds/1_358rc216,1_sxen1kff,1_l3ezvrmf,1_4f4ajayo,1_umee5bps,1_7xv5ms41,1_wa0ys8b2,1_xwwya0k0/a.m3u8?uiConfId=50468382&playSessionId=b0a148a6-13b3-5d6a-d4be-a5380423f120:6951b721-4eb7-33e7-6132-ae2387321bd8&referrer=aHR0cHM6Ly93d3cubnZpZGlhLmNvbS9lbi11cy9vbi1kZW1hbmQvc2Vzc2lvbi9ndGMyNS1lcDc0NjM3Lw==&clientTag=html5:v7.264","m3u8"
"https://www.nvidia.com/en-us/on-demand/session/gtc25-dd40001/","37:49:00","https://cdnapisec.kaltura.com/p/2935771/sp/293577100/playManifest/entryId/1_rhfoqro0/protocol/https/format/applehttp/flavorIds/1_3grlj35r,1_vzll0wqq,1_gt4uhvhr,1_xo2b1l76,1_xpx4qhik/a.m3u8?uiConfId=50468382&playSessionId=546af78d-3649-175e-788d-1cdf86b1af04:93dc08ea-a413-7f6f-8611-2890185e5a08&referrer=aHR0cHM6Ly93d3cubnZpZGlhLmNvbS9lbi11cy9vbi1kZW1hbmQvc2Vzc2lvbi9ndGMyNS1kZDQwMDAxLw==&clientTag=html5:v7.264","m3u8"
"https://www.nvidia.com/en-us/on-demand/session/gtc25-s71957/","36:25:00","https://cdnapisec.kaltura.com/p/2935771/sp/293577100/playManifest/entryId/1_1kywl98x/protocol/https/format/applehttp/flavorIds/1_rr3gv7gd,1_xoj58j27,1_zsivfj30,1_8fhzsbue/a.m3u8?uiConfId=50468382&playSessionId=38bb5f70-c37a-aea2-1c5f-64cbe024dc08:59444563-59b3-8053-b3c9-b65b75e131ce&referrer=aHR0cHM6Ly93d3cubnZpZGlhLmNvbS9lbi11cy9vbi1kZW1hbmQvc2Vzc2lvbi9ndGMyNS1zNzE5NTcv&clientTag=html5:v7.264","m3u8"
"https://www.nvidia.com/en-us/on-demand/session/gtc25-exs74552/","14:28","https://cdnapisec.kaltura.com/p/2935771/sp/293577100/playManifest/entryId/1_su5r40vx/protocol/https/format/applehttp/flavorIds/1_37dfcb9u,1_1yk43hs9,1_oj3hsit0,1_duclom09,1_eb99kh7w,1_k10biodf/a.m3u8?uiConfId=50468382&playSessionId=c6f862fd-702e-3ad4-3881-9ba59569bd70:f97c8a85-d508-fd22-580d-12e49db8755f&referrer=aHR0cHM6Ly93d3cubnZpZGlhLmNvbS9lbi11cy9vbi1kZW1hbmQvc2Vzc2lvbi9ndGMyNS1leHM3NDU1Mi8=&clientTag=html5:v7.264","m3u8"
"https://www.nvidia.com/en-us/on-demand/session/gtc25-exs74631/","13:51","https://cdnapisec.kaltura.com/p/2935771/sp/293577100/playManifest/entryId/1_x5pnkasr/protocol/https/format/applehttp/flavorIds/1_0z5txfjf,1_lj0wfja6,1_s3a3datb,1_3vmx0qwv,1_bkgsmnaq/a.m3u8?uiConfId=50468382&playSessionId=1f518f8a-77f0-f91e-ad0b-af480900722e:08f7e2d5-2aa4-476c-acdf-6014bb882c9d&referrer=aHR0cHM6Ly93d3cubnZpZGlhLmNvbS9lbi11cy9vbi1kZW1hbmQvc2Vzc2lvbi9ndGMyNS1leHM3NDYzMS8=&clientTag=html5:v7.264","m3u8"
"https://www.nvidia.com/en-us/on-demand/session/gtc25-exs73952/","13:44","https://cdnapisec.kaltura.com/p/2935771/sp/293577100/playManifest/entryId/1_frnnxbgp/protocol/https/format/applehttp/flavorIds/1_ky6owstg,1_dqnmuri2,1_n1o357gu,1_j4g26amf,1_alv9x2m8/a.m3u8?uiConfId=50468382&playSessionId=e9a20d66-856e-2c96-c7ff-103f3ce5fef8:c790e6af-4efe-e967-f200-0dc8661b71d4&referrer=aHR0cHM6Ly93d3cubnZpZGlhLmNvbS9lbi11cy9vbi1kZW1hbmQvc2Vzc2lvbi9ndGMyNS1leHM3Mzk1Mi8=&clientTag=html5:v7.264","m3u8"
"https://www.nvidia.com/en-us/on-demand/session/gtc25-exs74230/","16:16","https://cdnapisec.kaltura.com/p/2935771/sp/293577100/playManifest/entryId/1_dvdpl3la/protocol/https/format/applehttp/flavorIds/1_n9j3hmu2,1_o4hxo4t0,1_x43bbv6g,1_lsjrvfu5,1_a9w7iime/a.m3u8?uiConfId=50468382&playSessionId=ab875a19-4369-ee13-f873-e6732a05762e:beaf2e23-5167-2316-9224-d1cb7f0e5670&referrer=aHR0cHM6Ly93d3cubnZpZGlhLmNvbS9lbi11cy9vbi1kZW1hbmQvc2Vzc2lvbi9ndGMyNS1leHM3NDIzMC8=&clientTag=html5:v7.264","m3u8"
"https://www.nvidia.com/en-us/on-demand/session/gtc25-exs74247/","10:26","https://cdnapisec.kaltura.com/p/2935771/sp/293577100/playManifest/entryId/1_mhxe3isb/protocol/https/format/applehttp/flavorIds/1_h53fpz1k,1_215ejxcn,1_gmyfk9fl,1_bz18o8ix,1_kz1fueu9,1_j5mleo8f/a.m3u8?uiConfId=50468382&playSessionId=3bbb337b-acae-d9ca-e58c-d1cc2e8aed79:f25e007c-d90e-9435-29bc-548adf7f6dcf&referrer=aHR0cHM6Ly93d3cubnZpZGlhLmNvbS9lbi11cy9vbi1kZW1hbmQvc2Vzc2lvbi9ndGMyNS1leHM3NDI0Ny8=&clientTag=html5:v7.264","m3u8"
"https://www.nvidia.com/en-us/on-demand/session/gtc25-exs74411/","13:47","https://cdnapisec.kaltura.com/p/2935771/sp/293577100/playManifest/entryId/1_6ttlhp9p/protocol/https/format/applehttp/flavorIds/1_rvwbx33n,1_jc87t4i9,1_6dqxwgxn,1_mqyk27b4,1_tf7il086/a.m3u8?uiConfId=50468382&playSessionId=597b8fd2-1ebe-67de-8144-8d685c2d15de:10f1f8b5-c624-66b9-dc8e-015593cc58a9&referrer=aHR0cHM6Ly93d3cubnZpZGlhLmNvbS9lbi11cy9vbi1kZW1hbmQvc2Vzc2lvbi9ndGMyNS1leHM3NDQxMS8=&clientTag=html5:v7.264","m3u8"
"https://www.nvidia.com/en-us/on-demand/session/gtc25-exs74250/","8:39","https://cdnapisec.kaltura.com/p/2935771/sp/293577100/playManifest/entryId/1_dpo9dmtg/protocol/https/format/applehttp/flavorIds/1_iijb6h6i,1_1tnphn54,1_8ry7j0hu,1_1vdb9e6w,1_hac0rjij,1_wzxrb2kd/a.m3u8?uiConfId=50468382&playSessionId=f0627c03-49f6-2d7c-7d1b-bb1de8df68a3:96393406-6328-df04-5025-b43b44d8b7be&referrer=aHR0cHM6Ly93d3cubnZpZGlhLmNvbS9lbi11cy9vbi1kZW1hbmQvc2Vzc2lvbi9ndGMyNS1leHM3NDI1MC8=&clientTag=html5:v7.264","m3u8"
"https://www.nvidia.com/en-us/on-demand/session/gtc25-exs74255/","9:44","https://cdnapisec.kaltura.com/p/2935771/sp/293577100/playManifest/entryId/1_9qxiiju6/protocol/https/format/applehttp/flavorIds/1_yyeno2cc,1_l3rof1k0,1_3z7r4blo,1_0bkcvyak,1_8nsu0mjz,1_clenncs6/a.m3u8?uiConfId=50468382&playSessionId=444e7abe-4ce4-fa06-db5c-7293fbc16633:3d31297b-6683-c84f-9c03-8c4226ce2b39&referrer=aHR0cHM6Ly93d3cubnZpZGlhLmNvbS9lbi11cy9vbi1kZW1hbmQvc2Vzc2lvbi9ndGMyNS1leHM3NDI1NS8=&clientTag=html5:v7.264","m3u8"
"https://www.nvidia.com/en-us/on-demand/session/gtc25-exs74582/","13:39","https://cdnapisec.kaltura.com/p/2935771/sp/293577100/playManifest/entryId/1_aj1c317o/protocol/https/format/applehttp/flavorIds/1_o5vo92pr,1_cpiic7s4,1_h96oeoh2,1_0dt8ukml,1_mfpcdya8/a.m3u8?uiConfId=50468382&playSessionId=5f17f681-7e65-6c6d-6fac-cfabe3aa2203:3cc02021-d692-6b31-6167-0213eb572cf8&referrer=aHR0cHM6Ly93d3cubnZpZGlhLmNvbS9lbi11cy9vbi1kZW1hbmQvc2Vzc2lvbi9ndGMyNS1leHM3NDU4Mi8=&clientTag=html5:v7.264","m3u8"
"https://www.nvidia.com/en-us/on-demand/session/gtc25-s72876/","44:08:00","https://cdnapisec.kaltura.com/p/2935771/sp/293577100/playManifest/entryId/1_a2vkeuu8/protocol/https/format/applehttp/flavorIds/1_b4tqlvc6,1_97dy8jxw,1_i1lwg2cw/a.m3u8?uiConfId=50468382&playSessionId=b91fce71-d569-9db2-57dc-187d214323e3:65e70526-b159-9e08-914d-1b517660530e&referrer=aHR0cHM6Ly93d3cubnZpZGlhLmNvbS9lbi11cy9vbi1kZW1hbmQvc2Vzc2lvbi9ndGMyNS1zNzI4NzYv&clientTag=html5:v7.264","m3u8"
"https://www.nvidia.com/en-us/on-demand/session/gtc25-s72884/","38:29:00","https://cdnapisec.kaltura.com/p/2935771/sp/293577100/playManifest/entryId/1_10evfgqj/protocol/https/format/applehttp/flavorIds/1_ohbouf05,1_gx71qxd2,1_tc45vb8p,1_60gh8yvj,1_v7pozc0n/a.m3u8?uiConfId=50468382&playSessionId=bd8f02a4-ad94-b700-5fd6-4e0f258d9881:e090dd56-bdce-fd64-91f7-21723f814bce&referrer=aHR0cHM6Ly93d3cubnZpZGlhLmNvbS9lbi11cy9vbi1kZW1hbmQvc2Vzc2lvbi9ndGMyNS1zNzI4ODQv&clientTag=html5:v7.264","m3u8"
"https://www.nvidia.com/en-us/on-demand/session/gtc25-s73878/","1:02:26","https://cdnapisec.kaltura.com/p/2935771/sp/293577100/playManifest/entryId/1_yb4y4ekx/protocol/https/format/applehttp/flavorIds/1_da9yyow0,1_yhelnfwb,1_ytr8gkfb,1_xqpf0i14,1_5y0pwmfr,1_ax72a2dz/a.m3u8?uiConfId=50468382&playSessionId=d373882d-9ab8-3dac-db43-f62d8e351572:1f2b9ee7-f73c-f5b5-c0d7-14a89a977b8b&referrer=aHR0cHM6Ly93d3cubnZpZGlhLmNvbS9lbi11cy9vbi1kZW1hbmQvc2Vzc2lvbi9ndGMyNS1zNzM4Nzgv&clientTag=html5:v7.264","m3u8"
"https://www.nvidia.com/en-us/on-demand/session/gtc25-s73122/","1:02:27","https://cdnapisec.kaltura.com/p/2935771/sp/293577100/playManifest/entryId/1_oraoy48c/protocol/https/format/applehttp/flavorIds/1_2fgmd20v,1_72hkqagk,1_zlyklabm,1_07anxer3,1_rwjt1k0q/a.m3u8?uiConfId=50468382&playSessionId=540725d3-0984-e6ae-adc3-37186803f749:3535bb3e-1544-9171-6c48-03999e983a93&referrer=aHR0cHM6Ly93d3cubnZpZGlhLmNvbS9lbi11cy9vbi1kZW1hbmQvc2Vzc2lvbi9ndGMyNS1zNzMxMjIv&clientTag=html5:v7.264","m3u8"
"https://www.nvidia.com/en-us/on-demand/session/gtc25-s73202/","42:58:00","https://cdnapisec.kaltura.com/p/2935771/sp/293577100/playManifest/entryId/1_7qb5abp3/protocol/https/format/applehttp/flavorIds/1_6rs2oqqo,1_w6owyomu,1_yh47uexo,1_ftadicfq,1_nae8rute/a.m3u8?uiConfId=50468382&playSessionId=a8c46cf7-3ed1-4ce2-41f0-b5d1ea63a40d:c9a6f3cf-03cc-5774-b34e-a94c2934c127&referrer=aHR0cHM6Ly93d3cubnZpZGlhLmNvbS9lbi11cy9vbi1kZW1hbmQvc2Vzc2lvbi9ndGMyNS1zNzMyMDIv&clientTag=html5:v7.264","m3u8"
"https://www.nvidia.com/en-us/on-demand/session/gtc25-s74601/","38:11:00","https://cdnapisec.kaltura.com/p/2935771/sp/293577100/playManifest/entryId/1_chhhlwtg/protocol/https/format/applehttp/flavorIds/1_696w13z9,1_t9usxgub,1_yw3murl3,1_p5rsmnej,1_uifnvjc7/a.m3u8?uiConfId=50468382&playSessionId=7a800891-600d-470c-f61b-bfcb5e53995b:cbc04911-2272-2b1f-890e-68e93f730f70&referrer=aHR0cHM6Ly93d3cubnZpZGlhLmNvbS9lbi11cy9vbi1kZW1hbmQvc2Vzc2lvbi9ndGMyNS1zNzQ2MDEv&clientTag=html5:v7.264","m3u8"
"https://www.nvidia.com/en-us/on-demand/session/gtc25-exs74321/","7:11","https://cdnapisec.kaltura.com/p/2935771/sp/293577100/playManifest/entryId/1_t3vre7w2/protocol/https/format/applehttp/flavorIds/1_ndb389tj,1_sp4js4jr,1_2jj9xevm,1_d06fr6o6,1_pmmdwqwp/a.m3u8?uiConfId=50468382&playSessionId=ba2bc0f1-636d-b65c-4baf-9e6528e122a8:24c52f38-b525-1718-3b8f-4ade35105051&referrer=aHR0cHM6Ly93d3cubnZpZGlhLmNvbS9lbi11cy9vbi1kZW1hbmQvc2Vzc2lvbi9ndGMyNS1leHM3NDMyMS8=&clientTag=html5:v7.264","m3u8"
"https://www.nvidia.com/en-us/on-demand/session/gtc25-s71145/","59:13:00","https://cdnapisec.kaltura.com/p/2935771/sp/293577100/playManifest/entryId/1_a9s6h083/protocol/https/format/applehttp/flavorIds/1_admzlucu,1_g08vezsb,1_er98pa22,1_uhuy1kxx,1_63mwje07,1_78cko9ez/a.m3u8?uiConfId=50468382&playSessionId=46655818-182d-ec94-07a3-d6a73f590dcc:b4e041be-f4fd-bca9-8de2-dc952dab7514&referrer=aHR0cHM6Ly93d3cubnZpZGlhLmNvbS9lbi11cy9vbi1kZW1hbmQvc2Vzc2lvbi9ndGMyNS1zNzExNDUv&clientTag=html5:v7.264","m3u8"
"https://www.nvidia.com/en-us/on-demand/session/gtc25-s71286/","35:35:00","https://cdnapisec.kaltura.com/p/2935771/sp/293577100/playManifest/entryId/1_li1vhbde/protocol/https/format/applehttp/flavorIds/1_5j0yxxkz,1_wirwsrln,1_2zy1i2zv,1_483hxq5t/a.m3u8?uiConfId=50468382&playSessionId=812dd7f3-af77-7947-b60c-5be99e525c42:729f200a-e116-1020-3304-e714d63a7922&referrer=aHR0cHM6Ly93d3cubnZpZGlhLmNvbS9lbi11cy9vbi1kZW1hbmQvc2Vzc2lvbi9ndGMyNS1zNzEyODYv&clientTag=html5:v7.264","m3u8"
"https://www.nvidia.com/en-us/on-demand/session/gtc25-exs74584/","11:07","https://cdnapisec.kaltura.com/p/2935771/sp/293577100/playManifest/entryId/1_tiwvywds/protocol/https/format/applehttp/flavorIds/1_c1yx7k9z,1_vgvvnyzw,1_bzm18l1s/a.m3u8?uiConfId=50468382&playSessionId=b02c5d3c-e3ae-85bf-c2e9-bda7b20b16b3:31f362f8-c10a-9d36-9799-35b551fc9761&referrer=aHR0cHM6Ly93d3cubnZpZGlhLmNvbS9lbi11cy9vbi1kZW1hbmQvc2Vzc2lvbi9ndGMyNS1leHM3NDU4NC8=&clientTag=html5:v7.264","m3u8"
"https://www.nvidia.com/en-us/on-demand/session/gtc25-s72318/","37:53:00","https://cdnapisec.kaltura.com/p/2935771/sp/293577100/playManifest/entryId/1_e1iae5ay/protocol/https/format/applehttp/flavorIds/1_cox9xhdi,1_ns251srm,1_detuz1eu,1_lnpchru4,1_omgwr8oo/a.m3u8?uiConfId=50468382&playSessionId=879f5ad5-2c53-75dc-2f22-2fc8fa790a76:fa5c43fc-3b49-d302-c47f-7c49bedc6b11&referrer=aHR0cHM6Ly93d3cubnZpZGlhLmNvbS9lbi11cy9vbi1kZW1hbmQvc2Vzc2lvbi9ndGMyNS1zNzIzMTgv&clientTag=html5:v7.264","m3u8"
"https://www.nvidia.com/en-us/on-demand/session/gtc25-s72574/","46:21:00","https://cdnapisec.kaltura.com/p/2935771/sp/293577100/playManifest/entryId/1_swbt1unv/protocol/https/format/applehttp/flavorIds/1_z8bq5oyl,1_1fzi7fj1,1_w66626y5/a.m3u8?uiConfId=50468382&playSessionId=20da75f7-13a9-1ad6-96b1-045f0bdf68f5:cbf1d710-4132-a5b7-0d62-d26d42e6745d&referrer=aHR0cHM6Ly93d3cubnZpZGlhLmNvbS9lbi11cy9vbi1kZW1hbmQvc2Vzc2lvbi9ndGMyNS1zNzI1NzQv&clientTag=html5:v7.264","m3u8"
"https://www.nvidia.com/en-us/on-demand/session/gtc25-s72602/","44:00:00","https://cdnapisec.kaltura.com/p/2935771/sp/293577100/playManifest/entryId/1_82danx9t/protocol/https/format/applehttp/flavorIds/1_jd64kq2g,1_mr7oawlz,1_iwvxe58o,1_1n7qd2n5,1_wxss94sl/a.m3u8?uiConfId=50468382&playSessionId=91cf99fc-199e-23eb-8687-5b8256b311e8:4a9dd51e-415a-4958-ddfe-8a34ae201e64&referrer=aHR0cHM6Ly93d3cubnZpZGlhLmNvbS9lbi11cy9vbi1kZW1hbmQvc2Vzc2lvbi9ndGMyNS1zNzI2MDIv&clientTag=html5:v7.264","m3u8"
"https://www.nvidia.com/en-us/on-demand/session/gtc25-s72681/","56:02:00","https://cdnapisec.kaltura.com/p/2935771/sp/293577100/playManifest/entryId/1_y9h2ujz5/protocol/https/format/applehttp/flavorIds/1_gup3arsw,1_bzlwiqi9,1_khgii8vw,1_6htwd4hb,1_bu4863x8,1_2i5pg4qj/a.m3u8?uiConfId=50468382&playSessionId=d7525fad-9459-656b-95b8-136df9661740:cd462612-80e9-119f-d935-c0f0e3d80651&referrer=aHR0cHM6Ly93d3cubnZpZGlhLmNvbS9lbi11cy9vbi1kZW1hbmQvc2Vzc2lvbi9ndGMyNS1zNzI2ODEv&clientTag=html5:v7.264","m3u8"
"https://www.nvidia.com/en-us/on-demand/session/gtc25-s72711/","42:24:00","https://cdnapisec.kaltura.com/p/2935771/sp/293577100/playManifest/entryId/1_wtkrzsam/protocol/https/format/applehttp/flavorIds/1_9n99zbot,1_xpepqc3b,1_2im2z4wg,1_0kflr0rf/a.m3u8?uiConfId=50468382&playSessionId=a6dfc20e-0a41-6149-1d62-29c1f112b2e3:7211a856-d140-f9e9-83f0-38fd6629ab4a&referrer=aHR0cHM6Ly93d3cubnZpZGlhLmNvbS9lbi11cy9vbi1kZW1hbmQvc2Vzc2lvbi9ndGMyNS1zNzI3MTEv&clientTag=html5:v7.264","m3u8"
"https://www.nvidia.com/en-us/on-demand/session/gtc25-s73304/","39:48:00","https://cdnapisec.kaltura.com/p/2935771/sp/293577100/playManifest/entryId/1_v58rwo9u/protocol/https/format/applehttp/flavorIds/1_dv4pnr99,1_6wd4z79e,1_d969hui0,1_871hapul,1_s526flaa/a.m3u8?uiConfId=50468382&playSessionId=690f314f-47ec-9282-dcc1-3afcb39c0283:898f9793-c8e5-cb2e-c023-7067c7689c73&referrer=aHR0cHM6Ly93d3cubnZpZGlhLmNvbS9lbi11cy9vbi1kZW1hbmQvc2Vzc2lvbi9ndGMyNS1zNzMzMDQv&clientTag=html5:v7.264","m3u8"
"https://www.nvidia.com/en-us/on-demand/session/gtc25-s73306/","38:35:00","https://cdnapisec.kaltura.com/p/2935771/sp/293577100/playManifest/entryId/1_o1rqyvzc/protocol/https/format/applehttp/flavorIds/1_rp57bbpc,1_8ctnpk3q,1_3c0xo0iv,1_708m0b23/a.m3u8?uiConfId=50468382&playSessionId=85052e36-5be9-3e6e-ec90-e80fec3a8a7b:069d2cde-5867-8663-537c-ca60baeeecd2&referrer=aHR0cHM6Ly93d3cubnZpZGlhLmNvbS9lbi11cy9vbi1kZW1hbmQvc2Vzc2lvbi9ndGMyNS1zNzMzMDYv&clientTag=html5:v7.264","m3u8"
"https://www.nvidia.com/en-us/on-demand/session/gtc25-s73707/","43:32:00","https://cdnapisec.kaltura.com/p/2935771/sp/293577100/playManifest/entryId/1_9ulo9p7l/protocol/https/format/applehttp/flavorIds/1_n3y0ttav,1_1s68qmu0,1_03g1bbxt,1_qgi5o3ja/a.m3u8?uiConfId=50468382&playSessionId=4b4494b4-ae73-c20e-2faa-80cd4152c46c:66790c7c-95a0-7175-e946-eb8b95183905&referrer=aHR0cHM6Ly93d3cubnZpZGlhLmNvbS9lbi11cy9vbi1kZW1hbmQvc2Vzc2lvbi9ndGMyNS1zNzM3MDcv&clientTag=html5:v7.264","m3u8"
"https://www.nvidia.com/en-us/on-demand/session/gtc25-exs74302/","10:41","https://cdnapisec.kaltura.com/p/2935771/sp/293577100/playManifest/entryId/1_izzzv9x6/protocol/https/format/applehttp/flavorIds/1_jduu7jms,1_4n3icove,1_jud0wysv,1_cz8la9c6/a.m3u8?uiConfId=50468382&playSessionId=62360a2a-2740-2b48-cc6a-f3b6ecf7d809:46bbb9e1-d6d7-96c3-ee14-0ab67a7f31d6&referrer=aHR0cHM6Ly93d3cubnZpZGlhLmNvbS9lbi11cy9vbi1kZW1hbmQvc2Vzc2lvbi9ndGMyNS1leHM3NDMwMi8=&clientTag=html5:v7.264","m3u8"
"https://www.nvidia.com/en-us/on-demand/session/gtc25-exs74466/","14:27","https://cdnapisec.kaltura.com/p/2935771/sp/293577100/playManifest/entryId/1_y7d86643/protocol/https/format/applehttp/flavorIds/1_g5nwf2rg,1_87ylp642,1_cb3gxbxp,1_iyu0yu7t,1_zwrk93nd,1_8ap811km/a.m3u8?uiConfId=50468382&playSessionId=63ec6f82-514f-00c0-5084-5a0bf36fe638:e223e367-9f25-6b0e-f900-631bc0118ac1&referrer=aHR0cHM6Ly93d3cubnZpZGlhLmNvbS9lbi11cy9vbi1kZW1hbmQvc2Vzc2lvbi9ndGMyNS1leHM3NDQ2Ni8=&clientTag=html5:v7.264","m3u8"
"https://www.nvidia.com/en-us/on-demand/session/gtc25-exs74285/","15:39","https://cdnapisec.kaltura.com/p/2935771/sp/293577100/playManifest/entryId/1_xhgrgv6c/protocol/https/format/applehttp/flavorIds/1_57gexgkz,1_s762ets8,1_dmfdi107,1_9es0rnju,1_b16gmc53,1_tu9ms3sb/a.m3u8?uiConfId=50468382&playSessionId=f5c73f16-f0ce-fcc1-4ce8-4d6921296ac6:ef60c68a-dd8a-7316-6fb4-4a2ee5bf82a8&referrer=aHR0cHM6Ly93d3cubnZpZGlhLmNvbS9lbi11cy9vbi1kZW1hbmQvc2Vzc2lvbi9ndGMyNS1leHM3NDI4NS8=&clientTag=html5:v7.264","m3u8"
"https://www.nvidia.com/en-us/on-demand/session/gtc25-exs74359/","13:20","https://cdnapisec.kaltura.com/p/2935771/sp/293577100/playManifest/entryId/1_h76zzdmw/protocol/https/format/applehttp/flavorIds/1_j6f21f0o,1_nqv14ix4,1_1dmr72vo,1_p0n0rq2k,1_y8uf21zu,1_f6lzzg7a/a.m3u8?uiConfId=50468382&playSessionId=76a74bb4-c16f-ee3a-40a4-cc0c7191c12c:1f56f69d-b3d2-b866-f07b-4b45e2d7e0cf&referrer=aHR0cHM6Ly93d3cubnZpZGlhLmNvbS9lbi11cy9vbi1kZW1hbmQvc2Vzc2lvbi9ndGMyNS1leHM3NDM1OS8=&clientTag=html5:v7.264","m3u8"
"https://www.nvidia.com/en-us/on-demand/session/gtc25-dlit71528/","1:27:34","https://cdnapisec.kaltura.com/p/2935771/sp/293577100/playManifest/entryId/1_hxz09eq6/protocol/https/format/applehttp/flavorIds/1_kg1eykj8,1_sjssuxv2,1_8u33132e,1_jrblod8s,1_mubz0740/a.m3u8?uiConfId=50468382&playSessionId=515c8b2a-0e95-0a7c-1051-b82a17f1661b:cbeb7a7e-339e-07d3-c182-e8449533627d&referrer=aHR0cHM6Ly93d3cubnZpZGlhLmNvbS9lbi11cy9vbi1kZW1hbmQvc2Vzc2lvbi9ndGMyNS1kbGl0NzE1Mjgv&clientTag=html5:v7.264","m3u8"
"https://www.nvidia.com/en-us/on-demand/session/gtc25-s71487/","36:40:00","https://cdnapisec.kaltura.com/p/2935771/sp/293577100/playManifest/entryId/1_cno4dvky/protocol/https/format/applehttp/flavorIds/1_spp3x6zz,1_1ckxz9sa,1_bck22bjz,1_alnoephh,1_c2fk3cef/a.m3u8?uiConfId=50468382&playSessionId=2609ffa7-ec22-b083-314d-295e7cda73ba:f005526a-54b3-2a7d-491e-4dd08a01ea5d&referrer=aHR0cHM6Ly93d3cubnZpZGlhLmNvbS9lbi11cy9vbi1kZW1hbmQvc2Vzc2lvbi9ndGMyNS1zNzE0ODcv&clientTag=html5:v7.264","m3u8"
"https://www.nvidia.com/en-us/on-demand/session/gtc25-s72856/","36:06:00","https://cdnapisec.kaltura.com/p/2935771/sp/293577100/playManifest/entryId/1_f6pjyh7p/protocol/https/format/applehttp/flavorIds/1_actur2ln,1_4xfforxl,1_cxjemk3h,1_lhpgl7ha,1_mtdpu5vx,1_x7fdfxp4/a.m3u8?uiConfId=50468382&playSessionId=4bcf6fff-f3bf-cdf3-0a6c-c3612fbf6a89:6045e96b-07b1-1423-5991-de12411d019d&referrer=aHR0cHM6Ly93d3cubnZpZGlhLmNvbS9lbi11cy9vbi1kZW1hbmQvc2Vzc2lvbi9ndGMyNS1zNzI4NTYv&clientTag=html5:v7.264","m3u8"
"https://www.nvidia.com/en-us/on-demand/session/gtc25-s73743/","37:46:00","https://cdnapisec.kaltura.com/p/2935771/sp/293577100/playManifest/entryId/1_9z1uv8il/protocol/https/format/applehttp/flavorIds/1_5mkd4km9,1_mz731sll,1_m45mm1qe,1_xhv5wzqm/a.m3u8?uiConfId=50468382&playSessionId=bce441f7-cd21-1c1c-3afc-f2b8664ecf4d:cec42661-80b1-d5e4-a202-548f1b01ee74&referrer=aHR0cHM6Ly93d3cubnZpZGlhLmNvbS9lbi11cy9vbi1kZW1hbmQvc2Vzc2lvbi9ndGMyNS1zNzM3NDMv&clientTag=html5:v7.264","m3u8"
"https://www.nvidia.com/en-us/on-demand/session/gtc25-s73872/","38:15:00","https://cdnapisec.kaltura.com/p/2935771/sp/293577100/playManifest/entryId/1_tfke4zxu/protocol/https/format/applehttp/flavorIds/1_jox1x7xu,1_gqgrpy9p,1_vq2t89j4,1_itlwifty/a.m3u8?uiConfId=50468382&playSessionId=654595e7-35c5-b7ec-5cf5-08941bd6391e:76e9e033-668e-a378-546a-d190225d3911&referrer=aHR0cHM6Ly93d3cubnZpZGlhLmNvbS9lbi11cy9vbi1kZW1hbmQvc2Vzc2lvbi9ndGMyNS1zNzM4NzIv&clientTag=html5:v7.264","m3u8"
"https://www.nvidia.com/en-us/on-demand/session/gtc25-dlit71194/","46:41:00","https://cdnapisec.kaltura.com/p/2935771/sp/293577100/playManifest/entryId/1_ct68tmbi/protocol/https/format/applehttp/flavorIds/1_25e9r8tn,1_ck1dmpv3,1_m9cinbmo,1_3ihqu5ar,1_gtni8bk0/a.m3u8?uiConfId=50468382&playSessionId=f4d9dad7-31e4-732f-dc6f-3ed9f9fd2818:e886b50d-c327-3cd9-9fa5-2c7e174d1595&referrer=aHR0cHM6Ly93d3cubnZpZGlhLmNvbS9lbi11cy9vbi1kZW1hbmQvc2Vzc2lvbi9ndGMyNS1kbGl0NzExOTQv&clientTag=html5:v7.264","m3u8"
"https://www.nvidia.com/en-us/on-demand/session/gtc25-dlit71336/","1:29:34","https://cdnapisec.kaltura.com/p/2935771/sp/293577100/playManifest/entryId/1_xalub64y/protocol/https/format/applehttp/flavorIds/1_14l5ezh2,1_rkqex2j9,1_t5l2l108,1_pxw988lr,1_amx8gbm7/a.m3u8?uiConfId=50468382&playSessionId=d05810a0-721f-1c78-3c7f-26f8f9079d44:0cc3c242-883e-bc0c-533e-7c040d0f4f60&referrer=aHR0cHM6Ly93d3cubnZpZGlhLmNvbS9lbi11cy9vbi1kZW1hbmQvc2Vzc2lvbi9ndGMyNS1kbGl0NzEzMzYv&clientTag=html5:v7.264","m3u8"
"https://www.nvidia.com/en-us/on-demand/session/gtc25-s73711/","42:50:00","https://cdnapisec.kaltura.com/p/2935771/sp/293577100/playManifest/entryId/1_xgxgclyh/protocol/https/format/applehttp/flavorIds/1_9hecuvcv,1_t3v9p3cj,1_scx9ugc0,1_kf031vw9,1_xpwctexy,1_dtj8fet3/a.m3u8?uiConfId=50468382&playSessionId=236879e2-5376-0cb2-9fcb-f444b9982515:fe7ad80a-5dfe-ec3b-3cff-51f13ad6e320&referrer=aHR0cHM6Ly93d3cubnZpZGlhLmNvbS9lbi11cy9vbi1kZW1hbmQvc2Vzc2lvbi9ndGMyNS1zNzM3MTEv&clientTag=html5:v7.264","m3u8"
"https://www.nvidia.com/en-us/on-demand/session/gtc25-s74424/","37:33:00","https://cdnapisec.kaltura.com/p/2935771/sp/293577100/playManifest/entryId/1_2wdr6knv/protocol/https/format/applehttp/flavorIds/1_xgcz7mzt,1_48dpgnsn,1_3pncoc2l/a.m3u8?uiConfId=50468382&playSessionId=31996207-4b96-ba2e-2792-43314140f12c:e60fb747-9b6c-34b9-6baf-f8f5966bc9fc&referrer=aHR0cHM6Ly93d3cubnZpZGlhLmNvbS9lbi11cy9vbi1kZW1hbmQvc2Vzc2lvbi9ndGMyNS1zNzQ0MjQv&clientTag=html5:v7.264","m3u8"
"https://www.nvidia.com/en-us/on-demand/session/gtc25-s74429/","37:53:00","https://cdnapisec.kaltura.com/p/2935771/sp/293577100/playManifest/entryId/1_zutsdzw6/protocol/https/format/applehttp/flavorIds/1_rgcyg36q,1_ei0wtzmi,1_2hpt1ujl,1_tnhwtope,1_dj5ch0o6,1_nawn8ze2/a.m3u8?uiConfId=50468382&playSessionId=1756a4d1-468b-dcf5-8cc7-a4d5ef553ad0:e2f8c1eb-66eb-da4e-24e3-804e2f2cdf78&referrer=aHR0cHM6Ly93d3cubnZpZGlhLmNvbS9lbi11cy9vbi1kZW1hbmQvc2Vzc2lvbi9ndGMyNS1zNzQ0Mjkv&clientTag=html5:v7.264","m3u8"
"https://www.nvidia.com/en-us/on-demand/session/gtc25-s74473/","32:32:00","https://cdnapisec.kaltura.com/p/2935771/sp/293577100/playManifest/entryId/1_82va9boq/protocol/https/format/applehttp/flavorIds/1_ewy0gw21,1_vy2n8bpo,1_d94fuql9,1_dbmfrs9o,1_hjgmhskj/a.m3u8?uiConfId=50468382&playSessionId=14393455-7741-6a2c-eff0-4c44ca2baf25:c9ca31e0-3f90-a2d2-66dc-49754f7461f4&referrer=aHR0cHM6Ly93d3cubnZpZGlhLmNvbS9lbi11cy9vbi1kZW1hbmQvc2Vzc2lvbi9ndGMyNS1zNzQ0NzMv&clientTag=html5:v7.264","m3u8"
"https://www.nvidia.com/en-us/on-demand/session/gtc25-s74475/","42:53:00","https://cdnapisec.kaltura.com/p/2935771/sp/293577100/playManifest/entryId/1_9tjv2ij0/protocol/https/format/applehttp/flavorIds/1_h5hxsspr,1_48oaaknv,1_69cevbwt,1_wqq4xhqk/a.m3u8?uiConfId=50468382&playSessionId=38648c2c-1044-8bdd-b117-47a9cb379128:79040340-d774-b87b-90b6-d46f0c0231be&referrer=aHR0cHM6Ly93d3cubnZpZGlhLmNvbS9lbi11cy9vbi1kZW1hbmQvc2Vzc2lvbi9ndGMyNS1zNzQ0NzUv&clientTag=html5:v7.264","m3u8"
"https://www.nvidia.com/en-us/on-demand/session/gtc25-s74745/","46:08:00","https://cdnapisec.kaltura.com/p/2935771/sp/293577100/playManifest/entryId/1_1hcp803x/protocol/https/format/applehttp/flavorIds/1_7k9yl7qz,1_xs9y4jrf,1_3a3lrxry,1_q2l72tlw,1_lyhfzc9f/a.m3u8?uiConfId=50468382&playSessionId=fbf0901d-f4f2-56d1-5dba-fcfaaf6978df:c0bfe054-0f61-544e-f13d-bc69cc12eb53&referrer=aHR0cHM6Ly93d3cubnZpZGlhLmNvbS9lbi11cy9vbi1kZW1hbmQvc2Vzc2lvbi9ndGMyNS1zNzQ3NDUv&clientTag=html5:v7.264","m3u8"
"https://www.nvidia.com/en-us/on-demand/session/gtc25-exs74203/","11:39","https://cdnapisec.kaltura.com/p/2935771/sp/293577100/playManifest/entryId/1_ycu8o145/protocol/https/format/applehttp/flavorIds/1_n706glfx,1_h69u3fqg,1_5xrn4ml7,1_f81kin87/a.m3u8?uiConfId=50468382&playSessionId=56fc8196-ad62-8d08-f264-0d5673d01501:2cf09a65-9567-6100-0cc4-a5c61f7c4ef7&referrer=aHR0cHM6Ly93d3cubnZpZGlhLmNvbS9lbi11cy9vbi1kZW1hbmQvc2Vzc2lvbi9ndGMyNS1leHM3NDIwMy8=&clientTag=html5:v7.264","m3u8"
"https://www.nvidia.com/en-us/on-demand/session/gtc25-exs74242/","13:58","https://cdnapisec.kaltura.com/p/2935771/sp/293577100/playManifest/entryId/1_ui1o7kvn/protocol/https/format/applehttp/flavorIds/1_l2afc3sz,1_gzemkf0l/a.m3u8?uiConfId=50468382&playSessionId=0afb4764-5fbb-6a07-a7eb-ead0697be019:7d4d7d3c-ee39-badf-922a-eee91c2004f1&referrer=aHR0cHM6Ly93d3cubnZpZGlhLmNvbS9lbi11cy9vbi1kZW1hbmQvc2Vzc2lvbi9ndGMyNS1leHM3NDI0Mi8=&clientTag=html5:v7.264","m3u8"
"https://www.nvidia.com/en-us/on-demand/session/gtc25-s72330/","42:45:00","https://cdnapisec.kaltura.com/p/2935771/sp/293577100/playManifest/entryId/1_m8862qhl/protocol/https/format/applehttp/flavorIds/1_syzxr451,1_wc893ri0,1_iim7vdgw,1_jo55379w,1_9p7k8gh6/a.m3u8?uiConfId=50468382&playSessionId=cfc26374-98aa-f011-bb41-952ad52c971c:f4911d58-b4c1-7526-fa38-d1068eeb163d&referrer=aHR0cHM6Ly93d3cubnZpZGlhLmNvbS9lbi11cy9vbi1kZW1hbmQvc2Vzc2lvbi9ndGMyNS1zNzIzMzAv&clientTag=html5:v7.264","m3u8"
"https://www.nvidia.com/en-us/on-demand/session/gtc25-s72357/","38:24:00","https://cdnapisec.kaltura.com/p/2935771/sp/293577100/playManifest/entryId/1_p3g7r40b/protocol/https/format/applehttp/flavorIds/1_36dkmbes,1_gobs4i7y,1_5tbwiyh1,1_b419q216,1_cyfa5nfg/a.m3u8?uiConfId=50468382&playSessionId=86d95707-353f-5e50-e964-9b3c4b3f2282:babf86ff-4747-f51d-9cda-f9963b6fa9e4&referrer=aHR0cHM6Ly93d3cubnZpZGlhLmNvbS9lbi11cy9vbi1kZW1hbmQvc2Vzc2lvbi9ndGMyNS1zNzIzNTcv&clientTag=html5:v7.264","m3u8"
"https://www.nvidia.com/en-us/on-demand/session/gtc25-s72654/","36:01:00","https://cdnapisec.kaltura.com/p/2935771/sp/293577100/playManifest/entryId/1_1ajmvm5p/protocol/https/format/applehttp/flavorIds/1_0lwiay9b,1_dfyvdxlt,1_8t3s4f7b,1_k1yimfeh,1_nm9w8soc/a.m3u8?uiConfId=50468382&playSessionId=cbf203ce-f5c3-65e8-4dbb-4f257abe42b6:2e0a6752-9909-d100-bc0f-3dfd2c6493c4&referrer=aHR0cHM6Ly93d3cubnZpZGlhLmNvbS9lbi11cy9vbi1kZW1hbmQvc2Vzc2lvbi9ndGMyNS1zNzI2NTQv&clientTag=html5:v7.264","m3u8"
"https://www.nvidia.com/en-us/on-demand/session/gtc25-s71855/","36:05:00","https://cdnapisec.kaltura.com/p/2935771/sp/293577100/playManifest/entryId/1_vo6fiuus/protocol/https/format/applehttp/flavorIds/1_9cwmel6g,1_i7ucioqn,1_d27ya7d1,1_xj4ztrg7,1_7flj9h29/a.m3u8?uiConfId=50468382&playSessionId=4ab0b912-ed48-51ad-3753-8f8ec34e348f:3a3d2ec6-ab9a-eafd-19ae-2210637e6d49&referrer=aHR0cHM6Ly93d3cubnZpZGlhLmNvbS9lbi11cy9vbi1kZW1hbmQvc2Vzc2lvbi9ndGMyNS1zNzE4NTUv&clientTag=html5:v7.264","m3u8"
"https://www.nvidia.com/en-us/on-demand/session/gtc25-dd73692/","43:54:00","https://cdnapisec.kaltura.com/p/2935771/sp/293577100/playManifest/entryId/1_iu1kk71f/protocol/https/format/applehttp/flavorIds/1_z603mxap,1_7kmql488,1_gyn8ebcn,1_hq9fv1pr,1_ppw3no95/a.m3u8?uiConfId=50468382&playSessionId=0c83e71e-a154-b16c-6a89-c391e07e179f:e8c37101-c1c3-0af8-a767-d3e02b73bbf6&referrer=aHR0cHM6Ly93d3cubnZpZGlhLmNvbS9lbi11cy9vbi1kZW1hbmQvc2Vzc2lvbi9ndGMyNS1kZDczNjkyLw==&clientTag=html5:v7.264","m3u8"
"https://www.nvidia.com/en-us/on-demand/session/gtc25-s73451/","55:17:00","https://cdnapisec.kaltura.com/p/2935771/sp/293577100/playManifest/entryId/1_d7wh7zvh/protocol/https/format/applehttp/flavorIds/1_01xiqjug,1_g324x3wg,1_xx8ala4u,1_ajazxyr8,1_4a8rg21l,1_5twtu4ma/a.m3u8?uiConfId=50468382&playSessionId=fa9d54b1-d545-0e78-9812-07761be702dc:9488b754-3d66-1508-30d0-393bb318cdc9&referrer=aHR0cHM6Ly93d3cubnZpZGlhLmNvbS9lbi11cy9vbi1kZW1hbmQvc2Vzc2lvbi9ndGMyNS1zNzM0NTEv&clientTag=html5:v7.264","m3u8"
"https://www.nvidia.com/en-us/on-demand/session/gtc25-exs74246/","12:43","https://cdnapisec.kaltura.com/p/2935771/sp/293577100/playManifest/entryId/1_c04etcjl/protocol/https/format/applehttp/flavorIds/1_bmfsanwp,1_oq1cj5vo,1_i0web8c8,1_rfs51x6d,1_rqpambyb/a.m3u8?uiConfId=50468382&playSessionId=17752cb9-d50f-fba8-0ee8-589e9906ac51:0819e82c-053c-65b9-0c4f-6a1f311df976&referrer=aHR0cHM6Ly93d3cubnZpZGlhLmNvbS9lbi11cy9vbi1kZW1hbmQvc2Vzc2lvbi9ndGMyNS1leHM3NDI0Ni8=&clientTag=html5:v7.264","m3u8"
"https://www.nvidia.com/en-us/on-demand/session/gtc25-exs74330/","15:03","https://cdnapisec.kaltura.com/p/2935771/sp/293577100/playManifest/entryId/1_469z06qe/protocol/https/format/applehttp/flavorIds/1_stvu7w7z,1_aylm2l9s,1_gnl64dwi,1_eglwkz60/a.m3u8?uiConfId=50468382&playSessionId=f1018574-ff76-f9e5-77b9-f8b68d3c6d2a:92659ea6-1612-c956-72bb-1eec12f742fc&referrer=aHR0cHM6Ly93d3cubnZpZGlhLmNvbS9lbi11cy9vbi1kZW1hbmQvc2Vzc2lvbi9ndGMyNS1leHM3NDMzMC8=&clientTag=html5:v7.264","m3u8"
"https://www.nvidia.com/en-us/on-demand/session/gtc25-exs74211/","14:25","https://cdnapisec.kaltura.com/p/2935771/sp/293577100/playManifest/entryId/1_jvnqz68y/protocol/https/format/applehttp/flavorIds/1_a38eb348,1_0ri8f15l,1_p4n1u7l8,1_1fg87177,1_vyzbq5fc,1_52awxpn3/a.m3u8?uiConfId=50468382&playSessionId=e2f3e5ba-cce8-4139-a995-bf8122864765:bd61ba2d-1a9c-d1c6-ceb7-c20493f73e04&referrer=aHR0cHM6Ly93d3cubnZpZGlhLmNvbS9lbi11cy9vbi1kZW1hbmQvc2Vzc2lvbi9ndGMyNS1leHM3NDIxMS8=&clientTag=html5:v7.264","m3u8"
"https://www.nvidia.com/en-us/on-demand/session/gtc25-exs71482/","14:26","https://cdnapisec.kaltura.com/p/2935771/sp/293577100/playManifest/entryId/1_tvx0r43b/protocol/https/format/applehttp/flavorIds/1_n1od2zeh,1_ubc7iuae/a.m3u8?uiConfId=50468382&playSessionId=5eb7b131-fac6-d39d-cabb-ab107c24f75f:bbc2fe5b-e082-fc90-017e-e99cfd4c0eee&referrer=aHR0cHM6Ly93d3cubnZpZGlhLmNvbS9lbi11cy9vbi1kZW1hbmQvc2Vzc2lvbi9ndGMyNS1leHM3MTQ4Mi8=&clientTag=html5:v7.264","m3u8"
"https://www.nvidia.com/en-us/on-demand/session/gtc25-s74258/","41:51:00","https://cdnapisec.kaltura.com/p/2935771/sp/293577100/playManifest/entryId/1_s1xuo2gi/protocol/https/format/applehttp/flavorIds/1_c0f914tr,1_uoqiilta,1_gmmxuqrb/a.m3u8?uiConfId=50468382&playSessionId=a8571b35-ad7a-82b2-1f10-51724393ab1b:65108009-dc97-8439-c460-027fa8d1b0e4&referrer=aHR0cHM6Ly93d3cubnZpZGlhLmNvbS9lbi11cy9vbi1kZW1hbmQvc2Vzc2lvbi9ndGMyNS1zNzQyNTgv&clientTag=html5:v7.264","m3u8"
"https://www.nvidia.com/en-us/on-demand/session/gtc25-s73002/","37:31:00","https://cdnapisec.kaltura.com/p/2935771/sp/293577100/playManifest/entryId/1_p9p676e1/protocol/https/format/applehttp/flavorIds/1_cywge7m3,1_a51etthn,1_9covacsd,1_eacrmnje,1_42oik39q/a.m3u8?uiConfId=50468382&playSessionId=45dd0c3d-4c86-7f91-76b6-6e157fafd5f4:90c75748-933e-0e22-6a0f-7231aee9f350&referrer=aHR0cHM6Ly93d3cubnZpZGlhLmNvbS9lbi11cy9vbi1kZW1hbmQvc2Vzc2lvbi9ndGMyNS1zNzMwMDIv&clientTag=html5:v7.264","m3u8"
"https://www.nvidia.com/en-us/on-demand/session/gtc25-s72844/","39:52:00","https://cdnapisec.kaltura.com/p/2935771/sp/293577100/playManifest/entryId/1_e88kws7r/protocol/https/format/applehttp/flavorIds/1_nxrxw28e,1_70jfivqb,1_r16d9f2l,1_i2mktiin,1_nla89fgz/a.m3u8?uiConfId=50468382&playSessionId=27597cd8-6c4c-1723-cdd1-dc45f8f45a4a:42023784-e043-1ffc-2e8d-76007a64fd85&referrer=aHR0cHM6Ly93d3cubnZpZGlhLmNvbS9lbi11cy9vbi1kZW1hbmQvc2Vzc2lvbi9ndGMyNS1zNzI4NDQv&clientTag=html5:v7.264","m3u8"
"https://www.nvidia.com/en-us/on-demand/session/gtc25-s73208/","53:14:00","https://cdnapisec.kaltura.com/p/2935771/sp/293577100/playManifest/entryId/1_3hdv62ip/protocol/https/format/applehttp/flavorIds/1_0c9lwh2x,1_7400k1kr,1_qeuujqk9,1_x8bashw9,1_62u72rui,1_moblkolg/a.m3u8?uiConfId=50468382&playSessionId=cb56d1ae-0063-938a-e4db-0f4d96f31145:2b5a29ff-a1f4-e7d0-da98-3680e8bd838c&referrer=aHR0cHM6Ly93d3cubnZpZGlhLmNvbS9lbi11cy9vbi1kZW1hbmQvc2Vzc2lvbi9ndGMyNS1zNzMyMDgv&clientTag=html5:v7.264","m3u8"
"https://www.nvidia.com/en-us/on-demand/session/gtc25-s73232/","56:03:00","https://cdnapisec.kaltura.com/p/2935771/sp/293577100/playManifest/entryId/1_3sqhgtn0/protocol/https/format/applehttp/flavorIds/1_d5dc7u0y,1_ez7vqneb,1_kjn9npfm,1_fsgoqh7g,1_t9w0t2fp,1_o5qj03lf/a.m3u8?uiConfId=50468382&playSessionId=3812ea4c-d0ab-4427-ad17-30f69b385e9a:e8baf53a-bb75-1f2e-034c-db022a490ed5&referrer=aHR0cHM6Ly93d3cubnZpZGlhLmNvbS9lbi11cy9vbi1kZW1hbmQvc2Vzc2lvbi9ndGMyNS1zNzMyMzIv&clientTag=html5:v7.264","m3u8"
"https://www.nvidia.com/en-us/on-demand/session/gtc25-s74213/","38:47:00","https://cdnapisec.kaltura.com/p/2935771/sp/293577100/playManifest/entryId/1_qse69gz9/protocol/https/format/applehttp/flavorIds/1_a93umuml,1_173i0obr,1_752mdjvj,1_9hnce7fm,1_2krinfds/a.m3u8?uiConfId=50468382&playSessionId=33cfafe6-81d3-830b-e8da-3f9ba817cfaa:f408702a-8b3d-e6fb-0750-11d3ae75efbc&referrer=aHR0cHM6Ly93d3cubnZpZGlhLmNvbS9lbi11cy9vbi1kZW1hbmQvc2Vzc2lvbi9ndGMyNS1zNzQyMTMv&clientTag=html5:v7.264","m3u8"
"https://www.nvidia.com/en-us/on-demand/session/gtc25-s74479/","38:52:00","https://cdnapisec.kaltura.com/p/2935771/sp/293577100/playManifest/entryId/1_w185c4k4/protocol/https/format/applehttp/flavorIds/1_1nlsb7xf,1_3ppdp41z,1_g2c0n7hl,1_8ipk6as5,1_gmeluj7e/a.m3u8?uiConfId=50468382&playSessionId=22936566-3757-bf8a-1b09-1e06a3676c5d:d463d0f3-1b72-1b2b-8ac2-4b69f6609287&referrer=aHR0cHM6Ly93d3cubnZpZGlhLmNvbS9lbi11cy9vbi1kZW1hbmQvc2Vzc2lvbi9ndGMyNS1zNzQ0Nzkv&clientTag=html5:v7.264","m3u8"
"https://www.nvidia.com/en-us/on-demand/session/gtc25-s74362/","39:16:00","https://cdnapisec.kaltura.com/p/2935771/sp/293577100/playManifest/entryId/1_1dojai4u/protocol/https/format/applehttp/flavorIds/1_zur4sqe6,1_13tfd6ts,1_8f2y2y4t,1_gldjn5w9/a.m3u8?uiConfId=50468382&playSessionId=4b97c38e-4b5f-95a2-a034-927be4f5424a:8b84c6d6-27a2-e564-0fa9-471dd8c60cc2&referrer=aHR0cHM6Ly93d3cubnZpZGlhLmNvbS9lbi11cy9vbi1kZW1hbmQvc2Vzc2lvbi9ndGMyNS1zNzQzNjIv&clientTag=html5:v7.264","m3u8"
"https://www.nvidia.com/en-us/on-demand/session/gtc25-s74744/","1:01:24","https://cdnapisec.kaltura.com/p/2935771/sp/293577100/playManifest/entryId/1_wvvwkodn/protocol/https/format/applehttp/flavorIds/1_pqkz0esq,1_h0ui7ahw,1_6w9mh51c,1_t96blyum,1_a035ywqv/a.m3u8?uiConfId=50468382&playSessionId=ac6e7803-8552-1213-3ef5-0b33752b1920:f2b83a6a-05eb-53e8-a782-f168a2777906&referrer=aHR0cHM6Ly93d3cubnZpZGlhLmNvbS9lbi11cy9vbi1kZW1hbmQvc2Vzc2lvbi9ndGMyNS1zNzQ3NDQv&clientTag=html5:v7.264","m3u8"
"https://www.nvidia.com/en-us/on-demand/session/gtc25-exs74415/","16:27","https://cdnapisec.kaltura.com/p/2935771/sp/293577100/playManifest/entryId/1_blwdaqxd/protocol/https/format/applehttp/flavorIds/1_b8q1r7sm,1_8t3m3dpm,1_b8qdgqdg,1_s6m1qfwz,1_dy7lkok2/a.m3u8?uiConfId=50468382&playSessionId=f5e5e1c5-7f06-07c9-05f5-07074b28b1bd:51c3fc1c-3c39-9470-a630-cbee2eaba665&referrer=aHR0cHM6Ly93d3cubnZpZGlhLmNvbS9lbi11cy9vbi1kZW1hbmQvc2Vzc2lvbi9ndGMyNS1leHM3NDQxNS8=&clientTag=html5:v7.264","m3u8"
"https://www.nvidia.com/en-us/on-demand/session/gtc25-exs74457/","10:44","https://cdnapisec.kaltura.com/p/2935771/sp/293577100/playManifest/entryId/1_946fgdmi/protocol/https/format/applehttp/flavorIds/1_enwmnr13,1_baljoa23,1_bnwg0t7q,1_xggcij7n,1_vuaieerf/a.m3u8?uiConfId=50468382&playSessionId=efb00c63-5513-dca6-0b86-51f420df422c:183bd9e9-84d4-3f1e-ba7a-19da273fec32&referrer=aHR0cHM6Ly93d3cubnZpZGlhLmNvbS9lbi11cy9vbi1kZW1hbmQvc2Vzc2lvbi9ndGMyNS1leHM3NDQ1Ny8=&clientTag=html5:v7.264","m3u8"
"https://www.nvidia.com/en-us/on-demand/session/gtc25-s72529/","47:14:00","https://cdnapisec.kaltura.com/p/2935771/sp/293577100/playManifest/entryId/1_6xv6fnl3/protocol/https/format/applehttp/flavorIds/1_srzoiqt1,1_3b1gb2ew,1_r4d3yyny,1_bxeljxi4,1_klk8oq5u/a.m3u8?uiConfId=50468382&playSessionId=a1bb315d-598f-e18f-228e-1c1bbd317657:c8bc4157-914c-ca18-9af9-9221af1bdd45&referrer=aHR0cHM6Ly93d3cubnZpZGlhLmNvbS9lbi11cy9vbi1kZW1hbmQvc2Vzc2lvbi9ndGMyNS1zNzI1Mjkv&clientTag=html5:v7.264","m3u8"
"https://www.nvidia.com/en-us/on-demand/session/gtc25-s71571/","38:48:00","https://cdnapisec.kaltura.com/p/2935771/sp/293577100/playManifest/entryId/1_6zh3603s/protocol/https/format/applehttp/flavorIds/1_ayqo2h1o,1_jxmjb18t,1_n42jrfch,1_pzzahqid,1_0xz5yllr,1_dgvq83z8/a.m3u8?uiConfId=50468382&playSessionId=1b69be8c-294d-1179-d409-0646f742ac74:bcb91057-c7d8-41ce-a926-b28ae9cfa81f&referrer=aHR0cHM6Ly93d3cubnZpZGlhLmNvbS9lbi11cy9vbi1kZW1hbmQvc2Vzc2lvbi9ndGMyNS1zNzE1NzEv&clientTag=html5:v7.264","m3u8"
"https://www.nvidia.com/en-us/on-demand/session/gtc25-s72599/","43:28:00","https://cdnapisec.kaltura.com/p/2935771/sp/293577100/playManifest/entryId/1_u5ulv65t/protocol/https/format/applehttp/flavorIds/1_0fmet7q1,1_r6lk69pv,1_fyi4hjjk,1_mm6v63sb,1_aapezqbe/a.m3u8?uiConfId=50468382&playSessionId=5f0982bb-2a5e-978e-beb7-6d98ba2c53d8:5a789766-6470-003c-9be9-739a5072d8ab&referrer=aHR0cHM6Ly93d3cubnZpZGlhLmNvbS9lbi11cy9vbi1kZW1hbmQvc2Vzc2lvbi9ndGMyNS1zNzI1OTkv&clientTag=html5:v7.264","m3u8"
"https://www.nvidia.com/en-us/on-demand/session/gtc25-s72608/","36:10:00","https://cdnapisec.kaltura.com/p/2935771/sp/293577100/playManifest/entryId/1_k1kdk7uz/protocol/https/format/applehttp/flavorIds/1_tuen7026,1_mylgrjan,1_k90dutvk,1_xe4w2a5q,1_qvrg0xwp/a.m3u8?uiConfId=50468382&playSessionId=64a82807-9f81-74dc-6323-bed77faff402:1426d6cb-19ba-fc28-2884-34bd705779a2&referrer=aHR0cHM6Ly93d3cubnZpZGlhLmNvbS9lbi11cy9vbi1kZW1hbmQvc2Vzc2lvbi9ndGMyNS1zNzI2MDgv&clientTag=html5:v7.264","m3u8"
"https://www.nvidia.com/en-us/on-demand/session/gtc25-s72653/","46:18:00","https://cdnapisec.kaltura.com/p/2935771/sp/293577100/playManifest/entryId/1_kdzcyi17/protocol/https/format/applehttp/flavorIds/1_k7j629wl,1_s2lrudr6,1_cw4u4a10,1_gp1sse1o,1_e2pumgus,1_fxauqmnh/a.m3u8?uiConfId=50468382&playSessionId=d95add9f-9233-395b-e99a-98488994a25b:78f740ad-da13-a2aa-0928-2a93dd3c5567&referrer=aHR0cHM6Ly93d3cubnZpZGlhLmNvbS9lbi11cy9vbi1kZW1hbmQvc2Vzc2lvbi9ndGMyNS1zNzI2NTMv&clientTag=html5:v7.264","m3u8"
"https://www.nvidia.com/en-us/on-demand/session/gtc25-s72050/","36:58:00","https://cdnapisec.kaltura.com/p/2935771/sp/293577100/playManifest/entryId/1_gbgsipk8/protocol/https/format/applehttp/flavorIds/1_7k5s34ix,1_gg98epnd,1_b88on7v7,1_quoeelk8/a.m3u8?uiConfId=50468382&playSessionId=7da7ed16-7c95-388a-d278-7eccc9c53e61:34e2ae38-88a7-b635-51c2-28e8e795146c&referrer=aHR0cHM6Ly93d3cubnZpZGlhLmNvbS9lbi11cy9vbi1kZW1hbmQvc2Vzc2lvbi9ndGMyNS1zNzIwNTAv&clientTag=html5:v7.264","m3u8"
"https://www.nvidia.com/en-us/on-demand/session/gtc25-s72686/","1:39:44","https://cdnapisec.kaltura.com/p/2935771/sp/293577100/playManifest/entryId/1_yr6qwx6y/protocol/https/format/applehttp/flavorIds/1_65vigwa6,1_hjltrdwf/a.m3u8?uiConfId=50468382&playSessionId=ea1eecff-2cd0-1847-faec-d310d403965d:ec068806-f7b2-2f8c-3bf2-827d45aa3495&referrer=aHR0cHM6Ly93d3cubnZpZGlhLmNvbS9lbi11cy9vbi1kZW1hbmQvc2Vzc2lvbi9ndGMyNS1zNzI2ODYv&clientTag=html5:v7.264","m3u8"
"https://www.nvidia.com/en-us/on-demand/session/gtc25-s72692/","37:12:00","https://cdnapisec.kaltura.com/p/2935771/sp/293577100/playManifest/entryId/1_0e6cwsfb/protocol/https/format/applehttp/flavorIds/1_w4zaqycs,1_0wcma4kz,1_aduhi091,1_oqk5sem9,1_688terl1/a.m3u8?uiConfId=50468382&playSessionId=3e6fb216-e75e-0663-3999-c85a1d667230:caee7d95-e50a-86aa-6645-1380ca2c8249&referrer=aHR0cHM6Ly93d3cubnZpZGlhLmNvbS9lbi11cy9vbi1kZW1hbmQvc2Vzc2lvbi9ndGMyNS1zNzI2OTIv&clientTag=html5:v7.264","m3u8"
"https://www.nvidia.com/en-us/on-demand/session/gtc25-dd73694/","52:18:00","https://cdnapisec.kaltura.com/p/2935771/sp/293577100/playManifest/entryId/1_p4l3wnvj/protocol/https/format/applehttp/flavorIds/1_vz4720te,1_yllgs268,1_ki8y9x1n,1_dyqy2w0g,1_9f2ndxqq/a.m3u8?uiConfId=50468382&playSessionId=0bc0eec3-fa05-7c33-dd8a-ca30af9f24d1:640f694f-3ccc-afc8-defd-6153a740e952&referrer=aHR0cHM6Ly93d3cubnZpZGlhLmNvbS9lbi11cy9vbi1kZW1hbmQvc2Vzc2lvbi9ndGMyNS1kZDczNjk0Lw==&clientTag=html5:v7.264","m3u8"
"https://www.nvidia.com/en-us/on-demand/session/gtc25-dd73695/","46:48:00","https://cdnapisec.kaltura.com/p/2935771/sp/293577100/playManifest/entryId/1_7hn2q3hq/protocol/https/format/applehttp/flavorIds/1_c7gqnemx,1_hkly8x86,1_kisa5xof,1_5vwdkuvi,1_qrvaszr4/a.m3u8?uiConfId=50468382&playSessionId=7ee740b0-822e-99d4-7152-38af47c5ea8e:87e29227-bcdb-4897-dce5-e7c748bb9b55&referrer=aHR0cHM6Ly93d3cubnZpZGlhLmNvbS9lbi11cy9vbi1kZW1hbmQvc2Vzc2lvbi9ndGMyNS1kZDczNjk1Lw==&clientTag=html5:v7.264","m3u8"
"https://www.nvidia.com/en-us/on-demand/session/gtc25-s73303/","41:09:00","https://cdnapisec.kaltura.com/p/2935771/sp/293577100/playManifest/entryId/1_bn5owm18/protocol/https/format/applehttp/flavorIds/1_jjxct72x,1_dc2oqi7s,1_4r64xska/a.m3u8?uiConfId=50468382&playSessionId=05089dcd-4bc7-c950-3bec-ade7e2f0a7e1:8649e3a1-eb02-01e6-c65c-fc7652f9d304&referrer=aHR0cHM6Ly93d3cubnZpZGlhLmNvbS9lbi11cy9vbi1kZW1hbmQvc2Vzc2lvbi9ndGMyNS1zNzMzMDMv&clientTag=html5:v7.264","m3u8"
"https://www.nvidia.com/en-us/on-demand/session/gtc25-s71353/","50:55:00","https://cdnapisec.kaltura.com/p/2935771/sp/293577100/playManifest/entryId/1_85aljqoi/protocol/https/format/applehttp/flavorIds/1_d5v6imlv,1_zwlvjmqg,1_jamvwiam,1_tw2cagf7,1_5o0n65rl/a.m3u8?uiConfId=50468382&playSessionId=1df3aa3b-b232-5a03-ac85-1f2f41a7790a:9c9caa7f-60e8-d292-163d-5260dd9824fc&referrer=aHR0cHM6Ly93d3cubnZpZGlhLmNvbS9lbi11cy9vbi1kZW1hbmQvc2Vzc2lvbi9ndGMyNS1zNzEzNTMv&clientTag=html5:v7.264","m3u8"
"https://www.nvidia.com/en-us/on-demand/session/gtc25-s72571/","46:36:00","https://cdnapisec.kaltura.com/p/2935771/sp/293577100/playManifest/entryId/1_e8dz7e4v/protocol/https/format/applehttp/flavorIds/1_spvf9nzs,1_83yzpchn,1_vib7mwnw,1_ua6efp0w,1_wh4rfwm8/a.m3u8?uiConfId=50468382&playSessionId=b14f1907-8f2a-f268-2f97-276c507ee092:13662e57-44e0-1e5b-cd83-f572421c762d&referrer=aHR0cHM6Ly93d3cubnZpZGlhLmNvbS9lbi11cy9vbi1kZW1hbmQvc2Vzc2lvbi9ndGMyNS1zNzI1NzEv&clientTag=html5:v7.264","m3u8"
"https://www.nvidia.com/en-us/on-demand/session/gtc25-s72383/","44:04:00","https://cdnapisec.kaltura.com/p/2935771/sp/293577100/playManifest/entryId/1_bdbgc5yu/protocol/https/format/applehttp/flavorIds/1_4aifybx0,1_yocwb3h0,1_zy3o9t7i,1_ws69w3ft,1_y1ccyfjz/a.m3u8?uiConfId=50468382&playSessionId=d518f259-867d-9364-3829-c98b106f531b:16ca64a7-7795-6e89-fe92-83c6c7eb886b&referrer=aHR0cHM6Ly93d3cubnZpZGlhLmNvbS9lbi11cy9vbi1kZW1hbmQvc2Vzc2lvbi9ndGMyNS1zNzIzODMv&clientTag=html5:v7.264","m3u8"
"https://www.nvidia.com/en-us/on-demand/session/gtc25-s71412/","35:07:00","https://cdnapisec.kaltura.com/p/2935771/sp/293577100/playManifest/entryId/1_u7cw7ryi/protocol/https/format/applehttp/flavorIds/1_l5n2eb62,1_ehklyyia,1_b38y8ewd,1_e00zfzmi,1_es3viu8g,1_b1btuvly/a.m3u8?uiConfId=50468382&playSessionId=01818a21-bb6f-a9c3-8597-53a89b996ed4:2afac585-e88b-20a2-a086-026e5b9f9ca5&referrer=aHR0cHM6Ly93d3cubnZpZGlhLmNvbS9lbi11cy9vbi1kZW1hbmQvc2Vzc2lvbi9ndGMyNS1zNzE0MTIv&clientTag=html5:v7.264","m3u8"
"https://www.nvidia.com/en-us/on-demand/session/gtc25-s74476/","17:49","https://cdnapisec.kaltura.com/p/2935771/sp/293577100/playManifest/entryId/1_xjdptkm5/protocol/https/format/applehttp/flavorIds/1_twmmwejr,1_hcutybpb,1_48kt71wl/a.m3u8?uiConfId=50468382&playSessionId=623e9eb4-a67f-65cb-80f2-be98f92f9dab:2cf75a72-764e-0967-e33c-84952e9334e9&referrer=aHR0cHM6Ly93d3cubnZpZGlhLmNvbS9lbi11cy9vbi1kZW1hbmQvc2Vzc2lvbi9ndGMyNS1zNzQ0NzYv&clientTag=html5:v7.264","m3u8"
"https://www.nvidia.com/en-us/on-demand/session/gtc25-s72978/","34:24:00","https://cdnapisec.kaltura.com/p/2935771/sp/293577100/playManifest/entryId/1_h767oe6v/protocol/https/format/applehttp/flavorIds/1_lzj9h6p2,1_duvlgntv,1_yfnfxj34,1_7f91unly/a.m3u8?uiConfId=50468382&playSessionId=47e41fc9-9462-139a-c6b4-eddccf5ab83e:fbd47852-416d-4ba1-f4df-bf7ba5adc26c&referrer=aHR0cHM6Ly93d3cubnZpZGlhLmNvbS9lbi11cy9vbi1kZW1hbmQvc2Vzc2lvbi9ndGMyNS1zNzI5Nzgv&clientTag=html5:v7.264","m3u8"
"https://www.nvidia.com/en-us/on-demand/session/gtc25-s73880/","42:48:00","https://cdnapisec.kaltura.com/p/2935771/sp/293577100/playManifest/entryId/1_pvhgvz4l/protocol/https/format/applehttp/flavorIds/1_efvyk621,1_6gkopsug,1_3jzgn976,1_rokqn2n3,1_657z8tt8,1_jdp5ya1b/a.m3u8?uiConfId=50468382&playSessionId=d16a5875-085b-c09c-c03a-4bb94056ad1a:6cad32c2-7cbc-365b-4118-02ca5b771324&referrer=aHR0cHM6Ly93d3cubnZpZGlhLmNvbS9lbi11cy9vbi1kZW1hbmQvc2Vzc2lvbi9ndGMyNS1zNzM4ODAv&clientTag=html5:v7.264","m3u8"
"https://www.nvidia.com/en-us/on-demand/session/gtc25-s73197/","36:09:00","https://cdnapisec.kaltura.com/p/2935771/sp/293577100/playManifest/entryId/1_7oubruxf/protocol/https/format/applehttp/flavorIds/1_xmu8nhgn,1_i8trriwv,1_z9m71vav,1_8kmmjt6u,1_c26bms0r/a.m3u8?uiConfId=50468382&playSessionId=34923513-78fb-f24a-b119-490d3a16887e:0711f67e-47a8-c840-24e7-12b84948761c&referrer=aHR0cHM6Ly93d3cubnZpZGlhLmNvbS9lbi11cy9vbi1kZW1hbmQvc2Vzc2lvbi9ndGMyNS1zNzMxOTcv&clientTag=html5:v7.264","m3u8"
"https://www.nvidia.com/en-us/on-demand/session/gtc25-dlit71592/","40:55:00","https://cdnapisec.kaltura.com/p/2935771/sp/293577100/playManifest/entryId/1_klb528t0/protocol/https/format/applehttp/flavorIds/1_1bzbqqt8,1_eda3o466,1_kba55fvt,1_4pkux7c8/a.m3u8?uiConfId=50468382&playSessionId=59ef864e-a76f-e81f-effd-bd512c5edfd2:3f637d6b-145d-f580-cd2d-645e0c53f6a1&referrer=aHR0cHM6Ly93d3cubnZpZGlhLmNvbS9lbi11cy9vbi1kZW1hbmQvc2Vzc2lvbi9ndGMyNS1kbGl0NzE1OTIv&clientTag=html5:v7.264","m3u8"
"https://www.nvidia.com/en-us/on-demand/session/gtc25-s73973/","14:00","https://cdnapisec.kaltura.com/p/2935771/sp/293577100/playManifest/entryId/1_8xpb9wlz/protocol/https/format/applehttp/flavorIds/1_kpd4ll62,1_fxnkcws3,1_o069csi8,1_kslus87v,1_pqpynoc3/a.m3u8?uiConfId=50468382&playSessionId=c4da34e7-ef0e-9b81-7378-fc30f783b13c:2845e9b0-2bb5-c6d4-ec75-69a6d903c79d&referrer=aHR0cHM6Ly93d3cubnZpZGlhLmNvbS9lbi11cy9vbi1kZW1hbmQvc2Vzc2lvbi9ndGMyNS1zNzM5NzMv&clientTag=html5:v7.264","m3u8"
"https://www.nvidia.com/en-us/on-demand/session/gtc25-s73976/","32:52:00","https://cdnapisec.kaltura.com/p/2935771/sp/293577100/playManifest/entryId/1_9twub56i/protocol/https/format/applehttp/flavorIds/1_rwpjhdo3,1_n1j6v62s,1_ey3gees9,1_8ishwcsd,1_tiok2za7/a.m3u8?uiConfId=50468382&playSessionId=f590b3e5-b5c6-1064-d482-6cf709b482b7:a8fd80cd-b031-b801-1165-aefdac4984cf&referrer=aHR0cHM6Ly93d3cubnZpZGlhLmNvbS9lbi11cy9vbi1kZW1hbmQvc2Vzc2lvbi9ndGMyNS1zNzM5NzYv&clientTag=html5:v7.264","m3u8"
"https://www.nvidia.com/en-us/on-demand/session/gtc25-s73983/","32:00:00","https://cdnapisec.kaltura.com/p/2935771/sp/293577100/playManifest/entryId/1_2y5o53uu/protocol/https/format/applehttp/flavorIds/1_27jez3lx,1_tr2k4cgl,1_zxt3a85m,1_tdwr1eni/a.m3u8?uiConfId=50468382&playSessionId=c27b0ae5-a717-ae44-a646-fc6545214e3e:bd5c3694-f28c-22ff-5aa3-0eb0acb058db&referrer=aHR0cHM6Ly93d3cubnZpZGlhLmNvbS9lbi11cy9vbi1kZW1hbmQvc2Vzc2lvbi9ndGMyNS1zNzM5ODMv&clientTag=html5:v7.264","m3u8"
"https://www.nvidia.com/en-us/on-demand/session/gtc25-s74028/","34:30:00","https://cdnapisec.kaltura.com/p/2935771/sp/293577100/playManifest/entryId/1_uxffujez/protocol/https/format/applehttp/flavorIds/1_ma94p8qk,1_tnabfeo5,1_8kq3l641,1_uv5i6ftr,1_5srdwh6r/a.m3u8?uiConfId=50468382&playSessionId=eb6ef9f8-b962-6c91-e62e-e3108ad0537a:15ed044b-736b-bbe8-8120-b49893849b9d&referrer=aHR0cHM6Ly93d3cubnZpZGlhLmNvbS9lbi11cy9vbi1kZW1hbmQvc2Vzc2lvbi9ndGMyNS1zNzQwMjgv&clientTag=html5:v7.264","m3u8"
"https://www.nvidia.com/en-us/on-demand/session/gtc25-s74033/","23:49","https://cdnapisec.kaltura.com/p/2935771/sp/293577100/playManifest/entryId/1_2dshi4kj/protocol/https/format/applehttp/flavorIds/1_blmln8ue,1_97g89sbe,1_gss7871e,1_2aevmnfx,1_0m4lo5us/a.m3u8?uiConfId=50468382&playSessionId=93975f70-3b64-88a6-bc97-4bf084fe1cca:842a369d-dcaa-014c-0aa0-76d418f4ff5e&referrer=aHR0cHM6Ly93d3cubnZpZGlhLmNvbS9lbi11cy9vbi1kZW1hbmQvc2Vzc2lvbi9ndGMyNS1zNzQwMzMv&clientTag=html5:v7.264","m3u8"
"https://www.nvidia.com/en-us/on-demand/session/gtc25-s74054/","37:50:00","https://cdnapisec.kaltura.com/p/2935771/sp/293577100/playManifest/entryId/1_k0zqof69/protocol/https/format/applehttp/flavorIds/1_qjvtzhbg,1_7r6vh1gh,1_z9kll8bn,1_hxf6re21,1_00kxfj29/a.m3u8?uiConfId=50468382&playSessionId=7942a80d-aff7-68c7-cb7f-658bfe630c25:ab658a85-b798-292d-8275-ed681f389e9a&referrer=aHR0cHM6Ly93d3cubnZpZGlhLmNvbS9lbi11cy9vbi1kZW1hbmQvc2Vzc2lvbi9ndGMyNS1zNzQwNTQv&clientTag=html5:v7.264","m3u8"
"https://www.nvidia.com/en-us/on-demand/session/gtc25-s74062/","29:06:00","https://cdnapisec.kaltura.com/p/2935771/sp/293577100/playManifest/entryId/1_sf54qf1x/protocol/https/format/applehttp/flavorIds/1_tgp51drz,1_8rlv5yzm,1_yrx6vw3a,1_kqfqgqte,1_un9imtuq,1_osfz16dv/a.m3u8?uiConfId=50468382&playSessionId=99171393-91c5-fdae-3142-83b73625527a:7eb47be4-a96b-3183-84b9-603266379fc3&referrer=aHR0cHM6Ly93d3cubnZpZGlhLmNvbS9lbi11cy9vbi1kZW1hbmQvc2Vzc2lvbi9ndGMyNS1zNzQwNjIv&clientTag=html5:v7.264","m3u8"
"https://www.nvidia.com/en-us/on-demand/session/gtc25-s74065/","31:13:00","https://cdnapisec.kaltura.com/p/2935771/sp/293577100/playManifest/entryId/1_8hsx2jsv/protocol/https/format/applehttp/flavorIds/1_98l9y07r,1_uvzrldj5,1_vir84llq,1_jkdyw7wv/a.m3u8?uiConfId=50468382&playSessionId=b37db770-fb10-2e06-0703-4e21f252df4a:76db2f68-ffb9-5dc7-1648-0f3147ba2538&referrer=aHR0cHM6Ly93d3cubnZpZGlhLmNvbS9lbi11cy9vbi1kZW1hbmQvc2Vzc2lvbi9ndGMyNS1zNzQwNjUv&clientTag=html5:v7.264","m3u8"
"https://www.nvidia.com/en-us/on-demand/session/gtc25-s74078/","39:35:00","https://cdnapisec.kaltura.com/p/2935771/sp/293577100/playManifest/entryId/1_glhcga6w/protocol/https/format/applehttp/flavorIds/1_v9z05k8u,1_rzzs111m,1_2vj07q0e,1_f8opxjab/a.m3u8?uiConfId=50468382&playSessionId=3214c82b-5981-3ebc-926b-80f9677dbbdf:405928c1-e2a7-9d06-54db-f57a5d0c83b8&referrer=aHR0cHM6Ly93d3cubnZpZGlhLmNvbS9lbi11cy9vbi1kZW1hbmQvc2Vzc2lvbi9ndGMyNS1zNzQwNzgv&clientTag=html5:v7.264","m3u8"
"https://www.nvidia.com/en-us/on-demand/session/gtc25-s74079/","37:47:00","https://cdnapisec.kaltura.com/p/2935771/sp/293577100/playManifest/entryId/1_619tuytk/protocol/https/format/applehttp/flavorIds/1_35qvceez,1_eb77q6wf,1_k8q8j98r/a.m3u8?uiConfId=50468382&playSessionId=bb675c41-5f61-2a75-342b-be4d420d2a7c:a7c8a387-e5bd-5f9d-085a-5847b89177fc&referrer=aHR0cHM6Ly93d3cubnZpZGlhLmNvbS9lbi11cy9vbi1kZW1hbmQvc2Vzc2lvbi9ndGMyNS1zNzQwNzkv&clientTag=html5:v7.264","m3u8"
"https://www.nvidia.com/en-us/on-demand/session/gtc25-s74084/","38:46:00","https://cdnapisec.kaltura.com/p/2935771/sp/293577100/playManifest/entryId/1_p2opbmfd/protocol/https/format/applehttp/flavorIds/1_y9uzklk4,1_zql8zjgd,1_0ochfwg9,1_dsuhbwfh/a.m3u8?uiConfId=50468382&playSessionId=631c4324-df35-e47d-ee9a-6f7fc96b94fb:883980c4-6830-40fe-dda5-ba6f07fd8f97&referrer=aHR0cHM6Ly93d3cubnZpZGlhLmNvbS9lbi11cy9vbi1kZW1hbmQvc2Vzc2lvbi9ndGMyNS1zNzQwODQv&clientTag=html5:v7.264","m3u8"
"https://www.nvidia.com/en-us/on-demand/session/gtc25-s74147/","31:03:00","https://cdnapisec.kaltura.com/p/2935771/sp/293577100/playManifest/entryId/1_wg5dydmb/protocol/https/format/applehttp/flavorIds/1_h5u48wgu,1_0eo5kxpq,1_xx2h9ses,1_kmcykrnc,1_cy0pr0ok/a.m3u8?uiConfId=50468382&playSessionId=03a485eb-7acc-0f71-296a-69106b0249a0:3b922e2e-b4a2-cce9-da1b-a17b9082e346&referrer=aHR0cHM6Ly93d3cubnZpZGlhLmNvbS9lbi11cy9vbi1kZW1hbmQvc2Vzc2lvbi9ndGMyNS1zNzQxNDcv&clientTag=html5:v7.264","m3u8"
"https://www.nvidia.com/en-us/on-demand/session/gtc25-s74186/","46:53:00","https://cdnapisec.kaltura.com/p/2935771/sp/293577100/playManifest/entryId/1_myic0ijr/protocol/https/format/applehttp/flavorIds/1_ha8c72i6,1_c5p1tobf,1_g2y3j592,1_5igs88wk,1_4x2o8fxn/a.m3u8?uiConfId=50468382&playSessionId=29e2fc77-9cdb-b050-371d-3e35ad4083be:28933daa-e856-b0fb-b08b-b63b473c63c4&referrer=aHR0cHM6Ly93d3cubnZpZGlhLmNvbS9lbi11cy9vbi1kZW1hbmQvc2Vzc2lvbi9ndGMyNS1zNzQxODYv&clientTag=html5:v7.264","m3u8"
"https://www.nvidia.com/en-us/on-demand/session/gtc25-s74189/","26:02:00","https://cdnapisec.kaltura.com/p/2935771/sp/293577100/playManifest/entryId/1_goie5pap/protocol/https/format/applehttp/flavorIds/1_8u271vyv,1_03ur1yl0,1_tov3jnyo,1_wbe1nsd3,1_f0yt19f4/a.m3u8?uiConfId=50468382&playSessionId=d9c1c16d-bb94-de91-8c11-aa6aab95ddd5:1b66871d-33e8-289c-54ba-aa8730c28778&referrer=aHR0cHM6Ly93d3cubnZpZGlhLmNvbS9lbi11cy9vbi1kZW1hbmQvc2Vzc2lvbi9ndGMyNS1zNzQxODkv&clientTag=html5:v7.264","m3u8"
"https://www.nvidia.com/en-us/on-demand/session/gtc25-s74192/","9:47","https://cdnapisec.kaltura.com/p/2935771/sp/293577100/playManifest/entryId/1_jmhhq9bg/protocol/https/format/applehttp/flavorIds/1_ge37ffx6,1_k0gs7ji6,1_icw1kulx,1_6b8c8q4b,1_lw120pb2/a.m3u8?uiConfId=50468382&playSessionId=51790e23-1b7e-6fb4-6128-155840b8b0ef:eec558cd-fd9d-8462-f206-8b2f31b3c00b&referrer=aHR0cHM6Ly93d3cubnZpZGlhLmNvbS9lbi11cy9vbi1kZW1hbmQvc2Vzc2lvbi9ndGMyNS1zNzQxOTIv&clientTag=html5:v7.264","m3u8"
"https://www.nvidia.com/en-us/on-demand/session/gtc25-s74193/","31:49:00","https://cdnapisec.kaltura.com/p/2935771/sp/293577100/playManifest/entryId/1_17bw67id/protocol/https/format/applehttp/flavorIds/1_9smkk9nl,1_hjfzs35x,1_cqdvjatb,1_q2rgz0if,1_notnr9mi/a.m3u8?uiConfId=50468382&playSessionId=f3d93ec6-592b-462a-07ff-64bc3afa24c8:7622b901-c590-7fe6-c802-100a67d88ebf&referrer=aHR0cHM6Ly93d3cubnZpZGlhLmNvbS9lbi11cy9vbi1kZW1hbmQvc2Vzc2lvbi9ndGMyNS1zNzQxOTMv&clientTag=html5:v7.264","m3u8"
"https://www.nvidia.com/en-us/on-demand/session/gtc25-s74194/","16:32","https://cdnapisec.kaltura.com/p/2935771/sp/293577100/playManifest/entryId/1_agos2jgk/protocol/https/format/applehttp/flavorIds/1_1ufbzyyk,1_u0wtjr4f,1_7rr6jxp9,1_fau4mslf,1_3jee2vlh/a.m3u8?uiConfId=50468382&playSessionId=73e70c8d-837a-5892-a931-eacb743405f5:8a6ddf74-ff6d-e6ee-6aa9-7e111a3a9569&referrer=aHR0cHM6Ly93d3cubnZpZGlhLmNvbS9lbi11cy9vbi1kZW1hbmQvc2Vzc2lvbi9ndGMyNS1zNzQxOTQv&clientTag=html5:v7.264","m3u8"
"https://www.nvidia.com/en-us/on-demand/session/gtc25-s74197/","44:17:00","https://cdnapisec.kaltura.com/p/2935771/sp/293577100/playManifest/entryId/1_6gf1gsie/protocol/https/format/applehttp/flavorIds/1_2iuhir3a,1_qj5khspd,1_3oc8oi3e,1_tnvu410c,1_8epuxfd0/a.m3u8?uiConfId=50468382&playSessionId=775bfc91-75cc-9533-ec3e-e502f034de10:ae7d84ea-68ad-6603-321b-389d325d3010&referrer=aHR0cHM6Ly93d3cubnZpZGlhLmNvbS9lbi11cy9vbi1kZW1hbmQvc2Vzc2lvbi9ndGMyNS1zNzQxOTcv&clientTag=html5:v7.264","m3u8"
"https://www.nvidia.com/en-us/on-demand/session/gtc25-s74201/","31:33:00","https://cdnapisec.kaltura.com/p/2935771/sp/293577100/playManifest/entryId/1_0eqycg89/protocol/https/format/applehttp/flavorIds/1_70jdd5ab,1_m6kgevsz,1_8ghtxq6l,1_c35r8yi5,1_119jl58a/a.m3u8?uiConfId=50468382&playSessionId=6f98150d-fafa-2df8-5617-ae68b59352a5:732527c4-4267-2e67-dbad-63683eb8bf37&referrer=aHR0cHM6Ly93d3cubnZpZGlhLmNvbS9lbi11cy9vbi1kZW1hbmQvc2Vzc2lvbi9ndGMyNS1zNzQyMDEv&clientTag=html5:v7.264","m3u8"
"https://www.nvidia.com/en-us/on-demand/session/gtc25-s74204/","27:58:00","https://cdnapisec.kaltura.com/p/2935771/sp/293577100/playManifest/entryId/1_1g0ihckg/protocol/https/format/applehttp/flavorIds/1_e5j4z2nw,1_st3ej81u,1_j43izsua,1_f3osf5gj/a.m3u8?uiConfId=50468382&playSessionId=75bc0fd5-458a-2c64-51c1-2bcc9330d88e:557b8a60-6865-d831-b485-78b37c1900a7&referrer=aHR0cHM6Ly93d3cubnZpZGlhLmNvbS9lbi11cy9vbi1kZW1hbmQvc2Vzc2lvbi9ndGMyNS1zNzQyMDQv&clientTag=html5:v7.264","m3u8"
"https://www.nvidia.com/en-us/on-demand/session/gtc25-s74205/","41:16:00","https://cdnapisec.kaltura.com/p/2935771/sp/293577100/playManifest/entryId/1_0nfv2ew4/protocol/https/format/applehttp/flavorIds/1_r178fd26,1_27tvhgfn,1_mfodf77a,1_8mh4hj0k,1_bkrxzjux/a.m3u8?uiConfId=50468382&playSessionId=00f136ad-6d5f-4b79-63d4-0cc50450e818:8d70e21b-e123-cac6-0812-881d1bc124d4&referrer=aHR0cHM6Ly93d3cubnZpZGlhLmNvbS9lbi11cy9vbi1kZW1hbmQvc2Vzc2lvbi9ndGMyNS1zNzQyMDUv&clientTag=html5:v7.264","m3u8"
"https://www.nvidia.com/en-us/on-demand/session/gtc25-s74209/","46:19:00","https://cdnapisec.kaltura.com/p/2935771/sp/293577100/playManifest/entryId/1_g8cpwx4m/protocol/https/format/applehttp/flavorIds/1_8q1ljaqo,1_u88wvznj,1_a9peifsk,1_mhif07mp/a.m3u8?uiConfId=50468382&playSessionId=9594d743-8145-02b7-7fd7-e3402d991eeb:26f6bdc0-f205-17ef-0255-1cbbb913d772&referrer=aHR0cHM6Ly93d3cubnZpZGlhLmNvbS9lbi11cy9vbi1kZW1hbmQvc2Vzc2lvbi9ndGMyNS1zNzQyMDkv&clientTag=html5:v7.264","m3u8"
"https://www.nvidia.com/en-us/on-demand/session/gtc25-s74210/","34:24:00","https://cdnapisec.kaltura.com/p/2935771/sp/293577100/playManifest/entryId/1_gopkam1z/protocol/https/format/applehttp/flavorIds/1_lqpuxf8i,1_3hm472i3,1_vgnt2z7y,1_rkq3gmhk/a.m3u8?uiConfId=50468382&playSessionId=8abdca56-c634-eac6-ec19-2409236e6406:41a8a4dd-7d24-673e-fd6e-e618f13c5d66&referrer=aHR0cHM6Ly93d3cubnZpZGlhLmNvbS9lbi11cy9vbi1kZW1hbmQvc2Vzc2lvbi9ndGMyNS1zNzQyMTAv&clientTag=html5:v7.264","m3u8"
"https://www.nvidia.com/en-us/on-demand/session/gtc25-s74217/","19:25","https://cdnapisec.kaltura.com/p/2935771/sp/293577100/playManifest/entryId/1_be9vt09r/protocol/https/format/applehttp/flavorIds/1_urum1eh6,1_52luj6ap/a.m3u8?uiConfId=50468382&playSessionId=0250a71b-d42b-17b6-9e57-fac1b39cf1e8:6b60e3ce-205c-6f7a-5ea0-d80fa6590e84&referrer=aHR0cHM6Ly93d3cubnZpZGlhLmNvbS9lbi11cy9vbi1kZW1hbmQvc2Vzc2lvbi9ndGMyNS1zNzQyMTcv&clientTag=html5:v7.264","m3u8"
"https://www.nvidia.com/en-us/on-demand/session/gtc25-s74218/","50:40:00","https://cdnapisec.kaltura.com/p/2935771/sp/293577100/playManifest/entryId/1_8rysqgg1/protocol/https/format/applehttp/flavorIds/1_p8oe1a79,1_ppdlk3qd,1_q743co24,1_6oh8nfwr,1_349ntmkh/a.m3u8?uiConfId=50468382&playSessionId=5b78c503-2117-b973-5cf9-ec80f244b191:5a93d1b7-fc2a-ceef-5512-fa93382deb18&referrer=aHR0cHM6Ly93d3cubnZpZGlhLmNvbS9lbi11cy9vbi1kZW1hbmQvc2Vzc2lvbi9ndGMyNS1zNzQyMTgv&clientTag=html5:v7.264","m3u8"
"https://www.nvidia.com/en-us/on-demand/session/gtc25-s74221/","35:20:00","https://cdnapisec.kaltura.com/p/2935771/sp/293577100/playManifest/entryId/1_xaoslgk6/protocol/https/format/applehttp/flavorIds/1_yjxwz2dk,1_7z7pcmiz,1_6lors630/a.m3u8?uiConfId=50468382&playSessionId=f693d829-1384-d244-6220-31c1d587714d:ec961624-099b-1766-4673-b7a01a369397&referrer=aHR0cHM6Ly93d3cubnZpZGlhLmNvbS9lbi11cy9vbi1kZW1hbmQvc2Vzc2lvbi9ndGMyNS1zNzQyMjEv&clientTag=html5:v7.264","m3u8"
"https://www.nvidia.com/en-us/on-demand/session/gtc25-s74224/","13:09","https://cdnapisec.kaltura.com/p/2935771/sp/293577100/playManifest/entryId/1_nxfdf0m1/protocol/https/format/applehttp/flavorIds/1_1lifyrbb,1_swc8ouaa,1_ivdhbsoe,1_b8mde12o,1_jokecpjf/a.m3u8?uiConfId=50468382&playSessionId=2b455ea5-1904-6efe-2ba7-6a6386c8442a:7ee3fdb8-8994-d5ac-23cd-ba88cc64f17f&referrer=aHR0cHM6Ly93d3cubnZpZGlhLmNvbS9lbi11cy9vbi1kZW1hbmQvc2Vzc2lvbi9ndGMyNS1zNzQyMjQv&clientTag=html5:v7.264","m3u8"
"https://www.nvidia.com/en-us/on-demand/session/gtc25-s74226/","45:04:00","https://cdnapisec.kaltura.com/p/2935771/sp/293577100/playManifest/entryId/1_dn3q8frn/protocol/https/format/applehttp/flavorIds/1_no6xevqa,1_pcpd35rc,1_cp1w2jf0,1_a6179uzg,1_cljoky2u/a.m3u8?uiConfId=50468382&playSessionId=712ca4c3-a502-2fd0-54ac-5013144f46d5:2a6288e3-7782-1f0b-c3a7-e3dc53e3aba6&referrer=aHR0cHM6Ly93d3cubnZpZGlhLmNvbS9lbi11cy9vbi1kZW1hbmQvc2Vzc2lvbi9ndGMyNS1zNzQyMjYv&clientTag=html5:v7.264","m3u8"
"https://www.nvidia.com/en-us/on-demand/session/gtc25-s74228/","35:00:00","https://cdnapisec.kaltura.com/p/2935771/sp/293577100/playManifest/entryId/1_3bcg2f3s/protocol/https/format/applehttp/flavorIds/1_rr22hmct,1_degi3a88,1_hxm03j21,1_pnbveq6y,1_cp0hyq2q/a.m3u8?uiConfId=50468382&playSessionId=ad0ab25d-1bdc-0ae6-2e0f-01ec496513e4:a5ec8475-8bac-a445-e8c3-f23f80638b7d&referrer=aHR0cHM6Ly93d3cubnZpZGlhLmNvbS9lbi11cy9vbi1kZW1hbmQvc2Vzc2lvbi9ndGMyNS1zNzQyMjgv&clientTag=html5:v7.264","m3u8"
"https://www.nvidia.com/en-us/on-demand/session/gtc25-s74231/","33:55:00","https://cdnapisec.kaltura.com/p/2935771/sp/293577100/playManifest/entryId/1_dzsh5418/protocol/https/format/applehttp/flavorIds/1_z4mjpk44,1_exmsrhdo,1_wn6qxp2a,1_33cmg2is,1_gw6eg1g3/a.m3u8?uiConfId=50468382&playSessionId=e7795aca-65f6-6ee3-2a93-d4f8b6b7e907:b5fb27c4-799a-0e10-2644-98242ad51e01&referrer=aHR0cHM6Ly93d3cubnZpZGlhLmNvbS9lbi11cy9vbi1kZW1hbmQvc2Vzc2lvbi9ndGMyNS1zNzQyMzEv&clientTag=html5:v7.264","m3u8"
"https://www.nvidia.com/en-us/on-demand/session/gtc25-s74232/","28:41:00","https://cdnapisec.kaltura.com/p/2935771/sp/293577100/playManifest/entryId/1_2o2i6bpk/protocol/https/format/applehttp/flavorIds/1_6nqs4mtt,1_r09bnhqe,1_5idl2xjl,1_qtymoyu0/a.m3u8?uiConfId=50468382&playSessionId=586a04cc-fb05-d068-1a99-eaf86e2fa646:2e6baac1-e1a2-ff31-dafe-3981b16d6a04&referrer=aHR0cHM6Ly93d3cubnZpZGlhLmNvbS9lbi11cy9vbi1kZW1hbmQvc2Vzc2lvbi9ndGMyNS1zNzQyMzIv&clientTag=html5:v7.264","m3u8"
"https://www.nvidia.com/en-us/on-demand/session/gtc25-s74237/","39:35:00","https://cdnapisec.kaltura.com/p/2935771/sp/293577100/playManifest/entryId/1_v9umb4dn/protocol/https/format/applehttp/flavorIds/1_9rvixob3,1_v0ynzmnv,1_4yzyi3d0,1_qbvgu61s/a.m3u8?uiConfId=50468382&playSessionId=0f17cc6c-2298-d17a-192f-d2a4a7da843b:b78da87b-67e9-340b-9d6d-ee0531f10bc4&referrer=aHR0cHM6Ly93d3cubnZpZGlhLmNvbS9lbi11cy9vbi1kZW1hbmQvc2Vzc2lvbi9ndGMyNS1zNzQyMzcv&clientTag=html5:v7.264","m3u8"
"https://www.nvidia.com/en-us/on-demand/session/gtc25-s74241/","23:07","https://cdnapisec.kaltura.com/p/2935771/sp/293577100/playManifest/entryId/1_vqz1rdts/protocol/https/format/applehttp/flavorIds/1_jz266icn,1_mym41aeu,1_j5kepp6j/a.m3u8?uiConfId=50468382&playSessionId=4f3a12b3-06b4-19bd-ed11-78f71c294c79:82b2ce16-a5cf-12f2-c37a-505b9820890c&referrer=aHR0cHM6Ly93d3cubnZpZGlhLmNvbS9lbi11cy9vbi1kZW1hbmQvc2Vzc2lvbi9ndGMyNS1zNzQyNDEv&clientTag=html5:v7.264","m3u8"
"https://www.nvidia.com/en-us/on-demand/session/gtc25-s74243/","43:38:00","https://cdnapisec.kaltura.com/p/2935771/sp/293577100/playManifest/entryId/1_4fsaptmh/protocol/https/format/applehttp/flavorIds/1_r46f8cju,1_fydolaid,1_w3fenv8c,1_rvb7aoy5,1_n421pk51/a.m3u8?uiConfId=50468382&playSessionId=a19b04a2-1412-2f0c-bf93-cf7c4d5aa463:81688bc8-cbed-ce0e-490a-ec6ee828a4e0&referrer=aHR0cHM6Ly93d3cubnZpZGlhLmNvbS9lbi11cy9vbi1kZW1hbmQvc2Vzc2lvbi9ndGMyNS1zNzQyNDMv&clientTag=html5:v7.264","m3u8"
"https://www.nvidia.com/en-us/on-demand/session/gtc25-s74244/","37:11:00","https://cdnapisec.kaltura.com/p/2935771/sp/293577100/playManifest/entryId/1_sxlmzc4l/protocol/https/format/applehttp/flavorIds/1_nt4ehu0x,1_4u7loh1a,1_nwi7t3fs,1_da9yxder,1_0oki723y/a.m3u8?uiConfId=50468382&playSessionId=abbf4eb0-96d3-0434-5b6a-982fe7ca6d19:70794d92-1b83-5316-542f-866d5b20544f&referrer=aHR0cHM6Ly93d3cubnZpZGlhLmNvbS9lbi11cy9vbi1kZW1hbmQvc2Vzc2lvbi9ndGMyNS1zNzQyNDQv&clientTag=html5:v7.264","m3u8"
"https://www.nvidia.com/en-us/on-demand/session/gtc25-s74245/","25:58:00","https://cdnapisec.kaltura.com/p/2935771/sp/293577100/playManifest/entryId/1_c087t9c6/protocol/https/format/applehttp/flavorIds/1_qo5dexgp,1_bh4tk2oj,1_vzg9w40m/a.m3u8?uiConfId=50468382&playSessionId=6ad927e0-6025-f3da-e434-7e42fab772ca:f1e1ae08-6d4f-8962-54d5-26d54ba2d5ff&referrer=aHR0cHM6Ly93d3cubnZpZGlhLmNvbS9lbi11cy9vbi1kZW1hbmQvc2Vzc2lvbi9ndGMyNS1zNzQyNDUv&clientTag=html5:v7.264","m3u8"
"https://www.nvidia.com/en-us/on-demand/session/gtc25-s74249/","35:01:00","https://cdnapisec.kaltura.com/p/2935771/sp/293577100/playManifest/entryId/1_w5zmdwu4/protocol/https/format/applehttp/flavorIds/1_mzkqxfyc,1_mwhoevmt,1_6wx75ivx,1_s4b8tckn,1_4wnp2llp/a.m3u8?uiConfId=50468382&playSessionId=92025445-77a2-1bb0-85ed-3ca78b38e808:18671367-fd51-3a88-4919-75567d9ba403&referrer=aHR0cHM6Ly93d3cubnZpZGlhLmNvbS9lbi11cy9vbi1kZW1hbmQvc2Vzc2lvbi9ndGMyNS1zNzQyNDkv&clientTag=html5:v7.264","m3u8"
"https://www.nvidia.com/en-us/on-demand/session/gtc25-s74251/","11:21","https://cdnapisec.kaltura.com/p/2935771/sp/293577100/playManifest/entryId/1_t3uxtx4f/protocol/https/format/applehttp/flavorIds/1_1lb1w6gk,1_e4sv4k99,1_h7ovcsto,1_n0efggcb,1_optv1sii/a.m3u8?uiConfId=50468382&playSessionId=078281ac-40c0-4946-e7b5-f66238c092de:7a843b1d-f05c-3530-42eb-f28f168cd2fd&referrer=aHR0cHM6Ly93d3cubnZpZGlhLmNvbS9lbi11cy9vbi1kZW1hbmQvc2Vzc2lvbi9ndGMyNS1zNzQyNTEv&clientTag=html5:v7.264","m3u8"
"https://www.nvidia.com/en-us/on-demand/session/gtc25-s74410/","17:46","https://cdnapisec.kaltura.com/p/2935771/sp/293577100/playManifest/entryId/1_6bz9f7wk/protocol/https/format/applehttp/flavorIds/1_7zn1tyvq,1_t32tzu3y,1_7n9lluwk,1_c4ox8cim,1_nrt8i5f3,1_pz5po03x/a.m3u8?uiConfId=50468382&playSessionId=7aafefd8-c182-f9a9-0732-172fb67054aa:939d304f-f8bd-cd1a-a9be-7cbcbfb047b6&referrer=aHR0cHM6Ly93d3cubnZpZGlhLmNvbS9lbi11cy9vbi1kZW1hbmQvc2Vzc2lvbi9ndGMyNS1zNzQ0MTAv&clientTag=html5:v7.264","m3u8"
"https://www.nvidia.com/en-us/on-demand/session/gtc25-s74416/","36:30:00","https://cdnapisec.kaltura.com/p/2935771/sp/293577100/playManifest/entryId/1_qkid92qz/protocol/https/format/applehttp/flavorIds/1_ng4va0pi,1_85dec2sw,1_4rwxq83q,1_1hnw2gk0,1_krud4te0/a.m3u8?uiConfId=50468382&playSessionId=b1c55e52-1210-d8cf-2903-99c039fef5a2:820d2826-97b5-7388-d5d7-654df3c9eb16&referrer=aHR0cHM6Ly93d3cubnZpZGlhLmNvbS9lbi11cy9vbi1kZW1hbmQvc2Vzc2lvbi9ndGMyNS1zNzQ0MTYv&clientTag=html5:v7.264","m3u8"
"https://www.nvidia.com/en-us/on-demand/session/gtc25-s74420/","18:47","https://cdnapisec.kaltura.com/p/2935771/sp/293577100/playManifest/entryId/1_a6qg5x2g/protocol/https/format/applehttp/flavorIds/1_34f2ezf0,1_8hr2p0xb,1_v4y60wxo,1_ljj2inn9,1_7vnjxonj/a.m3u8?uiConfId=50468382&playSessionId=bff92b84-a26b-e70b-7b34-81c8b0f08b6b:e1d98eab-6db7-ddf2-5785-9877c831fe0d&referrer=aHR0cHM6Ly93d3cubnZpZGlhLmNvbS9lbi11cy9vbi1kZW1hbmQvc2Vzc2lvbi9ndGMyNS1zNzQ0MjAv&clientTag=html5:v7.264","m3u8"
"https://www.nvidia.com/en-us/on-demand/session/gtc25-s74425/","35:22:00","https://cdnapisec.kaltura.com/p/2935771/sp/293577100/playManifest/entryId/1_qvoudbd2/protocol/https/format/applehttp/flavorIds/1_65l328rr,1_5fhk4wd4,1_bsdsu0nm,1_6qed22pp,1_aglf4gly/a.m3u8?uiConfId=50468382&playSessionId=534032f2-4066-f200-67c5-29c62532f0c9:9be3994d-a289-69a5-6ea6-84b3dc4a5a41&referrer=aHR0cHM6Ly93d3cubnZpZGlhLmNvbS9lbi11cy9vbi1kZW1hbmQvc2Vzc2lvbi9ndGMyNS1zNzQ0MjUv&clientTag=html5:v7.264","m3u8"
"https://www.nvidia.com/en-us/on-demand/session/gtc25-s74426/","27:17:00","https://cdnapisec.kaltura.com/p/2935771/sp/293577100/playManifest/entryId/1_im15ttlh/protocol/https/format/applehttp/flavorIds/1_yv9m7j9k,1_1mzbv926,1_nhj4dr3j,1_1cwn5t22/a.m3u8?uiConfId=50468382&playSessionId=f2d6a881-234f-ba1c-08be-30f6de6d3c36:2aeabb46-e8b9-3368-40f4-daba2bace9d1&referrer=aHR0cHM6Ly93d3cubnZpZGlhLmNvbS9lbi11cy9vbi1kZW1hbmQvc2Vzc2lvbi9ndGMyNS1zNzQ0MjYv&clientTag=html5:v7.264","m3u8"
"https://www.nvidia.com/en-us/on-demand/session/gtc25-s74432/","43:54:00","https://cdnapisec.kaltura.com/p/2935771/sp/293577100/playManifest/entryId/1_f58bb2bf/protocol/https/format/applehttp/flavorIds/1_99gee622,1_yv11ilt1,1_6xli31xo/a.m3u8?uiConfId=50468382&playSessionId=5b609672-8963-a47c-bb58-923db033bfb4:69697845-2bcd-fbc7-9294-eb3fa6900385&referrer=aHR0cHM6Ly93d3cubnZpZGlhLmNvbS9lbi11cy9vbi1kZW1hbmQvc2Vzc2lvbi9ndGMyNS1zNzQ0MzIv&clientTag=html5:v7.264","m3u8"
"https://www.nvidia.com/en-us/on-demand/session/gtc25-s74433/","12:13","https://cdnapisec.kaltura.com/p/2935771/sp/293577100/playManifest/entryId/1_8hkx4tga/protocol/https/format/applehttp/flavorIds/1_6c9bait9,1_nkje18ok,1_mhdu2y43,1_cah6b0tm/a.m3u8?uiConfId=50468382&playSessionId=603d3c63-2888-da4f-b502-447f900d393b:e4704f50-5ba7-6533-86ef-d7214e8989a4&referrer=aHR0cHM6Ly93d3cubnZpZGlhLmNvbS9lbi11cy9vbi1kZW1hbmQvc2Vzc2lvbi9ndGMyNS1zNzQ0MzMv&clientTag=html5:v7.264","m3u8"
"https://www.nvidia.com/en-us/on-demand/session/gtc25-s74435/","37:11:00","https://cdnapisec.kaltura.com/p/2935771/sp/293577100/playManifest/entryId/1_17rrubdn/protocol/https/format/applehttp/flavorIds/1_5c0p515u,1_673xybdy,1_p1mugv34,1_5n94pt8c,1_2m0c716k/a.m3u8?uiConfId=50468382&playSessionId=ec81e6b6-4edb-1a88-5d01-0c28eebe8fb6:08c0205c-d13d-227b-9b75-b69d09374032&referrer=aHR0cHM6Ly93d3cubnZpZGlhLmNvbS9lbi11cy9vbi1kZW1hbmQvc2Vzc2lvbi9ndGMyNS1zNzQ0MzUv&clientTag=html5:v7.264","m3u8"
"https://www.nvidia.com/en-us/on-demand/session/gtc25-s74439/","25:06:00","https://cdnapisec.kaltura.com/p/2935771/sp/293577100/playManifest/entryId/1_ilzb21ga/protocol/https/format/applehttp/flavorIds/1_it9xxyx0,1_kbiukkmk,1_y3ikfmxn/a.m3u8?uiConfId=50468382&playSessionId=0da3eeaf-1b2e-8629-b21d-a1e3a3b2e82e:10a08cc8-b5ec-805d-14dd-7c367426f0f2&referrer=aHR0cHM6Ly93d3cubnZpZGlhLmNvbS9lbi11cy9vbi1kZW1hbmQvc2Vzc2lvbi9ndGMyNS1zNzQ0Mzkv&clientTag=html5:v7.264","m3u8"
"https://www.nvidia.com/en-us/on-demand/session/gtc25-s74444/","41:09:00","https://cdnapisec.kaltura.com/p/2935771/sp/293577100/playManifest/entryId/1_4z8r7xzw/protocol/https/format/applehttp/flavorIds/1_tz0q9hp0,1_8l3ytd80,1_nhphvsuw,1_52d0l4df,1_8b0tgyni/a.m3u8?uiConfId=50468382&playSessionId=08638367-e411-df7e-d170-70548ba44a08:f03509a7-4390-294a-4012-5d4003512964&referrer=aHR0cHM6Ly93d3cubnZpZGlhLmNvbS9lbi11cy9vbi1kZW1hbmQvc2Vzc2lvbi9ndGMyNS1zNzQ0NDQv&clientTag=html5:v7.264","m3u8"
"https://www.nvidia.com/en-us/on-demand/session/gtc25-s74445/","29:16:00","https://cdnapisec.kaltura.com/p/2935771/sp/293577100/playManifest/entryId/1_yikjq953/protocol/https/format/applehttp/flavorIds/1_ob6se8tm,1_68vysrif,1_lrh9nlju,1_sb0g84wi/a.m3u8?uiConfId=50468382&playSessionId=9db6f708-ecca-c231-e095-988c2fc53b4c:6b47c969-070d-a624-3007-3a8417dbaad8&referrer=aHR0cHM6Ly93d3cubnZpZGlhLmNvbS9lbi11cy9vbi1kZW1hbmQvc2Vzc2lvbi9ndGMyNS1zNzQ0NDUv&clientTag=html5:v7.264","m3u8"
"https://www.nvidia.com/en-us/on-demand/session/gtc25-s74446/","30:26:00","https://cdnapisec.kaltura.com/p/2935771/sp/293577100/playManifest/entryId/1_yenr684m/protocol/https/format/applehttp/flavorIds/1_vqy1ngsx,1_odza29jo,1_uxc816ir,1_c3qb5cdd,1_tq6rmz7q,1_7on2qpwg/a.m3u8?uiConfId=50468382&playSessionId=c86fafec-8b4c-490f-85e7-273ff15d9e6f:0cdd5a85-7dd7-a775-2ad7-92fe67cf28fc&referrer=aHR0cHM6Ly93d3cubnZpZGlhLmNvbS9lbi11cy9vbi1kZW1hbmQvc2Vzc2lvbi9ndGMyNS1zNzQ0NDYv&clientTag=html5:v7.264","m3u8"
"https://www.nvidia.com/en-us/on-demand/session/gtc25-s74447/","30:42:00","https://cdnapisec.kaltura.com/p/2935771/sp/293577100/playManifest/entryId/1_w3d4opd8/protocol/https/format/applehttp/flavorIds/1_ipfhtq74,1_y2rsnrlz,1_6r7vcz6m,1_irfqxjto,1_w3c7p5jo/a.m3u8?uiConfId=50468382&playSessionId=69860184-6e93-453b-9d19-995c809e90d1:50ea7e40-dd9f-49e8-fc33-738051988ac4&referrer=aHR0cHM6Ly93d3cubnZpZGlhLmNvbS9lbi11cy9vbi1kZW1hbmQvc2Vzc2lvbi9ndGMyNS1zNzQ0NDcv&clientTag=html5:v7.264","m3u8"
"https://www.nvidia.com/en-us/on-demand/session/gtc25-s74449/","1:49","https://cdnapisec.kaltura.com/p/2935771/sp/293577100/playManifest/entryId/1_lidual5f/protocol/https/format/applehttp/flavorIds/1_54iiod6v,1_krkxbpf2,1_r3lgtsrw,1_l1bcnbz3,1_nvrpb66c,1_pm0ukh8f/a.m3u8?uiConfId=50468382&playSessionId=6ae913e4-1ef6-b6c7-5a1e-773a26a39401:a5bd4719-06b6-1593-1c1b-448e0ac99d6c&referrer=aHR0cHM6Ly93d3cubnZpZGlhLmNvbS9lbi11cy9vbi1kZW1hbmQvc2Vzc2lvbi9ndGMyNS1zNzQ0NDkv&clientTag=html5:v7.264","m3u8"
"https://www.nvidia.com/en-us/on-demand/session/gtc25-s74453/","36:51:00","https://cdnapisec.kaltura.com/p/2935771/sp/293577100/playManifest/entryId/1_q0yv7a7t/protocol/https/format/applehttp/flavorIds/1_qumong7r,1_xqf47nf0,1_vhnzgiu1,1_ayz9f1dj,1_9wfajwkr/a.m3u8?uiConfId=50468382&playSessionId=bb869ad9-7fa0-d903-3f8f-7c589b56bf7a:75871c6d-033d-0792-d6ca-2bf0743f24a6&referrer=aHR0cHM6Ly93d3cubnZpZGlhLmNvbS9lbi11cy9vbi1kZW1hbmQvc2Vzc2lvbi9ndGMyNS1zNzQ0NTMv&clientTag=html5:v7.264","m3u8"
"https://www.nvidia.com/en-us/on-demand/session/gtc25-s74455/","21:22","https://cdnapisec.kaltura.com/p/2935771/sp/293577100/playManifest/entryId/1_rnncledr/protocol/https/format/applehttp/flavorIds/1_urrlru7o,1_7x5spgi1,1_k1541n8u/a.m3u8?uiConfId=50468382&playSessionId=cfdda3ae-02a1-5558-fb81-4404e52f0012:ec5244f9-e6e0-6e62-d0d6-b4d729c73106&referrer=aHR0cHM6Ly93d3cubnZpZGlhLmNvbS9lbi11cy9vbi1kZW1hbmQvc2Vzc2lvbi9ndGMyNS1zNzQ0NTUv&clientTag=html5:v7.264","m3u8"
"https://www.nvidia.com/en-us/on-demand/session/gtc25-s74459/","24:24:00","https://cdnapisec.kaltura.com/p/2935771/sp/293577100/playManifest/entryId/1_7teisfzs/protocol/https/format/applehttp/flavorIds/1_f2wb1i9r,1_oq3md4bx,1_3n3dqb8b,1_e1xux3yr,1_1aysn5wg/a.m3u8?uiConfId=50468382&playSessionId=34c77221-805e-2fcd-454c-b64ee8f32ffb:64909068-0fc5-fd0b-492c-148a1b294823&referrer=aHR0cHM6Ly93d3cubnZpZGlhLmNvbS9lbi11cy9vbi1kZW1hbmQvc2Vzc2lvbi9ndGMyNS1zNzQ0NTkv&clientTag=html5:v7.264","m3u8"
"https://www.nvidia.com/en-us/on-demand/session/gtc25-s74465/","23:31","https://cdnapisec.kaltura.com/p/2935771/sp/293577100/playManifest/entryId/1_v2k5h5cn/protocol/https/format/applehttp/flavorIds/1_a46ufngn,1_620atfqr,1_q4pg7dur,1_acc5vadg/a.m3u8?uiConfId=50468382&playSessionId=9383b949-7478-02f5-90d0-a21ba831d359:747b0e21-f476-d01e-a016-584ebf92f94c&referrer=aHR0cHM6Ly93d3cubnZpZGlhLmNvbS9lbi11cy9vbi1kZW1hbmQvc2Vzc2lvbi9ndGMyNS1zNzQ0NjUv&clientTag=html5:v7.264","m3u8"
"https://www.nvidia.com/en-us/on-demand/session/gtc25-s74467/","35:30:00","https://cdnapisec.kaltura.com/p/2935771/sp/293577100/playManifest/entryId/1_ybxo53jz/protocol/https/format/applehttp/flavorIds/1_s8wh9oet,1_rzgo9s0m,1_sbfzzvjx,1_a1me89ws,1_j6v4an9u/a.m3u8?uiConfId=50468382&playSessionId=cc2760a4-0427-359c-f0e4-d920ccaa5ce9:67780ee4-4375-da2c-ef25-71bc5e8a6483&referrer=aHR0cHM6Ly93d3cubnZpZGlhLmNvbS9lbi11cy9vbi1kZW1hbmQvc2Vzc2lvbi9ndGMyNS1zNzQ0Njcv&clientTag=html5:v7.264","m3u8"
"https://www.nvidia.com/en-us/on-demand/session/gtc25-s74468/","21:11","https://cdnapisec.kaltura.com/p/2935771/sp/293577100/playManifest/entryId/1_2u3zjvsq/protocol/https/format/applehttp/flavorIds/1_kdtqvgzt,1_j1sjizti,1_npmt4gcc,1_huak39eo,1_t3tcwiny/a.m3u8?uiConfId=50468382&playSessionId=53b0f4b6-4f8d-e300-d402-af036db257c7:d2f11cfa-c34c-26b8-f7db-5b16b212e20b&referrer=aHR0cHM6Ly93d3cubnZpZGlhLmNvbS9lbi11cy9vbi1kZW1hbmQvc2Vzc2lvbi9ndGMyNS1zNzQ0Njgv&clientTag=html5:v7.264","m3u8"
"https://www.nvidia.com/en-us/on-demand/session/gtc25-s74469/","23:12","https://cdnapisec.kaltura.com/p/2935771/sp/293577100/playManifest/entryId/1_lapl8dwc/protocol/https/format/applehttp/flavorIds/1_ozvzq4n4,1_d0cfrkof,1_7r4hmd59,1_h8dyn3lr,1_oseus5hg/a.m3u8?uiConfId=50468382&playSessionId=5aee5c96-e0c9-e453-53b5-ca3207927f24:41a3a16b-285a-f73f-0d2d-db07f6b9ed84&referrer=aHR0cHM6Ly93d3cubnZpZGlhLmNvbS9lbi11cy9vbi1kZW1hbmQvc2Vzc2lvbi9ndGMyNS1zNzQ0Njkv&clientTag=html5:v7.264","m3u8"
"https://www.nvidia.com/en-us/on-demand/session/gtc25-s74470/","33:14:00","https://cdnapisec.kaltura.com/p/2935771/sp/293577100/playManifest/entryId/1_z0creklm/protocol/https/format/applehttp/flavorIds/1_s5pv10zf,1_hl8tb6g4,1_8fqf5baq,1_n4l65yh1/a.m3u8?uiConfId=50468382&playSessionId=dc5abe6d-f7e4-4c51-bace-789a93d2533a:cda60169-84c6-f55b-a6e7-ef4470fd2821&referrer=aHR0cHM6Ly93d3cubnZpZGlhLmNvbS9lbi11cy9vbi1kZW1hbmQvc2Vzc2lvbi9ndGMyNS1zNzQ0NzAv&clientTag=html5:v7.264","m3u8"
"https://www.nvidia.com/en-us/on-demand/session/gtc25-s74471/","52:34:00","https://cdnapisec.kaltura.com/p/2935771/sp/293577100/playManifest/entryId/1_yl7jyz2w/protocol/https/format/applehttp/flavorIds/1_j2hfn5e9,1_qq9yzfcs,1_axwq56iu,1_5c8skhj7,1_w9mcxvme/a.m3u8?uiConfId=50468382&playSessionId=17b78719-b407-bfa5-b373-e5e65b2d9914:c33b7b22-9002-e740-426f-670273d95aec&referrer=aHR0cHM6Ly93d3cubnZpZGlhLmNvbS9lbi11cy9vbi1kZW1hbmQvc2Vzc2lvbi9ndGMyNS1zNzQ0NzEv&clientTag=html5:v7.264","m3u8"
"https://www.nvidia.com/en-us/on-demand/session/gtc25-s74478/","39:41:00","https://cdnapisec.kaltura.com/p/2935771/sp/293577100/playManifest/entryId/1_pofwr0sk/protocol/https/format/applehttp/flavorIds/1_uenkh5h7,1_nikvk09f,1_qsyecoyi,1_u6difh6n/a.m3u8?uiConfId=50468382&playSessionId=8d463d49-9c0a-934b-2572-f0172d965657:40a31a70-16f8-76d3-1931-dfe07992a7db&referrer=aHR0cHM6Ly93d3cubnZpZGlhLmNvbS9lbi11cy9vbi1kZW1hbmQvc2Vzc2lvbi9ndGMyNS1zNzQ0Nzgv&clientTag=html5:v7.264","m3u8"
"https://www.nvidia.com/en-us/on-demand/session/gtc25-s74485/","26:19:00","https://cdnapisec.kaltura.com/p/2935771/sp/293577100/playManifest/entryId/1_92hvcwy4/protocol/https/format/applehttp/flavorIds/1_5kilc268,1_jruzhgz6,1_am0cwgvg,1_shhwlv95/a.m3u8?uiConfId=50468382&playSessionId=5610b514-2731-87e1-cba5-97f6dbfc14ba:2610642b-1375-8857-8c1f-6de524d95c23&referrer=aHR0cHM6Ly93d3cubnZpZGlhLmNvbS9lbi11cy9vbi1kZW1hbmQvc2Vzc2lvbi9ndGMyNS1zNzQ0ODUv&clientTag=html5:v7.264","m3u8"
"https://www.nvidia.com/en-us/on-demand/session/gtc25-s74307/","19:59","https://cdnapisec.kaltura.com/p/2935771/sp/293577100/playManifest/entryId/1_exh81bfm/protocol/https/format/applehttp/flavorIds/1_q2cop9xo,1_wu9mqjl0,1_i9wx77v8,1_la7uo1oc,1_z2a8w6hj/a.m3u8?uiConfId=50468382&playSessionId=70fdfc8d-56a0-eefd-e775-d876a90208c2:ab9904bd-396c-316b-4b3b-80239a235070&referrer=aHR0cHM6Ly93d3cubnZpZGlhLmNvbS9lbi11cy9vbi1kZW1hbmQvc2Vzc2lvbi9ndGMyNS1zNzQzMDcv&clientTag=html5:v7.264","m3u8"
"https://www.nvidia.com/en-us/on-demand/session/gtc25-s74318/","31:26:00","https://cdnapisec.kaltura.com/p/2935771/sp/293577100/playManifest/entryId/1_iplfgm9j/protocol/https/format/applehttp/flavorIds/1_1eyzuubj,1_rmhtuadf,1_kgv8vkac,1_186p1uvd/a.m3u8?uiConfId=50468382&playSessionId=15f4ba63-0de0-aacc-bda8-7c647dc63d69:101132f9-9489-e3c6-ba0e-73bf1621decb&referrer=aHR0cHM6Ly93d3cubnZpZGlhLmNvbS9lbi11cy9vbi1kZW1hbmQvc2Vzc2lvbi9ndGMyNS1zNzQzMTgv&clientTag=html5:v7.264","m3u8"
"https://www.nvidia.com/en-us/on-demand/session/gtc25-s74319/","27:09:00","https://cdnapisec.kaltura.com/p/2935771/sp/293577100/playManifest/entryId/1_d6akwtnl/protocol/https/format/applehttp/flavorIds/1_immt4kd8,1_hyybh8bw,1_qjyaolq9/a.m3u8?uiConfId=50468382&playSessionId=a40d3def-a633-1d54-a212-4e3cb7acd6c1:c1fcb279-0e2b-c716-78c7-b79c0e9ed47d&referrer=aHR0cHM6Ly93d3cubnZpZGlhLmNvbS9lbi11cy9vbi1kZW1hbmQvc2Vzc2lvbi9ndGMyNS1zNzQzMTkv&clientTag=html5:v7.264","m3u8"
"https://www.nvidia.com/en-us/on-demand/session/gtc25-s74320/","31:15:00","https://cdnapisec.kaltura.com/p/2935771/sp/293577100/playManifest/entryId/1_7e9fnchw/protocol/https/format/applehttp/flavorIds/1_reau86fz,1_czsej9y6,1_98k76hpr,1_cgr98fnw,1_gfawaqej/a.m3u8?uiConfId=50468382&playSessionId=8cc93f1a-b61b-dd71-a1a8-2c3992dd8c35:c53870e6-d4b1-533b-6092-83a3a7722cba&referrer=aHR0cHM6Ly93d3cubnZpZGlhLmNvbS9lbi11cy9vbi1kZW1hbmQvc2Vzc2lvbi9ndGMyNS1zNzQzMjAv&clientTag=html5:v7.264","m3u8"
"https://www.nvidia.com/en-us/on-demand/session/gtc25-s74324/","30:37:00","https://cdnapisec.kaltura.com/p/2935771/sp/293577100/playManifest/entryId/1_19j71koj/protocol/https/format/applehttp/flavorIds/1_bmrqkb2u,1_5tmi7mjv,1_jipg5n18,1_tw044h48,1_fs1pmysu/a.m3u8?uiConfId=50468382&playSessionId=16dd0b27-db27-08f6-c0d7-95b8555bb2a1:a5ee895e-623c-bf4e-2bca-8cae1cf49a5e&referrer=aHR0cHM6Ly93d3cubnZpZGlhLmNvbS9lbi11cy9vbi1kZW1hbmQvc2Vzc2lvbi9ndGMyNS1zNzQzMjQv&clientTag=html5:v7.264","m3u8"
"https://www.nvidia.com/en-us/on-demand/session/gtc25-s74326/","46:25:00","https://cdnapisec.kaltura.com/p/2935771/sp/293577100/playManifest/entryId/1_m7vhboal/protocol/https/format/applehttp/flavorIds/1_8a665ebp,1_w949ucci/a.m3u8?uiConfId=50468382&playSessionId=dd672e8a-9ee3-67cc-4fd7-e62b4c075f46:e3eade95-a57c-1650-e697-99039e41fc9b&referrer=aHR0cHM6Ly93d3cubnZpZGlhLmNvbS9lbi11cy9vbi1kZW1hbmQvc2Vzc2lvbi9ndGMyNS1zNzQzMjYv&clientTag=html5:v7.264","m3u8"
"https://www.nvidia.com/en-us/on-demand/session/gtc25-s74327/","33:04:00","https://cdnapisec.kaltura.com/p/2935771/sp/293577100/playManifest/entryId/1_kiwuckvx/protocol/https/format/applehttp/flavorIds/1_aqzgqjj4,1_r440e9p6,1_5uzciyv5,1_ser2u4y3/a.m3u8?uiConfId=50468382&playSessionId=a9418f88-3dd5-8b38-f12f-5d4df16f16d8:12a73228-8c6d-0b14-5a47-1285498d0798&referrer=aHR0cHM6Ly93d3cubnZpZGlhLmNvbS9lbi11cy9vbi1kZW1hbmQvc2Vzc2lvbi9ndGMyNS1zNzQzMjcv&clientTag=html5:v7.264","m3u8"
"https://www.nvidia.com/en-us/on-demand/session/gtc25-s74329/","10:11","https://cdnapisec.kaltura.com/p/2935771/sp/293577100/playManifest/entryId/1_8ig8wc2i/protocol/https/format/applehttp/flavorIds/1_f3iug9o9,1_hlgkig93,1_wbf9b3xv,1_4ycxvv3r/a.m3u8?uiConfId=50468382&playSessionId=6e56c3a3-6ef5-24a6-7c57-5ada9f0fe315:4dc9665e-07d3-c60b-aa73-70f00cad51ce&referrer=aHR0cHM6Ly93d3cubnZpZGlhLmNvbS9lbi11cy9vbi1kZW1hbmQvc2Vzc2lvbi9ndGMyNS1zNzQzMjkv&clientTag=html5:v7.264","m3u8"
"https://www.nvidia.com/en-us/on-demand/session/gtc25-s74331/","50:15:00","https://cdnapisec.kaltura.com/p/2935771/sp/293577100/playManifest/entryId/1_m60kzs43/protocol/https/format/applehttp/flavorIds/1_3az1kc0j,1_vgcfl3xv,1_4tjznfnt,1_3hdg3zsb,1_k44kwd6k/a.m3u8?uiConfId=50468382&playSessionId=1a9ee09c-2cd4-66b7-bd4a-36dab1d15e69:5d42a6a9-fd1c-b056-d9a9-52df29425129&referrer=aHR0cHM6Ly93d3cubnZpZGlhLmNvbS9lbi11cy9vbi1kZW1hbmQvc2Vzc2lvbi9ndGMyNS1zNzQzMzEv&clientTag=html5:v7.264","m3u8"
"https://www.nvidia.com/en-us/on-demand/session/gtc25-s74332/","32:36:00","https://cdnapisec.kaltura.com/p/2935771/sp/293577100/playManifest/entryId/1_poxi66a3/protocol/https/format/applehttp/flavorIds/1_3hrij8f6,1_efly0j7n,1_tx1clfbe,1_fyb3gqjy/a.m3u8?uiConfId=50468382&playSessionId=6356ed33-1e50-3e44-039b-d0cbae094654:781c004f-00ed-c613-72c2-a32eaf9d55dc&referrer=aHR0cHM6Ly93d3cubnZpZGlhLmNvbS9lbi11cy9vbi1kZW1hbmQvc2Vzc2lvbi9ndGMyNS1zNzQzMzIv&clientTag=html5:v7.264","m3u8"
"https://www.nvidia.com/en-us/on-demand/session/gtc25-s74348/","41:06:00","https://cdnapisec.kaltura.com/p/2935771/sp/293577100/playManifest/entryId/1_9v37263m/protocol/https/format/applehttp/flavorIds/1_2xm0xkny,1_24walwa2,1_i7ev8two/a.m3u8?uiConfId=50468382&playSessionId=6d13df7c-394e-6124-9884-2783d69d1fc3:d3372d70-3b62-a60b-634d-ee0ed5748658&referrer=aHR0cHM6Ly93d3cubnZpZGlhLmNvbS9lbi11cy9vbi1kZW1hbmQvc2Vzc2lvbi9ndGMyNS1zNzQzNDgv&clientTag=html5:v7.264","m3u8"
"https://www.nvidia.com/en-us/on-demand/session/gtc25-s74349/","24:12:00","https://cdnapisec.kaltura.com/p/2935771/sp/293577100/playManifest/entryId/1_k5bk46ei/protocol/https/format/applehttp/flavorIds/1_bc38oqrv,1_d7ino5l9,1_aimsjymk,1_t21k7sqd,1_vkojkmn9/a.m3u8?uiConfId=50468382&playSessionId=b5039cf7-3555-86d0-d534-57e1f7873eb4:7f395257-18d2-d846-84da-30e530d3d54a&referrer=aHR0cHM6Ly93d3cubnZpZGlhLmNvbS9lbi11cy9vbi1kZW1hbmQvc2Vzc2lvbi9ndGMyNS1zNzQzNDkv&clientTag=html5:v7.264","m3u8"
"https://www.nvidia.com/en-us/on-demand/session/gtc25-s74354/","23:25","https://cdnapisec.kaltura.com/p/2935771/sp/293577100/playManifest/entryId/1_wm762bra/protocol/https/format/applehttp/flavorIds/1_frk9ubj6,1_mbt10uxl,1_zpdblhcl,1_ct00568n,1_b5kqlo2w/a.m3u8?uiConfId=50468382&playSessionId=54983e60-7ccd-2613-25ca-6434c4bdbbbe:84062f94-2446-e6f1-30cb-4644a9905bc0&referrer=aHR0cHM6Ly93d3cubnZpZGlhLmNvbS9lbi11cy9vbi1kZW1hbmQvc2Vzc2lvbi9ndGMyNS1zNzQzNTQv&clientTag=html5:v7.264","m3u8"
"https://www.nvidia.com/en-us/on-demand/session/gtc25-s74356/","44:19:00","https://cdnapisec.kaltura.com/p/2935771/sp/293577100/playManifest/entryId/1_q3ffsobd/protocol/https/format/applehttp/flavorIds/1_ol1urohk,1_nk4raw0u,1_cuixckbx,1_2nu9ev13,1_r76uprnk/a.m3u8?uiConfId=50468382&playSessionId=6276a58b-99a3-7296-ff8e-deea1d34193c:079b1720-667c-9cd6-42d6-06f8b3b3ebb8&referrer=aHR0cHM6Ly93d3cubnZpZGlhLmNvbS9lbi11cy9vbi1kZW1hbmQvc2Vzc2lvbi9ndGMyNS1zNzQzNTYv&clientTag=html5:v7.264","m3u8"
"https://www.nvidia.com/en-us/on-demand/session/gtc25-s74360/","17:49","https://cdnapisec.kaltura.com/p/2935771/sp/293577100/playManifest/entryId/1_sgw2hgb4/protocol/https/format/applehttp/flavorIds/1_0ahfu0yv,1_jbvjwzjg,1_7tl09o9g,1_rearnz53,1_ztu0v2wm/a.m3u8?uiConfId=50468382&playSessionId=cf031943-09e1-2c5e-ccb0-1158ccd6133a:10105394-24c6-edbc-8c4f-d8c51c441358&referrer=aHR0cHM6Ly93d3cubnZpZGlhLmNvbS9lbi11cy9vbi1kZW1hbmQvc2Vzc2lvbi9ndGMyNS1zNzQzNjAv&clientTag=html5:v7.264","m3u8"
"https://www.nvidia.com/en-us/on-demand/session/gtc25-s74365/","28:19:00","https://cdnapisec.kaltura.com/p/2935771/sp/293577100/playManifest/entryId/1_62hni0ma/protocol/https/format/applehttp/flavorIds/1_3mldgec0,1_0lx6xxlq,1_o0rka4sg,1_86xlmy8f/a.m3u8?uiConfId=50468382&playSessionId=e784d6a2-ff40-f596-8a37-03b170a9f650:98ffed62-6a12-78be-33df-7b33e1831223&referrer=aHR0cHM6Ly93d3cubnZpZGlhLmNvbS9lbi11cy9vbi1kZW1hbmQvc2Vzc2lvbi9ndGMyNS1zNzQzNjUv&clientTag=html5:v7.264","m3u8"
"https://www.nvidia.com/en-us/on-demand/session/gtc25-s74369/","37:51:00","https://cdnapisec.kaltura.com/p/2935771/sp/293577100/playManifest/entryId/1_tkwuosum/protocol/https/format/applehttp/flavorIds/1_2lqhq2wt,1_sqfqe6n8,1_zagv7ila,1_gal5ici1,1_cns6g7i0,1_x2okkgeg/a.m3u8?uiConfId=50468382&playSessionId=c4c9fe47-7c00-4605-7d4b-9d2af733a38c:6272f0b4-1d9b-0f0e-690e-5072a66d2e7a&referrer=aHR0cHM6Ly93d3cubnZpZGlhLmNvbS9lbi11cy9vbi1kZW1hbmQvc2Vzc2lvbi9ndGMyNS1zNzQzNjkv&clientTag=html5:v7.264","m3u8"
"https://www.nvidia.com/en-us/on-demand/session/gtc25-s74392/","26:51:00","https://cdnapisec.kaltura.com/p/2935771/sp/293577100/playManifest/entryId/1_16te6dje/protocol/https/format/applehttp/flavorIds/1_7an54w63,1_mhhcyb5y,1_y0fxr1tg,1_0os887iw,1_n3qenknf/a.m3u8?uiConfId=50468382&playSessionId=28d62eec-8ded-eb83-5d97-184607380c8e:b9620633-463d-b56e-4cff-8029e67a48cc&referrer=aHR0cHM6Ly93d3cubnZpZGlhLmNvbS9lbi11cy9vbi1kZW1hbmQvc2Vzc2lvbi9ndGMyNS1zNzQzOTIv&clientTag=html5:v7.264","m3u8"
"https://www.nvidia.com/en-us/on-demand/session/gtc25-s74252/","38:04:00","https://cdnapisec.kaltura.com/p/2935771/sp/293577100/playManifest/entryId/1_whcj7luf/protocol/https/format/applehttp/flavorIds/1_kopeizi6,1_gsf32ktz,1_xxjqik0b,1_qr2g85d8,1_tlfxykl9/a.m3u8?uiConfId=50468382&playSessionId=d3d19d24-f188-847a-6030-aa8942cc2fb1:92ccd8b5-a938-0a67-37eb-5326107e779b&referrer=aHR0cHM6Ly93d3cubnZpZGlhLmNvbS9lbi11cy9vbi1kZW1hbmQvc2Vzc2lvbi9ndGMyNS1zNzQyNTIv&clientTag=html5:v7.264","m3u8"
"https://www.nvidia.com/en-us/on-demand/session/gtc25-s74253/","40:54:00","https://cdnapisec.kaltura.com/p/2935771/sp/293577100/playManifest/entryId/1_krcgpx5i/protocol/https/format/applehttp/flavorIds/1_n5ce5qv0,1_rcpik8rr,1_c8ytfk9v,1_d28pyaja,1_txw1waw0/a.m3u8?uiConfId=50468382&playSessionId=cd00b642-93c8-1579-4532-8bc96a10a336:7570a59e-cfc0-a39f-c02f-7b88c7a01e89&referrer=aHR0cHM6Ly93d3cubnZpZGlhLmNvbS9lbi11cy9vbi1kZW1hbmQvc2Vzc2lvbi9ndGMyNS1zNzQyNTMv&clientTag=html5:v7.264","m3u8"
"https://www.nvidia.com/en-us/on-demand/session/gtc25-s74256/","16:46","https://cdnapisec.kaltura.com/p/2935771/sp/293577100/playManifest/entryId/1_9wqnv9dq/protocol/https/format/applehttp/flavorIds/1_ofth1908,1_dvqjtopd,1_xrbd1sac,1_3h39jnum,1_x8ym2lrp/a.m3u8?uiConfId=50468382&playSessionId=08d15425-6f43-fe30-bae8-b191c7da2919:15cea0c9-f1b1-3382-7191-0ddf0b55bd44&referrer=aHR0cHM6Ly93d3cubnZpZGlhLmNvbS9lbi11cy9vbi1kZW1hbmQvc2Vzc2lvbi9ndGMyNS1zNzQyNTYv&clientTag=html5:v7.264","m3u8"
"https://www.nvidia.com/en-us/on-demand/session/gtc25-s74260/","29:33:00","https://cdnapisec.kaltura.com/p/2935771/sp/293577100/playManifest/entryId/1_mz4azrsy/protocol/https/format/applehttp/flavorIds/1_ipb2br3f,1_d7rbxxj9,1_uc739jeo,1_i6pco6xv/a.m3u8?uiConfId=50468382&playSessionId=bce1ff4e-b34b-de4a-4bab-82b58d2b8a4a:e2cf99d8-ee3c-da51-a3c1-fc948921e366&referrer=aHR0cHM6Ly93d3cubnZpZGlhLmNvbS9lbi11cy9vbi1kZW1hbmQvc2Vzc2lvbi9ndGMyNS1zNzQyNjAv&clientTag=html5:v7.264","m3u8"
"https://www.nvidia.com/en-us/on-demand/session/gtc25-s74262/","25:03:00","https://cdnapisec.kaltura.com/p/2935771/sp/293577100/playManifest/entryId/1_vhov9y2d/protocol/https/format/applehttp/flavorIds/1_34tk83wi,1_h2clk29f,1_twnhty9u,1_1ocx05e5,1_v5n46p6j/a.m3u8?uiConfId=50468382&playSessionId=b4999dba-4d0e-ae17-56d5-927cb329fdaa:b512b7a4-3695-e1fe-4786-ce030952d30a&referrer=aHR0cHM6Ly93d3cubnZpZGlhLmNvbS9lbi11cy9vbi1kZW1hbmQvc2Vzc2lvbi9ndGMyNS1zNzQyNjIv&clientTag=html5:v7.264","m3u8"
"https://www.nvidia.com/en-us/on-demand/session/gtc25-s74264/","32:09:00","https://cdnapisec.kaltura.com/p/2935771/sp/293577100/playManifest/entryId/1_r0kmtlui/protocol/https/format/applehttp/flavorIds/1_vhqrflyp,1_qukcp2pn,1_sxgt9wil,1_u0bcrjik,1_ziooc96i/a.m3u8?uiConfId=50468382&playSessionId=b7c51d09-2033-4765-3d91-c4d1c29a6e04:b63ab851-5007-c9d5-3d24-ce9101946cff&referrer=aHR0cHM6Ly93d3cubnZpZGlhLmNvbS9lbi11cy9vbi1kZW1hbmQvc2Vzc2lvbi9ndGMyNS1zNzQyNjQv&clientTag=html5:v7.264","m3u8"
"https://www.nvidia.com/en-us/on-demand/session/gtc25-s74265/","23:34","https://cdnapisec.kaltura.com/p/2935771/sp/293577100/playManifest/entryId/1_889wb8mt/protocol/https/format/applehttp/flavorIds/1_vi26tl6o,1_zvl2z17m,1_p26fzika,1_myp3c6lf,1_41flw6jr/a.m3u8?uiConfId=50468382&playSessionId=f2b13f3f-9e1f-d358-caf0-fd008984e656:60f67df8-480a-d690-d02f-0cb819b12216&referrer=aHR0cHM6Ly93d3cubnZpZGlhLmNvbS9lbi11cy9vbi1kZW1hbmQvc2Vzc2lvbi9ndGMyNS1zNzQyNjUv&clientTag=html5:v7.264","m3u8"
"https://www.nvidia.com/en-us/on-demand/session/gtc25-s74268/","33:39:00","https://cdnapisec.kaltura.com/p/2935771/sp/293577100/playManifest/entryId/1_ex6oiecw/protocol/https/format/applehttp/flavorIds/1_rahpd8t1,1_49axcq3c,1_yfz4gn9y/a.m3u8?uiConfId=50468382&playSessionId=a55c9d4c-1a5b-08be-7a35-3365346326e6:098fd947-b54d-3317-cbc9-cf5f9fd6b379&referrer=aHR0cHM6Ly93d3cubnZpZGlhLmNvbS9lbi11cy9vbi1kZW1hbmQvc2Vzc2lvbi9ndGMyNS1zNzQyNjgv&clientTag=html5:v7.264","m3u8"
"https://www.nvidia.com/en-us/on-demand/session/gtc25-s74270/","18:36","https://cdnapisec.kaltura.com/p/2935771/sp/293577100/playManifest/entryId/1_26z71pmu/protocol/https/format/applehttp/flavorIds/1_jiwwhql7,1_lf65r58a,1_wty0x82z,1_6tcbv81a,1_j9bywbeq/a.m3u8?uiConfId=50468382&playSessionId=4d05c4fc-2c32-3aa2-4cbb-74a10bdbbba4:d7ffc8f9-cdab-6db7-fa8e-36c3a3ae5de4&referrer=aHR0cHM6Ly93d3cubnZpZGlhLmNvbS9lbi11cy9vbi1kZW1hbmQvc2Vzc2lvbi9ndGMyNS1zNzQyNzAv&clientTag=html5:v7.264","m3u8"
"https://www.nvidia.com/en-us/on-demand/session/gtc25-s74272/","44:21:00","https://cdnapisec.kaltura.com/p/2935771/sp/293577100/playManifest/entryId/1_60qcwyun/protocol/https/format/applehttp/flavorIds/1_jquwmrdx,1_zqb7txzd,1_5ig8bky7,1_zg7t5f5k,1_2b8l643j/a.m3u8?uiConfId=50468382&playSessionId=591445ad-a02c-d8e9-02b4-9b519f12f09d:ca6844df-fe60-fdcf-609f-0b094ed7007f&referrer=aHR0cHM6Ly93d3cubnZpZGlhLmNvbS9lbi11cy9vbi1kZW1hbmQvc2Vzc2lvbi9ndGMyNS1zNzQyNzIv&clientTag=html5:v7.264","m3u8"
"https://www.nvidia.com/en-us/on-demand/session/gtc25-s74273/","1:07:34","https://cdnapisec.kaltura.com/p/2935771/sp/293577100/playManifest/entryId/1_5ecmoryy/protocol/https/format/applehttp/flavorIds/1_j6bauodb,1_areo3m62,1_1cpwj4xg,1_qnyfqn79,1_rckb4b3i,1_uqvuvoke/a.m3u8?uiConfId=50468382&playSessionId=24bfbb48-216b-011c-aa29-270e77885c04:ba1cb33a-f67b-11cb-4af2-1d0fbb327167&referrer=aHR0cHM6Ly93d3cubnZpZGlhLmNvbS9lbi11cy9vbi1kZW1hbmQvc2Vzc2lvbi9ndGMyNS1zNzQyNzMv&clientTag=html5:v7.264","m3u8"
"https://www.nvidia.com/en-us/on-demand/session/gtc25-s74274/","11:24","https://cdnapisec.kaltura.com/p/2935771/sp/293577100/playManifest/entryId/1_jx4x4fmw/protocol/https/format/applehttp/flavorIds/1_7kshn3ck,1_znq8inc8,1_pj0aebcv,1_du61q4yg/a.m3u8?uiConfId=50468382&playSessionId=cd32e4c7-85a0-a963-4ef5-abaf7d1590b8:4ffbbb79-13f6-8401-4bca-0df7e6b5b894&referrer=aHR0cHM6Ly93d3cubnZpZGlhLmNvbS9lbi11cy9vbi1kZW1hbmQvc2Vzc2lvbi9ndGMyNS1zNzQyNzQv&clientTag=html5:v7.264","m3u8"
"https://www.nvidia.com/en-us/on-demand/session/gtc25-s74275/","15:00","https://cdnapisec.kaltura.com/p/2935771/sp/293577100/playManifest/entryId/1_zi4rx2sd/protocol/https/format/applehttp/flavorIds/1_vks4pdea,1_b9fah110,1_c9jwzcdm,1_wyldvgbz,1_oxz8khb5/a.m3u8?uiConfId=50468382&playSessionId=7b8e2aec-53ac-e8a2-1016-3bf3c07818ed:c1648262-4c07-eb93-c114-220185d07181&referrer=aHR0cHM6Ly93d3cubnZpZGlhLmNvbS9lbi11cy9vbi1kZW1hbmQvc2Vzc2lvbi9ndGMyNS1zNzQyNzUv&clientTag=html5:v7.264","m3u8"
"https://www.nvidia.com/en-us/on-demand/session/gtc25-s74281/","22:53","https://cdnapisec.kaltura.com/p/2935771/sp/293577100/playManifest/entryId/1_k6oin3mf/protocol/https/format/applehttp/flavorIds/1_rhj1ycp0,1_33hmrjhi,1_g5ava170,1_lzlrj625/a.m3u8?uiConfId=50468382&playSessionId=0cc7c39e-d275-bb7e-86cf-9bfeaeeac577:0f67afdf-e054-aa53-8ec0-48c1f858ef2e&referrer=aHR0cHM6Ly93d3cubnZpZGlhLmNvbS9lbi11cy9vbi1kZW1hbmQvc2Vzc2lvbi9ndGMyNS1zNzQyODEv&clientTag=html5:v7.264","m3u8"
"https://www.nvidia.com/en-us/on-demand/session/gtc25-s74282/","18:14","https://cdnapisec.kaltura.com/p/2935771/sp/293577100/playManifest/entryId/1_cznrj683/protocol/https/format/applehttp/flavorIds/1_7x32wgfc,1_q2ri2cfc,1_xrucplw9,1_33wenxrg,1_04dw4o2y/a.m3u8?uiConfId=50468382&playSessionId=71218068-e141-f187-70b9-1cae0b61f69a:51256f13-e638-ec8a-5dd0-5d2b95981171&referrer=aHR0cHM6Ly93d3cubnZpZGlhLmNvbS9lbi11cy9vbi1kZW1hbmQvc2Vzc2lvbi9ndGMyNS1zNzQyODIv&clientTag=html5:v7.264","m3u8"
"https://www.nvidia.com/en-us/on-demand/session/gtc25-s74283/","18:39","https://cdnapisec.kaltura.com/p/2935771/sp/293577100/playManifest/entryId/1_2zomm9vd/protocol/https/format/applehttp/flavorIds/1_woi4zgl2,1_5d8rmtdg,1_2tvti6v8,1_huet4r8g,1_10uydja2/a.m3u8?uiConfId=50468382&playSessionId=aff277e4-eff7-e9d8-d53f-d67350ff53db:5352778b-89a6-23d8-229f-a9abcebbca3b&referrer=aHR0cHM6Ly93d3cubnZpZGlhLmNvbS9lbi11cy9vbi1kZW1hbmQvc2Vzc2lvbi9ndGMyNS1zNzQyODMv&clientTag=html5:v7.264","m3u8"
"https://www.nvidia.com/en-us/on-demand/session/gtc25-s74284/","36:23:00","https://cdnapisec.kaltura.com/p/2935771/sp/293577100/playManifest/entryId/1_ve75j2fp/protocol/https/format/applehttp/flavorIds/1_dvd9qlmx,1_0nflbb58,1_n9dzapk1,1_u6remtxz/a.m3u8?uiConfId=50468382&playSessionId=859565f6-20c9-3464-8314-55782dd93693:24f263f2-5184-8dc8-9e78-251c8cf20c97&referrer=aHR0cHM6Ly93d3cubnZpZGlhLmNvbS9lbi11cy9vbi1kZW1hbmQvc2Vzc2lvbi9ndGMyNS1zNzQyODQv&clientTag=html5:v7.264","m3u8"
"https://www.nvidia.com/en-us/on-demand/session/gtc25-s74288/","38:49:00","https://cdnapisec.kaltura.com/p/2935771/sp/293577100/playManifest/entryId/1_95xfac22/protocol/https/format/applehttp/flavorIds/1_9ey0wd96,1_7xbaprvj,1_7y1x7xfv,1_e86h2t66/a.m3u8?uiConfId=50468382&playSessionId=7a989883-c808-0a62-7f96-9ec39dba6999:a802f1e9-09a4-3e6e-435b-6dcfc80a816c&referrer=aHR0cHM6Ly93d3cubnZpZGlhLmNvbS9lbi11cy9vbi1kZW1hbmQvc2Vzc2lvbi9ndGMyNS1zNzQyODgv&clientTag=html5:v7.264","m3u8"
"https://www.nvidia.com/en-us/on-demand/session/gtc25-s74292/","34:13:00","https://cdnapisec.kaltura.com/p/2935771/sp/293577100/playManifest/entryId/1_symiabpe/protocol/https/format/applehttp/flavorIds/1_gy2xt9tx,1_1ardg5cm,1_xvrw7iz1/a.m3u8?uiConfId=50468382&playSessionId=b055bc12-ce4e-b4ed-71df-52c9f962a076:2ab335f6-8724-105d-891f-ad6ed166e86a&referrer=aHR0cHM6Ly93d3cubnZpZGlhLmNvbS9lbi11cy9vbi1kZW1hbmQvc2Vzc2lvbi9ndGMyNS1zNzQyOTIv&clientTag=html5:v7.264","m3u8"
"https://www.nvidia.com/en-us/on-demand/session/gtc25-s74294/","34:59:00","https://cdnapisec.kaltura.com/p/2935771/sp/293577100/playManifest/entryId/1_y2u0ob0x/protocol/https/format/applehttp/flavorIds/1_zxz4gzkn,1_eu4dy1cq,1_ircefzd4,1_usewjr8o,1_hafbvmc4/a.m3u8?uiConfId=50468382&playSessionId=7c0bd35b-e46f-2731-dcc9-f6af6fe6095e:d03ac446-823f-c79d-de8c-ea5a6e2150fe&referrer=aHR0cHM6Ly93d3cubnZpZGlhLmNvbS9lbi11cy9vbi1kZW1hbmQvc2Vzc2lvbi9ndGMyNS1zNzQyOTQv&clientTag=html5:v7.264","m3u8"
"https://www.nvidia.com/en-us/on-demand/session/gtc25-s74295/","36:16:00","https://cdnapisec.kaltura.com/p/2935771/sp/293577100/playManifest/entryId/1_h1i1ifyv/protocol/https/format/applehttp/flavorIds/1_0v3662yd,1_qfo8wwpi,1_3x24gmqt,1_qnjyxl5o,1_8bv97hcm/a.m3u8?uiConfId=50468382&playSessionId=6bbd3667-acb4-fc51-e979-8529c7e6f424:a5d0545a-a55e-ccaf-1427-61053450cbef&referrer=aHR0cHM6Ly93d3cubnZpZGlhLmNvbS9lbi11cy9vbi1kZW1hbmQvc2Vzc2lvbi9ndGMyNS1zNzQyOTUv&clientTag=html5:v7.264","m3u8"
"https://www.nvidia.com/en-us/on-demand/session/gtc25-s74296/","42:36:00","https://cdnapisec.kaltura.com/p/2935771/sp/293577100/playManifest/entryId/1_n5fjl6z2/protocol/https/format/applehttp/flavorIds/1_zgwc9sb3,1_mq2nqvh0,1_3kc99zj0,1_8umj250y,1_28a1prcz/a.m3u8?uiConfId=50468382&playSessionId=0a4ea4c2-ac51-ca08-56dc-73d82d2d044b:fb339f84-7016-744d-96b5-4f592d1cee8b&referrer=aHR0cHM6Ly93d3cubnZpZGlhLmNvbS9lbi11cy9vbi1kZW1hbmQvc2Vzc2lvbi9ndGMyNS1zNzQyOTYv&clientTag=html5:v7.264","m3u8"
"https://www.nvidia.com/en-us/on-demand/session/gtc25-s74298/","37:37:00","https://cdnapisec.kaltura.com/p/2935771/sp/293577100/playManifest/entryId/1_yp6faodl/protocol/https/format/applehttp/flavorIds/1_pwoltf19,1_ye50mux7,1_u59avhzn,1_31bc7337/a.m3u8?uiConfId=50468382&playSessionId=28713735-46b5-1ea9-afd2-cb0d47d6760d:600029ea-78e5-e570-ef0f-64d2d9102e2a&referrer=aHR0cHM6Ly93d3cubnZpZGlhLmNvbS9lbi11cy9vbi1kZW1hbmQvc2Vzc2lvbi9ndGMyNS1zNzQyOTgv&clientTag=html5:v7.264","m3u8"
"https://www.nvidia.com/en-us/on-demand/session/gtc25-s74299/","36:02:00","https://cdnapisec.kaltura.com/p/2935771/sp/293577100/playManifest/entryId/1_utym75zj/protocol/https/format/applehttp/flavorIds/1_9hloz8u5,1_ha5k5mdv,1_b4hywdy7,1_6ctn983p,1_wcjagff7/a.m3u8?uiConfId=50468382&playSessionId=e5f308d3-2300-8fe7-88ee-f37fb8ea8573:c13ea4a7-ed59-0894-22e7-4d4be9fd28c4&referrer=aHR0cHM6Ly93d3cubnZpZGlhLmNvbS9lbi11cy9vbi1kZW1hbmQvc2Vzc2lvbi9ndGMyNS1zNzQyOTkv&clientTag=html5:v7.264","m3u8"
"https://www.nvidia.com/en-us/on-demand/session/gtc25-s74304/","28:30:00","https://cdnapisec.kaltura.com/p/2935771/sp/293577100/playManifest/entryId/1_27zaarm6/protocol/https/format/applehttp/flavorIds/1_33z3lgkw,1_cii1uldu,1_uivb53ct,1_kgy5s0wy,1_szl2otgz/a.m3u8?uiConfId=50468382&playSessionId=cea126df-b204-fb5c-e7e7-6cc55afd108c:28d79560-b748-f0e2-a50f-50e4cf5dc2fa&referrer=aHR0cHM6Ly93d3cubnZpZGlhLmNvbS9lbi11cy9vbi1kZW1hbmQvc2Vzc2lvbi9ndGMyNS1zNzQzMDQv&clientTag=html5:v7.264","m3u8"
"https://www.nvidia.com/en-us/on-demand/session/gtc25-s74587/","31:07:00","https://cdnapisec.kaltura.com/p/2935771/sp/293577100/playManifest/entryId/1_ejo9pde6/protocol/https/format/applehttp/flavorIds/1_jrvbfmlg,1_8449eq0l,1_bm4ivgtf,1_ikr21enk/a.m3u8?uiConfId=50468382&playSessionId=77aaac12-3008-900b-3d19-a4d96d0a99b0:3a8198e8-02a0-69e7-7d94-025d40ca5cd9&referrer=aHR0cHM6Ly93d3cubnZpZGlhLmNvbS9lbi11cy9vbi1kZW1hbmQvc2Vzc2lvbi9ndGMyNS1zNzQ1ODcv&clientTag=html5:v7.264","m3u8"
"https://www.nvidia.com/en-us/on-demand/session/gtc25-s74592/","33:04:00","https://cdnapisec.kaltura.com/p/2935771/sp/293577100/playManifest/entryId/1_rq8lq7s4/protocol/https/format/applehttp/flavorIds/1_kp1505mg,1_b17loir6,1_n9320jtb,1_v6y77vm8,1_f78x4wtd/a.m3u8?uiConfId=50468382&playSessionId=f159c066-b41b-d07a-0334-a117b009e40b:46b532e0-9192-e409-d254-a5b2942ddb64&referrer=aHR0cHM6Ly93d3cubnZpZGlhLmNvbS9lbi11cy9vbi1kZW1hbmQvc2Vzc2lvbi9ndGMyNS1zNzQ1OTIv&clientTag=html5:v7.264","m3u8"
"https://www.nvidia.com/en-us/on-demand/session/gtc25-s74594/","14:30","https://cdnapisec.kaltura.com/p/2935771/sp/293577100/playManifest/entryId/1_xfsws2no/protocol/https/format/applehttp/flavorIds/1_zsquppi4,1_8tmyezxv,1_9i75zm1m,1_suklh2o2,1_nopcv9w2/a.m3u8?uiConfId=50468382&playSessionId=07204e8f-0d8e-10af-f134-2bb5b6d19a63:52e71f04-f716-2494-30aa-2dad91c56750&referrer=aHR0cHM6Ly93d3cubnZpZGlhLmNvbS9lbi11cy9vbi1kZW1hbmQvc2Vzc2lvbi9ndGMyNS1zNzQ1OTQv&clientTag=html5:v7.264","m3u8"
"https://www.nvidia.com/en-us/on-demand/session/gtc25-s74599/","48:17:00","https://cdnapisec.kaltura.com/p/2935771/sp/293577100/playManifest/entryId/1_zldq3fog/protocol/https/format/applehttp/flavorIds/1_eep4oyo3,1_zl04v4ld,1_ai2fm9lj,1_kx4q8rqm,1_q79a39y0/a.m3u8?uiConfId=50468382&playSessionId=3fc658ea-904e-cf86-dac0-429ed9aa07d3:b7aabb7f-0627-397b-bd0b-a999b14b1bd3&referrer=aHR0cHM6Ly93d3cubnZpZGlhLmNvbS9lbi11cy9vbi1kZW1hbmQvc2Vzc2lvbi9ndGMyNS1zNzQ1OTkv&clientTag=html5:v7.264","m3u8"
"https://www.nvidia.com/en-us/on-demand/session/gtc25-s74600/","36:17:00","https://cdnapisec.kaltura.com/p/2935771/sp/293577100/playManifest/entryId/1_4wpa4rli/protocol/https/format/applehttp/flavorIds/1_linjfsok,1_l8dodkti,1_rp0acjma,1_q34q95oj,1_v9emauwe/a.m3u8?uiConfId=50468382&playSessionId=b211ee08-c661-e4b1-660a-1940c5e7d841:81e7e1d5-075b-a1b4-20e4-f33a6a576f25&referrer=aHR0cHM6Ly93d3cubnZpZGlhLmNvbS9lbi11cy9vbi1kZW1hbmQvc2Vzc2lvbi9ndGMyNS1zNzQ2MDAv&clientTag=html5:v7.264","m3u8"
"https://www.nvidia.com/en-us/on-demand/session/gtc25-s74608/","31:54:00","https://cdnapisec.kaltura.com/p/2935771/sp/293577100/playManifest/entryId/1_03ph4qz2/protocol/https/format/applehttp/flavorIds/1_ktwkauy5,1_37wrxoby,1_hysi1k56,1_6l75eoes,1_q2ybs8a7/a.m3u8?uiConfId=50468382&playSessionId=21203936-bf1f-19c9-8e31-1f5e965a80ba:3db61b5a-dcbe-2ef2-3912-f04d2caa23b5&referrer=aHR0cHM6Ly93d3cubnZpZGlhLmNvbS9lbi11cy9vbi1kZW1hbmQvc2Vzc2lvbi9ndGMyNS1zNzQ2MDgv&clientTag=html5:v7.264","m3u8"
"https://www.nvidia.com/en-us/on-demand/session/gtc25-s74610/","29:34:00","https://cdnapisec.kaltura.com/p/2935771/sp/293577100/playManifest/entryId/1_34nfncda/protocol/https/format/applehttp/flavorIds/1_sw6x17iz,1_j97tngyv,1_t9bheuo3,1_e6jstirn,1_ztqd9qeu,1_nl8vkm0a/a.m3u8?uiConfId=50468382&playSessionId=38a7fb56-014c-489b-7afe-5f37fb041a27:68e0535b-2706-220a-2744-8ec57fb378eb&referrer=aHR0cHM6Ly93d3cubnZpZGlhLmNvbS9lbi11cy9vbi1kZW1hbmQvc2Vzc2lvbi9ndGMyNS1zNzQ2MTAv&clientTag=html5:v7.264","m3u8"
"https://www.nvidia.com/en-us/on-demand/session/gtc25-s74614/","39:37:00","https://cdnapisec.kaltura.com/p/2935771/sp/293577100/playManifest/entryId/1_hoj9u82t/protocol/https/format/applehttp/flavorIds/1_pclm7sgm,1_on6y36wm,1_ce1cu4fe,1_m2oazqyf,1_7wwgphq1/a.m3u8?uiConfId=50468382&playSessionId=6119cee3-202e-388b-bfcc-89e1073bae63:64a7a235-a06a-b0f1-6668-a7d44965d8cd&referrer=aHR0cHM6Ly93d3cubnZpZGlhLmNvbS9lbi11cy9vbi1kZW1hbmQvc2Vzc2lvbi9ndGMyNS1zNzQ2MTQv&clientTag=html5:v7.264","m3u8"
"https://www.nvidia.com/en-us/on-demand/session/gtc25-s74616/","34:56:00","https://cdnapisec.kaltura.com/p/2935771/sp/293577100/playManifest/entryId/1_mvx8o81q/protocol/https/format/applehttp/flavorIds/1_ndo2txh8,1_xaljeu77,1_h3lazxcs,1_cdd3s1ne,1_g8fja5wf/a.m3u8?uiConfId=50468382&playSessionId=27ebb8e9-9170-a884-03ad-e03c2a574cc5:7513bd09-74fe-1805-5836-65dc592ffedf&referrer=aHR0cHM6Ly93d3cubnZpZGlhLmNvbS9lbi11cy9vbi1kZW1hbmQvc2Vzc2lvbi9ndGMyNS1zNzQ2MTYv&clientTag=html5:v7.264","m3u8"
"https://www.nvidia.com/en-us/on-demand/session/gtc25-s74617/","36:46:00","https://cdnapisec.kaltura.com/p/2935771/sp/293577100/playManifest/entryId/1_yjbt6nxg/protocol/https/format/applehttp/flavorIds/1_uzv0xzib,1_hhpufx7f,1_tgzn5mqd,1_gxdnd06g/a.m3u8?uiConfId=50468382&playSessionId=b2d0f9f5-1779-7f35-a662-45a108936dad:a830ad7b-5612-5a26-6c8f-68d0eb1e6ad1&referrer=aHR0cHM6Ly93d3cubnZpZGlhLmNvbS9lbi11cy9vbi1kZW1hbmQvc2Vzc2lvbi9ndGMyNS1zNzQ2MTcv&clientTag=html5:v7.264","m3u8"
"https://www.nvidia.com/en-us/on-demand/session/gtc25-s74618/","38:15:00","https://cdnapisec.kaltura.com/p/2935771/sp/293577100/playManifest/entryId/1_cu42dbwe/protocol/https/format/applehttp/flavorIds/1_4tihcg1g,1_8kdaisfu,1_3il7caei/a.m3u8?uiConfId=50468382&playSessionId=bc387285-2754-1663-e12a-7cf5575624e8:6e64f346-7cab-aa76-c348-2329b8a71091&referrer=aHR0cHM6Ly93d3cubnZpZGlhLmNvbS9lbi11cy9vbi1kZW1hbmQvc2Vzc2lvbi9ndGMyNS1zNzQ2MTgv&clientTag=html5:v7.264","m3u8"
"https://www.nvidia.com/en-us/on-demand/session/gtc25-s74622/","33:46:00","https://cdnapisec.kaltura.com/p/2935771/sp/293577100/playManifest/entryId/1_ww8muy1o/protocol/https/format/applehttp/flavorIds/1_hr2pyvkz,1_xe5sn2gy,1_uga570za,1_3gqot84o/a.m3u8?uiConfId=50468382&playSessionId=9b878e46-df72-d899-4324-91a78a04b2c1:a45866b3-21b8-2807-a171-9298d2fe2d22&referrer=aHR0cHM6Ly93d3cubnZpZGlhLmNvbS9lbi11cy9vbi1kZW1hbmQvc2Vzc2lvbi9ndGMyNS1zNzQ2MjIv&clientTag=html5:v7.264","m3u8"
"https://www.nvidia.com/en-us/on-demand/session/gtc25-s74627/","15:38","https://cdnapisec.kaltura.com/p/2935771/sp/293577100/playManifest/entryId/1_ok89ozgr/protocol/https/format/applehttp/flavorIds/1_dws804v0,1_whmunruw,1_2wwbmnxu,1_m3kis339,1_qhlm3eum/a.m3u8?uiConfId=50468382&playSessionId=edcff437-009e-eb96-0b41-63338fe2d28e:4fbdcc7c-c007-5f74-832a-c8dd00150d9b&referrer=aHR0cHM6Ly93d3cubnZpZGlhLmNvbS9lbi11cy9vbi1kZW1hbmQvc2Vzc2lvbi9ndGMyNS1zNzQ2Mjcv&clientTag=html5:v7.264","m3u8"
"https://www.nvidia.com/en-us/on-demand/session/gtc25-s74632/","29:53:00","https://cdnapisec.kaltura.com/p/2935771/sp/293577100/playManifest/entryId/1_sgzuymah/protocol/https/format/applehttp/flavorIds/1_66gm1jet,1_j88433k2,1_dnyp5vbn,1_kh19wfwu,1_w3momw2o/a.m3u8?uiConfId=50468382&playSessionId=712b1e51-427c-ff82-2af1-102e5c1cc8dc:4e02bdd3-1e90-9ed3-d7b4-89b4287e92d2&referrer=aHR0cHM6Ly93d3cubnZpZGlhLmNvbS9lbi11cy9vbi1kZW1hbmQvc2Vzc2lvbi9ndGMyNS1zNzQ2MzIv&clientTag=html5:v7.264","m3u8"
"https://www.nvidia.com/en-us/on-demand/session/gtc25-s74636/","37:04:00","https://cdnapisec.kaltura.com/p/2935771/sp/293577100/playManifest/entryId/1_jjso81a7/protocol/https/format/applehttp/flavorIds/1_ayh5bxnv,1_tlmefyw9,1_6a59xr9u,1_5645lm81,1_5ccpi2ap/a.m3u8?uiConfId=50468382&playSessionId=76528588-cbaf-a903-fd34-43b796e20c37:d84c8174-ff04-60fe-d630-ed2165b2d1f7&referrer=aHR0cHM6Ly93d3cubnZpZGlhLmNvbS9lbi11cy9vbi1kZW1hbmQvc2Vzc2lvbi9ndGMyNS1zNzQ2MzYv&clientTag=html5:v7.264","m3u8"
"https://www.nvidia.com/en-us/on-demand/session/gtc25-s74653/","17:38","https://cdnapisec.kaltura.com/p/2935771/sp/293577100/playManifest/entryId/1_wo9s0n5v/protocol/https/format/applehttp/flavorIds/1_fbjyv516,1_5t5kqyab,1_zw349xdu,1_tqjvjrtq,1_lo95upkd/a.m3u8?uiConfId=50468382&playSessionId=a7dbdcf8-888c-0279-ef6e-d240119e82f3:787b80d6-c911-8095-d219-5b3cad4de2f7&referrer=aHR0cHM6Ly93d3cubnZpZGlhLmNvbS9lbi11cy9vbi1kZW1hbmQvc2Vzc2lvbi9ndGMyNS1zNzQ2NTMv&clientTag=html5:v7.264","m3u8"
"https://www.nvidia.com/en-us/on-demand/session/gtc25-s74743/","45:49:00","https://cdnapisec.kaltura.com/p/2935771/sp/293577100/playManifest/entryId/1_f9t23v2m/protocol/https/format/applehttp/flavorIds/1_5lh8vzzp,1_lylvygjo,1_qn8j2hbe,1_j0n6ia1b/a.m3u8?uiConfId=50468382&playSessionId=6c8a4020-2d3a-e3bb-6b91-6cf9c791b39d:a499230e-799f-c8b5-5fca-74c58933abef&referrer=aHR0cHM6Ly93d3cubnZpZGlhLmNvbS9lbi11cy9vbi1kZW1hbmQvc2Vzc2lvbi9ndGMyNS1zNzQ3NDMv&clientTag=html5:v7.264","m3u8"
"https://www.nvidia.com/en-us/on-demand/session/gtc25-s74936/","38:24:00","https://cdnapisec.kaltura.com/p/2935771/sp/293577100/playManifest/entryId/1_2863ic96/protocol/https/format/applehttp/flavorIds/1_r6930hij,1_ne5sm4l5,1_t9764279,1_t1n2dc4c,1_og4875id/a.m3u8?uiConfId=50468382&playSessionId=2d1216db-dc78-83a3-16a6-97a8db53066e:e13e2cf6-28ab-5537-4370-49907ef221d7&referrer=aHR0cHM6Ly93d3cubnZpZGlhLmNvbS9lbi11cy9vbi1kZW1hbmQvc2Vzc2lvbi9ndGMyNS1zNzQ5MzYv&clientTag=html5:v7.264","m3u8"
"https://www.nvidia.com/en-us/on-demand/session/gtc25-s74502/","41:07:00","https://cdnapisec.kaltura.com/p/2935771/sp/293577100/playManifest/entryId/1_mqo6wftp/protocol/https/format/applehttp/flavorIds/1_a7p012hk,1_l9wyiy6t,1_xrojqcsb,1_smbsrkyt/a.m3u8?uiConfId=50468382&playSessionId=e0a85d23-83a2-2e28-341e-0fe64f994389:fea3fcf4-7743-44ec-04c6-cc695a107fe7&referrer=aHR0cHM6Ly93d3cubnZpZGlhLmNvbS9lbi11cy9vbi1kZW1hbmQvc2Vzc2lvbi9ndGMyNS1zNzQ1MDIv&clientTag=html5:v7.264","m3u8"
"https://www.nvidia.com/en-us/on-demand/session/gtc25-s74504/","37:55:00","https://cdnapisec.kaltura.com/p/2935771/sp/293577100/playManifest/entryId/1_xvfe25mv/protocol/https/format/applehttp/flavorIds/1_pf5nc3wi,1_u3bjsokl,1_dedi8pao,1_v67aspno/a.m3u8?uiConfId=50468382&playSessionId=d79e957e-b7f4-b9e2-7373-44039fd93e8d:61e3b484-e709-9957-277f-49f0d62e17c8&referrer=aHR0cHM6Ly93d3cubnZpZGlhLmNvbS9lbi11cy9vbi1kZW1hbmQvc2Vzc2lvbi9ndGMyNS1zNzQ1MDQv&clientTag=html5:v7.264","m3u8"
"https://www.nvidia.com/en-us/on-demand/session/gtc25-s74517/","9:50","https://cdnapisec.kaltura.com/p/2935771/sp/293577100/playManifest/entryId/1_a36vdopj/protocol/https/format/applehttp/flavorIds/1_rxvfhu2f,1_rcwerndu,1_ns4fdoac,1_pfhog5lj,1_ehkd6kvw/a.m3u8?uiConfId=50468382&playSessionId=c56df4d3-fe12-1fc9-f126-f3bddfd4cd4d:49344c0b-92de-3417-bff0-4a0114ca8982&referrer=aHR0cHM6Ly93d3cubnZpZGlhLmNvbS9lbi11cy9vbi1kZW1hbmQvc2Vzc2lvbi9ndGMyNS1zNzQ1MTcv&clientTag=html5:v7.264","m3u8"
"https://www.nvidia.com/en-us/on-demand/session/gtc25-s74559/","38:27:00","https://cdnapisec.kaltura.com/p/2935771/sp/293577100/playManifest/entryId/1_l4ho7wyy/protocol/https/format/applehttp/flavorIds/1_c0suxrm4,1_selznx1k,1_v59cyvu3,1_r7p4e0j9,1_nlyju7sp/a.m3u8?uiConfId=50468382&playSessionId=d6dd30f2-15b5-6b40-342c-68c2aef8e301:37848166-5af9-6bf8-2702-7d92a46143df&referrer=aHR0cHM6Ly93d3cubnZpZGlhLmNvbS9lbi11cy9vbi1kZW1hbmQvc2Vzc2lvbi9ndGMyNS1zNzQ1NTkv&clientTag=html5:v7.264","m3u8"
"https://www.nvidia.com/en-us/on-demand/session/gtc25-s74562/","23:13","https://cdnapisec.kaltura.com/p/2935771/sp/293577100/playManifest/entryId/1_w6yiu8ca/protocol/https/format/applehttp/flavorIds/1_d6lyjfd6,1_wj8tcji8,1_os6fosze/a.m3u8?uiConfId=50468382&playSessionId=6d199ea1-ab91-ad3b-5abe-db5473442786:c669a7f1-bb2c-b1a6-8e7b-7a7f9cbeda46&referrer=aHR0cHM6Ly93d3cubnZpZGlhLmNvbS9lbi11cy9vbi1kZW1hbmQvc2Vzc2lvbi9ndGMyNS1zNzQ1NjIv&clientTag=html5:v7.264","m3u8"
"https://www.nvidia.com/en-us/on-demand/session/gtc25-s74567/","32:18:00","https://cdnapisec.kaltura.com/p/2935771/sp/293577100/playManifest/entryId/1_9iubjsy8/protocol/https/format/applehttp/flavorIds/1_5wjxvb50,1_nacf2yc5,1_fovysbth,1_2r874go2/a.m3u8?uiConfId=50468382&playSessionId=09459534-5f90-dc63-764d-58d68b65188b:20f7a36c-3672-5cdb-7672-bc2171155366&referrer=aHR0cHM6Ly93d3cubnZpZGlhLmNvbS9lbi11cy9vbi1kZW1hbmQvc2Vzc2lvbi9ndGMyNS1zNzQ1Njcv&clientTag=html5:v7.264","m3u8"
"https://www.nvidia.com/en-us/on-demand/session/gtc25-s74585/","32:11:00","https://cdnapisec.kaltura.com/p/2935771/sp/293577100/playManifest/entryId/1_06h1g492/protocol/https/format/applehttp/flavorIds/1_hezpz193,1_nfr2kueu/a.m3u8?uiConfId=50468382&playSessionId=b9bee3e6-8bf7-731c-de2a-3f193936b367:d2c71107-4f2e-bf13-cc4f-0cb0a9f4710c&referrer=aHR0cHM6Ly93d3cubnZpZGlhLmNvbS9lbi11cy9vbi1kZW1hbmQvc2Vzc2lvbi9ndGMyNS1zNzQ1ODUv&clientTag=html5:v7.264","m3u8"
"https://www.nvidia.com/en-us/on-demand/session/gtc25-dlit71710/","1:39:02","https://cdnapisec.kaltura.com/p/2935771/sp/293577100/playManifest/entryId/1_i7dwhfdy/protocol/https/format/applehttp/flavorIds/1_mcb0527x,1_t58q6bv7,1_2viqsdk3,1_nroy0v60,1_wbymgpkd/a.m3u8?uiConfId=50468382&playSessionId=e8b1a849-a08e-6ffe-68dd-d09440ad560c:00391c3a-0e65-59b6-e626-4e3634edbe0f&referrer=aHR0cHM6Ly93d3cubnZpZGlhLmNvbS9lbi11cy9vbi1kZW1hbmQvc2Vzc2lvbi9ndGMyNS1kbGl0NzE3MTAv&clientTag=html5:v7.264","m3u8"
"https://www.nvidia.com/en-us/on-demand/session/gtc25-s72431/","35:31:00","https://cdnapisec.kaltura.com/p/2935771/sp/293577100/playManifest/entryId/1_efbo8hxm/protocol/https/format/applehttp/flavorIds/1_vvhsq3pf,1_qspiiqi3,1_45ydyklw,1_s11jmszc,1_otmh3ssk/a.m3u8?uiConfId=50468382&playSessionId=9ac3e555-3f63-376d-cbf2-d43b075fc7e6:d83bf37b-f94d-b089-00ee-d28347dd32a8&referrer=aHR0cHM6Ly93d3cubnZpZGlhLmNvbS9lbi11cy9vbi1kZW1hbmQvc2Vzc2lvbi9ndGMyNS1zNzI0MzEv&clientTag=html5:v7.264","m3u8"
"https://www.nvidia.com/en-us/on-demand/session/gtc25-s71475/","12:50","https://cdnapisec.kaltura.com/p/2935771/sp/293577100/playManifest/entryId/1_rwq7mec6/protocol/https/format/applehttp/flavorIds/1_yo9henar,1_d8fqtifh,1_nmbwvxw5,1_w3han45i/a.m3u8?uiConfId=50468382&playSessionId=5f8a4323-a2b5-3420-5cf7-1f4af29034bc:57665209-6adb-a651-ab9e-e9fd11e0f561&referrer=aHR0cHM6Ly93d3cubnZpZGlhLmNvbS9lbi11cy9vbi1kZW1hbmQvc2Vzc2lvbi9ndGMyNS1zNzE0NzUv&clientTag=html5:v7.264","m3u8"
"https://www.nvidia.com/en-us/on-demand/session/gtc25-s71963/","22:03","https://cdnapisec.kaltura.com/p/2935771/sp/293577100/playManifest/entryId/1_55w4p7yq/protocol/https/format/applehttp/flavorIds/1_mv8ehp7n,1_t03i6r8t,1_8zxwljwm,1_pch6tbv1/a.m3u8?uiConfId=50468382&playSessionId=b4a3050f-e025-b3bb-2677-9dd4efc1eb42:26a2a67e-04b0-3538-77e9-7855874e5229&referrer=aHR0cHM6Ly93d3cubnZpZGlhLmNvbS9lbi11cy9vbi1kZW1hbmQvc2Vzc2lvbi9ndGMyNS1zNzE5NjMv&clientTag=html5:v7.264","m3u8"
"https://www.nvidia.com/en-us/on-demand/session/gtc25-s72001/","36:30:00","https://cdnapisec.kaltura.com/p/2935771/sp/293577100/playManifest/entryId/1_xifdjtl1/protocol/https/format/applehttp/flavorIds/1_7cojjfid,1_glgv8fx8,1_z3bxgoyp,1_2bd31025,1_2hxbr3og/a.m3u8?uiConfId=50468382&playSessionId=4c9df88c-a48b-c41f-4296-45a706914e85:f1751e7a-72ba-1c23-bff5-6d0d70401c70&referrer=aHR0cHM6Ly93d3cubnZpZGlhLmNvbS9lbi11cy9vbi1kZW1hbmQvc2Vzc2lvbi9ndGMyNS1zNzIwMDEv&clientTag=html5:v7.264","m3u8"
"https://www.nvidia.com/en-us/on-demand/session/gtc25-dd73693/","55:11:00","https://cdnapisec.kaltura.com/p/2935771/sp/293577100/playManifest/entryId/1_5y4cim0k/protocol/https/format/applehttp/flavorIds/1_p60xjsl2,1_xwsm5h60,1_yiohh43w,1_5hbnshz4,1_8nnmbdbv/a.m3u8?uiConfId=50468382&playSessionId=67ac8dcc-f84f-b17c-917b-f766c5b51a5a:a128ecbe-d6aa-dbe9-c533-8be1cde73662&referrer=aHR0cHM6Ly93d3cubnZpZGlhLmNvbS9lbi11cy9vbi1kZW1hbmQvc2Vzc2lvbi9ndGMyNS1kZDczNjkzLw==&clientTag=html5:v7.264","m3u8"
"https://www.nvidia.com/en-us/on-demand/session/gtc25-dd73696/","37:17:00","https://cdnapisec.kaltura.com/p/2935771/sp/293577100/playManifest/entryId/1_f0d4nq7z/protocol/https/format/applehttp/flavorIds/1_tvo4rajg,1_a38502hc,1_guq4q2bo,1_cs4ytz8v,1_s4dgxu2v/a.m3u8?uiConfId=50468382&playSessionId=8b0b0edd-39eb-7804-511b-31678d050f4a:5f9e8392-dcef-0566-d833-25ee00ff9361&referrer=aHR0cHM6Ly93d3cubnZpZGlhLmNvbS9lbi11cy9vbi1kZW1hbmQvc2Vzc2lvbi9ndGMyNS1kZDczNjk2Lw==&clientTag=html5:v7.264","m3u8"
"https://www.nvidia.com/en-us/on-demand/session/gtc25-s73267/","36:57:00","https://cdnapisec.kaltura.com/p/2935771/sp/293577100/playManifest/entryId/1_77ljezlu/protocol/https/format/applehttp/flavorIds/1_07j3ltaq,1_knqnxl8s,1_5kpaxq2h,1_60311c49,1_w3klwlke/a.m3u8?uiConfId=50468382&playSessionId=87f0a861-bf12-4cb9-17bd-c4c5096a94aa:acfe924a-acce-2c7f-70ec-9703c23576cf&referrer=aHR0cHM6Ly93d3cubnZpZGlhLmNvbS9lbi11cy9vbi1kZW1hbmQvc2Vzc2lvbi9ndGMyNS1zNzMyNjcv&clientTag=html5:v7.264","m3u8"
"https://www.nvidia.com/en-us/on-demand/session/gtc25-s73290/","38:47:00","https://cdnapisec.kaltura.com/p/2935771/sp/293577100/playManifest/entryId/1_b6lwx5e7/protocol/https/format/applehttp/flavorIds/1_9ecou2rd,1_btnodkjj,1_qxlnj2x3,1_ekyp8tys/a.m3u8?uiConfId=50468382&playSessionId=40cd6d59-e45f-b62a-28b1-38f2de022ba4:dab46a81-fa6e-45d4-d98d-8ffb2030fcd2&referrer=aHR0cHM6Ly93d3cubnZpZGlhLmNvbS9lbi11cy9vbi1kZW1hbmQvc2Vzc2lvbi9ndGMyNS1zNzMyOTAv&clientTag=html5:v7.264","m3u8"
"https://www.nvidia.com/en-us/on-demand/session/gtc25-s73298/","37:28:00","https://cdnapisec.kaltura.com/p/2935771/sp/293577100/playManifest/entryId/1_pm511vri/protocol/https/format/applehttp/flavorIds/1_3tjlig67,1_jdniisz1,1_ywseoj04,1_7fq0qngo,1_rstu9pxy/a.m3u8?uiConfId=50468382&playSessionId=1c44fb86-7ba0-d8de-8f18-277847dde2b7:1f3b55ad-39c9-6f2d-89b1-e74c0bf4f813&referrer=aHR0cHM6Ly93d3cubnZpZGlhLmNvbS9lbi11cy9vbi1kZW1hbmQvc2Vzc2lvbi9ndGMyNS1zNzMyOTgv&clientTag=html5:v7.264","m3u8"
"https://www.nvidia.com/en-us/on-demand/session/gtc25-s73649/","41:13:00","https://cdnapisec.kaltura.com/p/2935771/sp/293577100/playManifest/entryId/1_ko6aqdb3/protocol/https/format/applehttp/flavorIds/1_6k4u0o9a,1_4ehuuvey,1_56qtv72a,1_0590zrl2,1_y4awkawg,1_d6no7zbs/a.m3u8?uiConfId=50468382&playSessionId=3f6ef406-320a-de27-9fb4-8854f2b5c4b9:2136e760-49b7-47e8-1e9a-61ef95ffe6af&referrer=aHR0cHM6Ly93d3cubnZpZGlhLmNvbS9lbi11cy9vbi1kZW1hbmQvc2Vzc2lvbi9ndGMyNS1zNzM2NDkv&clientTag=html5:v7.264","m3u8"
"https://www.nvidia.com/en-us/on-demand/session/gtc25-s72583/","42:45:00","https://cdnapisec.kaltura.com/p/2935771/sp/293577100/playManifest/entryId/1_z9wruynt/protocol/https/format/applehttp/flavorIds/1_v7vlipjh,1_xq7ws0rm,1_kyzzsoja/a.m3u8?uiConfId=50468382&playSessionId=5a599989-1862-2be9-7451-0cbb29b6c912:d2185df6-c93b-63a5-670d-6055c8399595&referrer=aHR0cHM6Ly93d3cubnZpZGlhLmNvbS9lbi11cy9vbi1kZW1hbmQvc2Vzc2lvbi9ndGMyNS1zNzI1ODMv&clientTag=html5:v7.264","m3u8"
"https://www.nvidia.com/en-us/on-demand/session/gtc25-s72057/","44:13:00","https://cdnapisec.kaltura.com/p/2935771/sp/293577100/playManifest/entryId/1_46woghwv/protocol/https/format/applehttp/flavorIds/1_8d8cj6gc,1_hselbh5q,1_6x8xa6t3,1_efyzxxtv,1_2w33fkxe/a.m3u8?uiConfId=50468382&playSessionId=886c39a2-361d-1d93-f449-017321a0a236:539d7ff2-c727-b60d-f45c-1dfbd2af6cd7&referrer=aHR0cHM6Ly93d3cubnZpZGlhLmNvbS9lbi11cy9vbi1kZW1hbmQvc2Vzc2lvbi9ndGMyNS1zNzIwNTcv&clientTag=html5:v7.264","m3u8"
"https://www.nvidia.com/en-us/on-demand/session/gtc25-s73123/","39:01:00","https://cdnapisec.kaltura.com/p/2935771/sp/293577100/playManifest/entryId/1_eh1qj12m/protocol/https/format/applehttp/flavorIds/1_wilcc20n,1_sih7ic10,1_vth7bejq,1_npojkhmz,1_spnww3th/a.m3u8?uiConfId=50468382&playSessionId=64131c76-26a2-afdc-c7d5-d52e5e0e9aaf:8ef1a9d6-9517-83bd-1f71-84365ad7be08&referrer=aHR0cHM6Ly93d3cubnZpZGlhLmNvbS9lbi11cy9vbi1kZW1hbmQvc2Vzc2lvbi9ndGMyNS1zNzMxMjMv&clientTag=html5:v7.264","m3u8"
"https://www.nvidia.com/en-us/on-demand/session/gtc25-s72921/","36:11:00","https://cdnapisec.kaltura.com/p/2935771/sp/293577100/playManifest/entryId/1_0aupmlpo/protocol/https/format/applehttp/flavorIds/1_octbrd2l,1_fuki1v52,1_xqtoppps,1_8xeiq1ia,1_w5pm1rj1/a.m3u8?uiConfId=50468382&playSessionId=df0197c0-040d-24a5-217b-5ff65134aeff:fbab5b2b-d7f4-c963-32ae-3b11f36cce63&referrer=aHR0cHM6Ly93d3cubnZpZGlhLmNvbS9lbi11cy9vbi1kZW1hbmQvc2Vzc2lvbi9ndGMyNS1zNzI5MjEv&clientTag=html5:v7.264","m3u8"
"https://www.nvidia.com/en-us/on-demand/session/gtc25-s73075/","41:26:00","https://cdnapisec.kaltura.com/p/2935771/sp/293577100/playManifest/entryId/1_4f34bgfa/protocol/https/format/applehttp/flavorIds/1_3c56a171,1_tnaachlf,1_wyzw13ot,1_29gf149d,1_lq637894/a.m3u8?uiConfId=50468382&playSessionId=0989c774-f034-27da-293a-6db7177609e7:023613a5-7ce9-aa2b-1dbf-83570e49a27c&referrer=aHR0cHM6Ly93d3cubnZpZGlhLmNvbS9lbi11cy9vbi1kZW1hbmQvc2Vzc2lvbi9ndGMyNS1zNzMwNzUv&clientTag=html5:v7.264","m3u8"
"https://www.nvidia.com/en-us/on-demand/session/gtc25-s73229/","41:19:00","https://cdnapisec.kaltura.com/p/2935771/sp/293577100/playManifest/entryId/1_un9x6cej/protocol/https/format/applehttp/flavorIds/1_k30ls9aj,1_58xceqxr,1_yxo0cie2,1_npkjjtyy,1_bof8fytp/a.m3u8?uiConfId=50468382&playSessionId=76ab1010-ad75-7c12-9664-4492355c7732:f133db92-95cd-e6bf-a54b-12c7abbae3ad&referrer=aHR0cHM6Ly93d3cubnZpZGlhLmNvbS9lbi11cy9vbi1kZW1hbmQvc2Vzc2lvbi9ndGMyNS1zNzMyMjkv&clientTag=html5:v7.264","m3u8"
"https://www.nvidia.com/en-us/on-demand/session/gtc25-s73937/","37:57:00","https://cdnapisec.kaltura.com/p/2935771/sp/293577100/playManifest/entryId/1_52fped5h/protocol/https/format/applehttp/flavorIds/1_1lui8sws,1_1z13deqx,1_ha2v3rxs,1_iyb9phd0,1_wrldjod8/a.m3u8?uiConfId=50468382&playSessionId=78fd1ad8-d5a4-cb68-7d51-25587fe7e858:21d33be4-0009-2c4d-427d-b1a54587b5d9&referrer=aHR0cHM6Ly93d3cubnZpZGlhLmNvbS9lbi11cy9vbi1kZW1hbmQvc2Vzc2lvbi9ndGMyNS1zNzM5Mzcv&clientTag=html5:v7.264","m3u8"
"https://www.nvidia.com/en-us/on-demand/session/gtc25-s74023/","35:49:00","https://cdnapisec.kaltura.com/p/2935771/sp/293577100/playManifest/entryId/1_0fxllhex/protocol/https/format/applehttp/flavorIds/1_ntx5rtyy,1_5uwlbxdg,1_y9ra2gzw,1_v2627odf,1_qf1t5e14/a.m3u8?uiConfId=50468382&playSessionId=8d7f41cb-e9e0-b0d9-cb77-6ec0bc21205b:1c31f01f-1b1a-7c7c-1067-ca1c9c9dd8d1&referrer=aHR0cHM6Ly93d3cubnZpZGlhLmNvbS9lbi11cy9vbi1kZW1hbmQvc2Vzc2lvbi9ndGMyNS1zNzQwMjMv&clientTag=html5:v7.264","m3u8"
"https://www.nvidia.com/en-us/on-demand/session/gtc25-s74261/","39:58:00","https://cdnapisec.kaltura.com/p/2935771/sp/293577100/playManifest/entryId/1_ubvnnjhw/protocol/https/format/applehttp/flavorIds/1_z4hyjj2v,1_del8qiup,1_bcemyghk,1_pn5cj7sq,1_rputo6ki,1_yjpm78r7/a.m3u8?uiConfId=50468382&playSessionId=56563548-9ede-b179-1e2d-954635da0534:13705ebf-1bb4-29fb-53a4-330dfcf9e9e4&referrer=aHR0cHM6Ly93d3cubnZpZGlhLmNvbS9lbi11cy9vbi1kZW1hbmQvc2Vzc2lvbi9ndGMyNS1zNzQyNjEv&clientTag=html5:v7.264","m3u8"
"https://www.nvidia.com/en-us/on-demand/session/gtc25-s74588/","39:54:00","https://cdnapisec.kaltura.com/p/2935771/sp/293577100/playManifest/entryId/1_tzpijygc/protocol/https/format/applehttp/flavorIds/1_0w99tnrp,1_5isn2lck,1_5w0f3r58,1_8qelbqfg,1_4niunt6h/a.m3u8?uiConfId=50468382&playSessionId=7349199a-8433-b619-7e23-19af077f3acd:a363d0f5-00b3-bd02-4e2a-e4d4ee78024c&referrer=aHR0cHM6Ly93d3cubnZpZGlhLmNvbS9lbi11cy9vbi1kZW1hbmQvc2Vzc2lvbi9ndGMyNS1zNzQ1ODgv&clientTag=html5:v7.264","m3u8"
"https://www.nvidia.com/en-us/on-demand/session/gtc25-s71317/","42:54:00","https://cdnapisec.kaltura.com/p/2935771/sp/293577100/playManifest/entryId/1_m9yp14wx/protocol/https/format/applehttp/flavorIds/1_7cjygf1c,1_3j7wkf9o,1_wd7gmj83,1_fynn197v/a.m3u8?uiConfId=50468382&playSessionId=3e660cf5-d7bf-879a-5997-ac817f7a7849:351d9250-7f7f-d774-26d8-ead4a1824fd8&referrer=aHR0cHM6Ly93d3cubnZpZGlhLmNvbS9lbi11cy9vbi1kZW1hbmQvc2Vzc2lvbi9ndGMyNS1zNzEzMTcv&clientTag=html5:v7.264","m3u8"
"https://www.nvidia.com/en-us/on-demand/session/gtc25-s72441/","46:53:00","https://cdnapisec.kaltura.com/p/2935771/sp/293577100/playManifest/entryId/1_fphjlp74/protocol/https/format/applehttp/flavorIds/1_ax7l7mms,1_guj9sm8c,1_rp6kcwqq,1_4dim41hr,1_ivygxej6/a.m3u8?uiConfId=50468382&playSessionId=5a58afcb-f612-67f7-9e31-949615f85ec6:aceecfaf-725e-9412-b1bb-e536a4eb709c&referrer=aHR0cHM6Ly93d3cubnZpZGlhLmNvbS9lbi11cy9vbi1kZW1hbmQvc2Vzc2lvbi9ndGMyNS1zNzI0NDEv&clientTag=html5:v7.264","m3u8"
"https://www.nvidia.com/en-us/on-demand/session/gtc25-s72329/","56:37:00","https://cdnapisec.kaltura.com/p/2935771/sp/293577100/playManifest/entryId/1_392klhy0/protocol/https/format/applehttp/flavorIds/1_czwqziy8,1_h2p1i7f9,1_wmtg6tec,1_fj1w9cgf,1_ta0onth2,1_sqxl8gah/a.m3u8?uiConfId=50468382&playSessionId=8661102d-5d1c-22d6-a075-93eb79eca72e:dd95dd85-4a4a-141f-afc2-53c7628abb91&referrer=aHR0cHM6Ly93d3cubnZpZGlhLmNvbS9lbi11cy9vbi1kZW1hbmQvc2Vzc2lvbi9ndGMyNS1zNzIzMjkv&clientTag=html5:v7.264","m3u8"
"https://www.nvidia.com/en-us/on-demand/session/gtc25-s71545/","34:42:00","https://cdnapisec.kaltura.com/p/2935771/sp/293577100/playManifest/entryId/1_01p7sbop/protocol/https/format/applehttp/flavorIds/1_mskl4a82,1_6nlne0z1,1_ami0bh59,1_bemgpdld,1_2kjc256y/a.m3u8?uiConfId=50468382&playSessionId=1cd039a9-deed-b0f4-27a3-2df8af792eb5:5740aa05-0195-9575-5eb9-b2a83d722573&referrer=aHR0cHM6Ly93d3cubnZpZGlhLmNvbS9lbi11cy9vbi1kZW1hbmQvc2Vzc2lvbi9ndGMyNS1zNzE1NDUv&clientTag=html5:v7.264","m3u8"
"https://www.nvidia.com/en-us/on-demand/session/gtc25-s72071/","38:36:00","https://cdnapisec.kaltura.com/p/2935771/sp/293577100/playManifest/entryId/1_1oqaq0pq/protocol/https/format/applehttp/flavorIds/1_u96jk080,1_anyoqept,1_do5jzthp,1_5k3yii5g,1_83yftb4w/a.m3u8?uiConfId=50468382&playSessionId=02bbffbb-1d75-f61b-e0ed-b3ec53d5f796:66730c4a-ff3d-9dda-e322-b9ec8ffeac6d&referrer=aHR0cHM6Ly93d3cubnZpZGlhLmNvbS9lbi11cy9vbi1kZW1hbmQvc2Vzc2lvbi9ndGMyNS1zNzIwNzEv&clientTag=html5:v7.264","m3u8"
"https://www.nvidia.com/en-us/on-demand/session/gtc25-s71676/","38:01:00","https://cdnapisec.kaltura.com/p/2935771/sp/293577100/playManifest/entryId/1_zhf6ktp7/protocol/https/format/applehttp/flavorIds/1_ynz4mzsl,1_kaeydvi3,1_p7dmr391,1_jd77hf51/a.m3u8?uiConfId=50468382&playSessionId=b5cb1b35-35c7-b303-f2ba-0985eb1637ce:4ebd4f16-05e9-58b7-a145-5bdb90d8ab3e&referrer=aHR0cHM6Ly93d3cubnZpZGlhLmNvbS9lbi11cy9vbi1kZW1hbmQvc2Vzc2lvbi9ndGMyNS1zNzE2NzYv&clientTag=html5:v7.264","m3u8"
"https://www.nvidia.com/en-us/on-demand/session/gtc25-dlit72360/","37:42:00","https://cdnapisec.kaltura.com/p/2935771/sp/293577100/playManifest/entryId/1_1lfjweee/protocol/https/format/applehttp/flavorIds/1_ngvyo017,1_a8b83ajf,1_9dofws13,1_j697pxi7/a.m3u8?uiConfId=50468382&playSessionId=62fee0c8-203d-1c7a-72d6-af09b7293312:4db0b3f3-7cac-9a12-7e3c-a0d5b1f94238&referrer=aHR0cHM6Ly93d3cubnZpZGlhLmNvbS9lbi11cy9vbi1kZW1hbmQvc2Vzc2lvbi9ndGMyNS1kbGl0NzIzNjAv&clientTag=html5:v7.264","m3u8"
"https://www.nvidia.com/en-us/on-demand/session/gtc25-s73051/","39:48:00","https://cdnapisec.kaltura.com/p/2935771/sp/293577100/playManifest/entryId/1_oqsbyo4a/protocol/https/format/applehttp/flavorIds/1_u8mb1ukd,1_ovaydxzz,1_5fptspnq,1_vomm7qs9,1_5d365d9s/a.m3u8?uiConfId=50468382&playSessionId=88503da2-91cf-d18f-eda6-68a82731e0bd:e25b45b9-a0a7-4f40-ec86-e368f15cfe66&referrer=aHR0cHM6Ly93d3cubnZpZGlhLmNvbS9lbi11cy9vbi1kZW1hbmQvc2Vzc2lvbi9ndGMyNS1zNzMwNTEv&clientTag=html5:v7.264","m3u8"
"https://www.nvidia.com/en-us/on-demand/session/gtc25-s74357/","41:00:00","https://cdnapisec.kaltura.com/p/2935771/sp/293577100/playManifest/entryId/1_63518m3m/protocol/https/format/applehttp/flavorIds/1_y4mxsra9,1_qsh6egfd,1_z7yqbrdb,1_0llow7dx/a.m3u8?uiConfId=50468382&playSessionId=e095366e-a333-04b0-6996-a15f4e3341ee:fb18a4a4-6a2b-ffec-d06f-787e6e28c8ef&referrer=aHR0cHM6Ly93d3cubnZpZGlhLmNvbS9lbi11cy9vbi1kZW1hbmQvc2Vzc2lvbi9ndGMyNS1zNzQzNTcv&clientTag=html5:v7.264","m3u8"
"https://www.nvidia.com/en-us/on-demand/session/gtc25-s73011/","39:25:00","https://cdnapisec.kaltura.com/p/2935771/sp/293577100/playManifest/entryId/1_nge7ehwo/protocol/https/format/applehttp/flavorIds/1_i0p36ybl,1_ls95mw4c,1_qa8nkop6,1_mi5cyung,1_oohufqeg/a.m3u8?uiConfId=50468382&playSessionId=19572c22-2245-3441-0d04-456d3736bc38:c3690d55-b5e2-96b4-af79-6518ea400929&referrer=aHR0cHM6Ly93d3cubnZpZGlhLmNvbS9lbi11cy9vbi1kZW1hbmQvc2Vzc2lvbi9ndGMyNS1zNzMwMTEv&clientTag=html5:v7.264","m3u8"
"https://www.nvidia.com/en-us/on-demand/session/gtc25-s72864/","39:34:00","https://cdnapisec.kaltura.com/p/2935771/sp/293577100/playManifest/entryId/1_5g9pz832/protocol/https/format/applehttp/flavorIds/1_scbadtp8,1_kavybysn,1_az6car20,1_jfmyrzmf,1_id2fxige,1_apxpsq6c/a.m3u8?uiConfId=50468382&playSessionId=cc73dbeb-e1cd-98ac-e242-c8e5760d781e:d90abfa4-fef9-f283-b2cb-9ed7f58dad41&referrer=aHR0cHM6Ly93d3cubnZpZGlhLmNvbS9lbi11cy9vbi1kZW1hbmQvc2Vzc2lvbi9ndGMyNS1zNzI4NjQv&clientTag=html5:v7.264","m3u8"
"https://www.nvidia.com/en-us/on-demand/session/gtc25-s72874/","56:26:00","https://cdnapisec.kaltura.com/p/2935771/sp/293577100/playManifest/entryId/1_w8j62qws/protocol/https/format/applehttp/flavorIds/1_z56k1xw0,1_edb14ftt,1_ci8cv3w6,1_3hq1azuo,1_z0jud2uu/a.m3u8?uiConfId=50468382&playSessionId=2d1dd1bc-3cbc-e01f-304f-18d18f818565:eb1942c1-b9d1-2d32-91ae-a698ba6ac057&referrer=aHR0cHM6Ly93d3cubnZpZGlhLmNvbS9lbi11cy9vbi1kZW1hbmQvc2Vzc2lvbi9ndGMyNS1zNzI4NzQv&clientTag=html5:v7.264","m3u8"
"https://www.nvidia.com/en-us/on-demand/session/gtc25-s73751/","43:34:00","https://cdnapisec.kaltura.com/p/2935771/sp/293577100/playManifest/entryId/1_i9278wgn/protocol/https/format/applehttp/flavorIds/1_okvxr2pw,1_w1e2ytk2,1_6m55xn95,1_o7njytxv,1_9kblbbil,1_6yapdm51/a.m3u8?uiConfId=50468382&playSessionId=98a80422-ba2c-62e3-77dc-24a2d539e085:1b5a146b-d489-bbd8-de28-46c314d3e42d&referrer=aHR0cHM6Ly93d3cubnZpZGlhLmNvbS9lbi11cy9vbi1kZW1hbmQvc2Vzc2lvbi9ndGMyNS1zNzM3NTEv&clientTag=html5:v7.264","m3u8"
"https://www.nvidia.com/en-us/on-demand/session/gtc25-s73112/","38:40:00","https://cdnapisec.kaltura.com/p/2935771/sp/293577100/playManifest/entryId/1_zlbk3z73/protocol/https/format/applehttp/flavorIds/1_z920hf5z,1_corhsdiu,1_22ll5is5,1_e0f55hfl,1_phattvzy/a.m3u8?uiConfId=50468382&playSessionId=ece0e49c-29b5-9bac-0cce-44bcb28cc0e5:62093ec9-6c6d-1054-4e76-73111b862e6a&referrer=aHR0cHM6Ly93d3cubnZpZGlhLmNvbS9lbi11cy9vbi1kZW1hbmQvc2Vzc2lvbi9ndGMyNS1zNzMxMTIv&clientTag=html5:v7.264","m3u8"
"https://www.nvidia.com/en-us/on-demand/session/gtc25-s73129/","44:14:00","https://cdnapisec.kaltura.com/p/2935771/sp/293577100/playManifest/entryId/1_3z2cn3nw/protocol/https/format/applehttp/flavorIds/1_j86msvjz,1_k4h6wj14,1_zeq8jatf,1_a1yrc94w/a.m3u8?uiConfId=50468382&playSessionId=6995938d-7e1c-bde7-8d2e-29b3b96bb878:a6dd4177-31d0-b24e-42d4-b23fcccb5691&referrer=aHR0cHM6Ly93d3cubnZpZGlhLmNvbS9lbi11cy9vbi1kZW1hbmQvc2Vzc2lvbi9ndGMyNS1zNzMxMjkv&clientTag=html5:v7.264","m3u8"
"https://www.nvidia.com/en-us/on-demand/session/gtc25-dlit71308/","36:32:00","https://cdnapisec.kaltura.com/p/2935771/sp/293577100/playManifest/entryId/1_ogrf8c9g/protocol/https/format/applehttp/flavorIds/1_xq9lwk9y,1_gstpz6d4,1_xwi8ik8z,1_0kawwg2a/a.m3u8?uiConfId=50468382&playSessionId=d8b55a19-a6ec-eda6-19c2-b5f3aaf60704:4c04d3f8-4829-ae21-23f7-3b61d07b628d&referrer=aHR0cHM6Ly93d3cubnZpZGlhLmNvbS9lbi11cy9vbi1kZW1hbmQvc2Vzc2lvbi9ndGMyNS1kbGl0NzEzMDgv&clientTag=html5:v7.264","m3u8"
"https://www.nvidia.com/en-us/on-demand/session/gtc25-dlit71426/","1:32:21","https://cdnapisec.kaltura.com/p/2935771/sp/293577100/playManifest/entryId/1_whdjrn61/protocol/https/format/applehttp/flavorIds/1_2gszs9by,1_vkl5b0hv,1_ee3x96v5,1_sw04w7wl,1_3kmc9pzr/a.m3u8?uiConfId=50468382&playSessionId=ccf3c3de-b81f-0951-c95f-7b098e20bc38:346785ad-60f7-206a-0ee2-553bbc919022&referrer=aHR0cHM6Ly93d3cubnZpZGlhLmNvbS9lbi11cy9vbi1kZW1hbmQvc2Vzc2lvbi9ndGMyNS1kbGl0NzE0MjYv&clientTag=html5:v7.264","m3u8"
"https://www.nvidia.com/en-us/on-demand/session/gtc25-s73974/","32:34:00","https://cdnapisec.kaltura.com/p/2935771/sp/293577100/playManifest/entryId/1_b65czppx/protocol/https/format/applehttp/flavorIds/1_h9ydnkdp,1_tfxidl8l,1_mv70cd8p/a.m3u8?uiConfId=50468382&playSessionId=e228aa73-2112-f962-8a72-fa8dcb89173d:ec22cd4d-508b-a8a3-5573-1afd6724c449&referrer=aHR0cHM6Ly93d3cubnZpZGlhLmNvbS9lbi11cy9vbi1kZW1hbmQvc2Vzc2lvbi9ndGMyNS1zNzM5NzQv&clientTag=html5:v7.264","m3u8"
"https://www.nvidia.com/en-us/on-demand/session/gtc25-s74407/","42:35:00","https://cdnapisec.kaltura.com/p/2935771/sp/293577100/playManifest/entryId/1_9m8y9e1d/protocol/https/format/applehttp/flavorIds/1_28igyx1f,1_wocv2nht,1_h02vmdo7,1_hk4d80y4,1_ixb4l80m/a.m3u8?uiConfId=50468382&playSessionId=794d341d-142a-9853-0d76-eda015a075e9:ee5d1878-1b6d-408a-4aee-b47f7e714bec&referrer=aHR0cHM6Ly93d3cubnZpZGlhLmNvbS9lbi11cy9vbi1kZW1hbmQvc2Vzc2lvbi9ndGMyNS1zNzQ0MDcv&clientTag=html5:v7.264","m3u8"
"https://www.nvidia.com/en-us/on-demand/session/gtc25-s74289/","32:31:00","https://cdnapisec.kaltura.com/p/2935771/sp/293577100/playManifest/entryId/1_n0fr7fh5/protocol/https/format/applehttp/flavorIds/1_misr0638,1_fucg3j8w,1_wpzfl4kn,1_2gq32z10/a.m3u8?uiConfId=50468382&playSessionId=ba9ca5fe-e033-7e56-0118-4781c5974228:5f0e302f-caaa-387b-fe35-58e079085c7d&referrer=aHR0cHM6Ly93d3cubnZpZGlhLmNvbS9lbi11cy9vbi1kZW1hbmQvc2Vzc2lvbi9ndGMyNS1zNzQyODkv&clientTag=html5:v7.264","m3u8"
"https://www.nvidia.com/en-us/on-demand/session/gtc25-dlit72350/","1:18:01","https://cdnapisec.kaltura.com/p/2935771/sp/293577100/playManifest/entryId/1_qrx1ck6y/protocol/https/format/applehttp/flavorIds/1_4651mgpq,1_b6go1gkz,1_fbto3s4y,1_pq0705et,1_zbi707b1/a.m3u8?uiConfId=50468382&playSessionId=47a0f964-6ad2-22bb-2c03-c236ff43243d:826985b4-1828-21aa-9eaf-8a80ade35de5&referrer=aHR0cHM6Ly93d3cubnZpZGlhLmNvbS9lbi11cy9vbi1kZW1hbmQvc2Vzc2lvbi9ndGMyNS1kbGl0NzIzNTAv&clientTag=html5:v7.264","m3u8"
"https://www.nvidia.com/en-us/on-demand/session/gtc25-s72211/","41:52:00","https://cdnapisec.kaltura.com/p/2935771/sp/293577100/playManifest/entryId/1_p3a678ph/protocol/https/format/applehttp/flavorIds/1_z115xzv4,1_khek5hbn,1_72zypus8,1_bg3i0hfu,1_r927mk7z,1_6c5giy3d/a.m3u8?uiConfId=50468382&playSessionId=8aca53d2-f7cf-278a-d403-c62f003756d9:b5d3e8fa-7a85-25e3-d90a-97ab8c1fec9b&referrer=aHR0cHM6Ly93d3cubnZpZGlhLmNvbS9lbi11cy9vbi1kZW1hbmQvc2Vzc2lvbi9ndGMyNS1zNzIyMTEv&clientTag=html5:v7.264","m3u8"
"https://www.nvidia.com/en-us/on-demand/session/gtc25-s72239/","39:01:00","https://cdnapisec.kaltura.com/p/2935771/sp/293577100/playManifest/entryId/1_tzd2xwmv/protocol/https/format/applehttp/flavorIds/1_bp3lmqfo,1_xqqnpbv8,1_dkzbfr1t,1_54g2c7lb,1_6uch2zqe/a.m3u8?uiConfId=50468382&playSessionId=b57da950-8c4b-3424-e644-90a4bb57719a:e1dfb00e-ed24-ac5d-697e-24c21143fbd0&referrer=aHR0cHM6Ly93d3cubnZpZGlhLmNvbS9lbi11cy9vbi1kZW1hbmQvc2Vzc2lvbi9ndGMyNS1zNzIyMzkv&clientTag=html5:v7.264","m3u8"
"https://www.nvidia.com/en-us/on-demand/session/gtc25-s72609/","1:23:42","https://cdnapisec.kaltura.com/p/2935771/sp/293577100/playManifest/entryId/1_rfic7vy8/protocol/https/format/applehttp/flavorIds/1_qrbepnem,1_9okik989,1_twdxpesn,1_clvywkv8/a.m3u8?uiConfId=50468382&playSessionId=b43767e3-095e-344d-f650-0dd467493e3d:b6ed2c13-e8fd-7d25-420b-196ccd5ca6f2&referrer=aHR0cHM6Ly93d3cubnZpZGlhLmNvbS9lbi11cy9vbi1kZW1hbmQvc2Vzc2lvbi9ndGMyNS1zNzI2MDkv&clientTag=html5:v7.264","m3u8"
"https://www.nvidia.com/en-us/on-demand/session/gtc25-s72206/","42:54:00","https://cdnapisec.kaltura.com/p/2935771/sp/293577100/playManifest/entryId/1_rakkxhv5/protocol/https/format/applehttp/flavorIds/1_6rit59cw,1_nl12lod6,1_ealpbb50,1_6mqareoo,1_zl6fz8rz/a.m3u8?uiConfId=50468382&playSessionId=2237763b-f6ae-1909-78c2-960990443550:648a786a-0b58-9b2b-41e0-4bac52b922f7&referrer=aHR0cHM6Ly93d3cubnZpZGlhLmNvbS9lbi11cy9vbi1kZW1hbmQvc2Vzc2lvbi9ndGMyNS1zNzIyMDYv&clientTag=html5:v7.264","m3u8"
"https://www.nvidia.com/en-us/on-demand/session/gtc25-s72685/","1:15:03","https://cdnapisec.kaltura.com/p/2935771/sp/293577100/playManifest/entryId/1_to2ep1kn/protocol/https/format/applehttp/flavorIds/1_vufwx3p4,1_bx605wto,1_nrgo5yxn,1_c041a57x,1_2r5fp8ug/a.m3u8?uiConfId=50468382&playSessionId=e5130c26-fbd4-c2c6-5ab1-1e0cb72993b7:af2c02c6-ce77-ad15-4376-3c6b0b80800b&referrer=aHR0cHM6Ly93d3cubnZpZGlhLmNvbS9lbi11cy9vbi1kZW1hbmQvc2Vzc2lvbi9ndGMyNS1zNzI2ODUv&clientTag=html5:v7.264","m3u8"
"https://www.nvidia.com/en-us/on-demand/session/gtc25-s73703/","40:05:00","https://cdnapisec.kaltura.com/p/2935771/sp/293577100/playManifest/entryId/1_1zul7do4/protocol/https/format/applehttp/flavorIds/1_mm43pyc0,1_pwv7bwe3,1_fmy5rsof,1_2kzly5uf,1_h9doi322,1_n0z0i74v/a.m3u8?uiConfId=50468382&playSessionId=aaa68c50-3991-5d47-f227-072964852679:1f0b02de-f8d8-6a4f-ca18-019d279302ea&referrer=aHR0cHM6Ly93d3cubnZpZGlhLmNvbS9lbi11cy9vbi1kZW1hbmQvc2Vzc2lvbi9ndGMyNS1zNzM3MDMv&clientTag=html5:v7.264","m3u8"
"https://www.nvidia.com/en-us/on-demand/session/gtc25-s71829/","39:43:00","https://cdnapisec.kaltura.com/p/2935771/sp/293577100/playManifest/entryId/1_0st9sf5a/protocol/https/format/applehttp/flavorIds/1_s2p4c09m,1_ivayxo77,1_3l9chgm2,1_cpfdr7nm,1_on2g13iw/a.m3u8?uiConfId=50468382&playSessionId=a044e02c-5c37-9732-494a-0130b38dc331:d5d62d79-5d16-8c91-c4e3-e539b711958d&referrer=aHR0cHM6Ly93d3cubnZpZGlhLmNvbS9lbi11cy9vbi1kZW1hbmQvc2Vzc2lvbi9ndGMyNS1zNzE4Mjkv&clientTag=html5:v7.264","m3u8"
"https://www.nvidia.com/en-us/on-demand/session/gtc25-s72857/","37:38:00","https://cdnapisec.kaltura.com/p/2935771/sp/293577100/playManifest/entryId/1_0n65tgzz/protocol/https/format/applehttp/flavorIds/1_wg3vii9b,1_4x9nxeof,1_jyw6isfp,1_edw1peyd,1_gpuhpahg,1_aksgdqsa/a.m3u8?uiConfId=50468382&playSessionId=4ee09064-b696-fc76-aa63-1f3d0f4bf15c:1ea4d219-1a93-447c-7487-3a24fdbf5d9b&referrer=aHR0cHM6Ly93d3cubnZpZGlhLmNvbS9lbi11cy9vbi1kZW1hbmQvc2Vzc2lvbi9ndGMyNS1zNzI4NTcv&clientTag=html5:v7.264","m3u8"
"https://www.nvidia.com/en-us/on-demand/session/gtc25-s72895/","41:59:00","https://cdnapisec.kaltura.com/p/2935771/sp/293577100/playManifest/entryId/1_6m96wjd7/protocol/https/format/applehttp/flavorIds/1_m5e0dwx2,1_6kqu070t,1_tcpzmlf6,1_u4gjur3m,1_ptkevtx3/a.m3u8?uiConfId=50468382&playSessionId=80ef5383-c8fa-5760-ba47-3cef93a0bcc8:90060ca3-04b9-dd08-6a5c-fdad003cfcb3&referrer=aHR0cHM6Ly93d3cubnZpZGlhLmNvbS9lbi11cy9vbi1kZW1hbmQvc2Vzc2lvbi9ndGMyNS1zNzI4OTUv&clientTag=html5:v7.264","m3u8"
"https://www.nvidia.com/en-us/on-demand/session/gtc25-s73907/","1:02:54","https://cdnapisec.kaltura.com/p/2935771/sp/293577100/playManifest/entryId/1_72pzrpse/protocol/https/format/applehttp/flavorIds/1_9mgwn7qx,1_95iqi8e5,1_6oib2qre,1_3c6nkkdt,1_exaw6ylq/a.m3u8?uiConfId=50468382&playSessionId=7b59a309-9131-0443-38d6-b76a3fc53071:145f5a02-6f29-f171-af76-83462440f12e&referrer=aHR0cHM6Ly93d3cubnZpZGlhLmNvbS9lbi11cy9vbi1kZW1hbmQvc2Vzc2lvbi9ndGMyNS1zNzM5MDcv&clientTag=html5:v7.264","m3u8"
"https://www.nvidia.com/en-us/on-demand/session/gtc25-s73970/","36:16:00","https://cdnapisec.kaltura.com/p/2935771/sp/293577100/playManifest/entryId/1_cfy2g0xx/protocol/https/format/applehttp/flavorIds/1_rb3zocdp,1_w9qqmrb3,1_hxfia6ya,1_2sw1zzvz/a.m3u8?uiConfId=50468382&playSessionId=659373a8-14d4-0a28-5660-085f6528e23d:b2a9743c-df37-6edf-ac6b-05432271bd2f&referrer=aHR0cHM6Ly93d3cubnZpZGlhLmNvbS9lbi11cy9vbi1kZW1hbmQvc2Vzc2lvbi9ndGMyNS1zNzM5NzAv&clientTag=html5:v7.264","m3u8"
"https://www.nvidia.com/en-us/on-demand/session/gtc25-s74233/","39:20:00","https://cdnapisec.kaltura.com/p/2935771/sp/293577100/playManifest/entryId/1_4sdzy02r/protocol/https/format/applehttp/flavorIds/1_mglqrmpr,1_yo1lvj10,1_ptlk3bsv,1_7luamdbp,1_pdznnbfh/a.m3u8?uiConfId=50468382&playSessionId=e51d090d-7458-8012-66f2-5f3cc2f0cc01:77bfeb19-a18f-c5b7-893d-5da76a2c644d&referrer=aHR0cHM6Ly93d3cubnZpZGlhLmNvbS9lbi11cy9vbi1kZW1hbmQvc2Vzc2lvbi9ndGMyNS1zNzQyMzMv&clientTag=html5:v7.264","m3u8"
"https://www.nvidia.com/en-us/on-demand/session/gtc25-s74236/","41:20:00","https://cdnapisec.kaltura.com/p/2935771/sp/293577100/playManifest/entryId/1_q1nk6gd9/protocol/https/format/applehttp/flavorIds/1_9fhro12y,1_ti4vvnbl,1_yn9f0dwp,1_c6wm0z42,1_w16e0pqy/a.m3u8?uiConfId=50468382&playSessionId=15a78e36-64d0-5079-0ca7-ef4f986f333d:16bd26d5-e7df-5c57-9cca-4ccc2c3beba4&referrer=aHR0cHM6Ly93d3cubnZpZGlhLmNvbS9lbi11cy9vbi1kZW1hbmQvc2Vzc2lvbi9ndGMyNS1zNzQyMzYv&clientTag=html5:v7.264","m3u8"
"https://www.nvidia.com/en-us/on-demand/session/gtc25-s74239/","33:44:00","https://cdnapisec.kaltura.com/p/2935771/sp/293577100/playManifest/entryId/1_saritwev/protocol/https/format/applehttp/flavorIds/1_v43fzmna,1_5or1ypr4,1_uz0pejel,1_qbonut3m,1_cvi9vzhf/a.m3u8?uiConfId=50468382&playSessionId=78bc7194-9b46-be79-fbab-3780c93d83c8:3b44e2fc-d48e-f83c-780d-86e408e79578&referrer=aHR0cHM6Ly93d3cubnZpZGlhLmNvbS9lbi11cy9vbi1kZW1hbmQvc2Vzc2lvbi9ndGMyNS1zNzQyMzkv&clientTag=html5:v7.264","m3u8"
"https://www.nvidia.com/en-us/on-demand/session/gtc25-s74406/","30:49:00","https://cdnapisec.kaltura.com/p/2935771/sp/293577100/playManifest/entryId/1_lrxr0gzb/protocol/https/format/applehttp/flavorIds/1_1e8ocv6r,1_fcr43wv5,1_w6gi1cbe,1_yc9ic2ly,1_9cu4b5mv/a.m3u8?uiConfId=50468382&playSessionId=826d8046-41e7-9821-ec27-21a35bcdccc0:676ed433-26b5-cfad-f39d-8c6d9d7640d8&referrer=aHR0cHM6Ly93d3cubnZpZGlhLmNvbS9lbi11cy9vbi1kZW1hbmQvc2Vzc2lvbi9ndGMyNS1zNzQ0MDYv&clientTag=html5:v7.264","m3u8"
"https://www.nvidia.com/en-us/on-demand/session/gtc25-s72544/","36:17:00","https://cdnapisec.kaltura.com/p/2935771/sp/293577100/playManifest/entryId/1_f4ni8r5k/protocol/https/format/applehttp/flavorIds/1_pc9nvvs0,1_glfexhmm,1_agn67chm,1_56tgpwd3/a.m3u8?uiConfId=50468382&playSessionId=bfd5ac4b-9d30-c9ea-a978-774b02b270dc:106cb84a-1057-09a5-8a62-533ccf45c779&referrer=aHR0cHM6Ly93d3cubnZpZGlhLmNvbS9lbi11cy9vbi1kZW1hbmQvc2Vzc2lvbi9ndGMyNS1zNzI1NDQv&clientTag=html5:v7.264","m3u8"
"https://www.nvidia.com/en-us/on-demand/session/gtc25-s72651/","39:34:00","https://cdnapisec.kaltura.com/p/2935771/sp/293577100/playManifest/entryId/1_crdhe666/protocol/https/format/applehttp/flavorIds/1_q96wmon7,1_xxzduh8a,1_zcpb8qrs,1_xwc7toiv,1_60j8fqps/a.m3u8?uiConfId=50468382&playSessionId=2a7afb98-c5c9-49d0-14d3-c0bb58abbf27:e6a9940a-ecb6-9c5b-34c3-69816ec59cb7&referrer=aHR0cHM6Ly93d3cubnZpZGlhLmNvbS9lbi11cy9vbi1kZW1hbmQvc2Vzc2lvbi9ndGMyNS1zNzI2NTEv&clientTag=html5:v7.264","m3u8"
"https://www.nvidia.com/en-us/on-demand/session/gtc25-s71927/","35:52:00","https://cdnapisec.kaltura.com/p/2935771/sp/293577100/playManifest/entryId/1_e08df1ya/protocol/https/format/applehttp/flavorIds/1_szf5q9us,1_avvrmcph,1_n19z3ome,1_rjndzrmc,1_4m5sedg2,1_s6szrqbe/a.m3u8?uiConfId=50468382&playSessionId=245cf95f-e865-6686-f297-da89d080a66d:f7b83bee-4dae-fba8-86ec-a5c12736d733&referrer=aHR0cHM6Ly93d3cubnZpZGlhLmNvbS9lbi11cy9vbi1kZW1hbmQvc2Vzc2lvbi9ndGMyNS1zNzE5Mjcv&clientTag=html5:v7.264","m3u8"
"https://www.nvidia.com/en-us/on-demand/session/gtc25-s71675/","36:25:00","https://cdnapisec.kaltura.com/p/2935771/sp/293577100/playManifest/entryId/1_tot8x35p/protocol/https/format/applehttp/flavorIds/1_7u33qsyx,1_yu38z9cj,1_voklogp4,1_81jxe5u2/a.m3u8?uiConfId=50468382&playSessionId=28cb2795-64e9-212b-ff92-7e902ad864db:47187062-1d7e-c2f4-c3a6-ea968e19e9cd&referrer=aHR0cHM6Ly93d3cubnZpZGlhLmNvbS9lbi11cy9vbi1kZW1hbmQvc2Vzc2lvbi9ndGMyNS1zNzE2NzUv&clientTag=html5:v7.264","m3u8"
"https://www.nvidia.com/en-us/on-demand/session/gtc25-s71786/","38:07:00","https://cdnapisec.kaltura.com/p/2935771/sp/293577100/playManifest/entryId/1_cedavmer/protocol/https/format/applehttp/flavorIds/1_g2rcp0en,1_hzhyrlpd,1_lp2pyupn,1_3xk833ki,1_5udylqg8/a.m3u8?uiConfId=50468382&playSessionId=c2c86913-f538-0df3-c62d-5e9e9122c9a1:d3b0c10e-1557-5147-816c-163eee9d9acd&referrer=aHR0cHM6Ly93d3cubnZpZGlhLmNvbS9lbi11cy9vbi1kZW1hbmQvc2Vzc2lvbi9ndGMyNS1zNzE3ODYv&clientTag=html5:v7.264","m3u8"
"https://www.nvidia.com/en-us/on-demand/session/gtc25-s72680/","45:04:00","https://cdnapisec.kaltura.com/p/2935771/sp/293577100/playManifest/entryId/1_awtk0ueh/protocol/https/format/applehttp/flavorIds/1_dvqm193c,1_erc0z425,1_iyczuf0d,1_ucot36w9,1_saawkvle,1_k6u8w1a5/a.m3u8?uiConfId=50468382&playSessionId=4eb93228-be0e-dc6f-7fa2-fd52b9d0a0f5:e83ecfd9-0c01-4b43-4624-4915f7ec7426&referrer=aHR0cHM6Ly93d3cubnZpZGlhLmNvbS9lbi11cy9vbi1kZW1hbmQvc2Vzc2lvbi9ndGMyNS1zNzI2ODAv&clientTag=html5:v7.264","m3u8"
"https://www.nvidia.com/en-us/on-demand/session/gtc25-s72756/","38:47:00","https://cdnapisec.kaltura.com/p/2935771/sp/293577100/playManifest/entryId/1_gjnr3lmy/protocol/https/format/applehttp/flavorIds/1_klwgopq7,1_dq6e790e/a.m3u8?uiConfId=50468382&playSessionId=bc77eed1-841b-3dba-2f80-8c7084a0abfb:f9587bf1-74ce-b771-0a9a-6ed75498e375&referrer=aHR0cHM6Ly93d3cubnZpZGlhLmNvbS9lbi11cy9vbi1kZW1hbmQvc2Vzc2lvbi9ndGMyNS1zNzI3NTYv&clientTag=html5:v7.264","m3u8"
"https://www.nvidia.com/en-us/on-demand/session/gtc25-s73443/","1:01:06","https://cdnapisec.kaltura.com/p/2935771/sp/293577100/playManifest/entryId/1_e9kp407y/protocol/https/format/applehttp/flavorIds/1_xs3wruvl,1_9jt9l9c5,1_89hc64by,1_hh4hjk7x,1_x8wnzrhj,1_pu0nwy75/a.m3u8?uiConfId=50468382&playSessionId=c9a6a199-24db-f445-168c-2c9f4b4d478a:52f00e35-7c01-4a32-a0c1-bd2985657ae0&referrer=aHR0cHM6Ly93d3cubnZpZGlhLmNvbS9lbi11cy9vbi1kZW1hbmQvc2Vzc2lvbi9ndGMyNS1zNzM0NDMv&clientTag=html5:v7.264","m3u8"
"https://www.nvidia.com/en-us/on-demand/session/gtc25-s73857/","37:31:00","https://cdnapisec.kaltura.com/p/2935771/sp/293577100/playManifest/entryId/1_tnxq92qy/protocol/https/format/applehttp/flavorIds/1_0zegumwk,1_7e6ef9yk,1_ebuwjcri,1_j3kvuf6s/a.m3u8?uiConfId=50468382&playSessionId=1cadf555-f6c9-ce1e-3d8b-8058f40b9349:58afd6f0-ddc8-9a42-75ed-78bc5b9cbd0c&referrer=aHR0cHM6Ly93d3cubnZpZGlhLmNvbS9lbi11cy9vbi1kZW1hbmQvc2Vzc2lvbi9ndGMyNS1zNzM4NTcv&clientTag=html5:v7.264","m3u8"
"https://www.nvidia.com/en-us/on-demand/session/gtc25-s72905/","38:42:00","https://cdnapisec.kaltura.com/p/2935771/sp/293577100/playManifest/entryId/1_xs5xvxzw/protocol/https/format/applehttp/flavorIds/1_dh0cam8y,1_bh9yyy88,1_1etxx2l4,1_eqq6mfx8,1_znzezbmc/a.m3u8?uiConfId=50468382&playSessionId=f006c383-ffa3-7661-eaab-0a2c214decb9:6dc9fc70-47c9-47d1-827a-e86cb88b3027&referrer=aHR0cHM6Ly93d3cubnZpZGlhLmNvbS9lbi11cy9vbi1kZW1hbmQvc2Vzc2lvbi9ndGMyNS1zNzI5MDUv&clientTag=html5:v7.264","m3u8"
"https://www.nvidia.com/en-us/on-demand/session/gtc25-s72871/","33:44:00","https://cdnapisec.kaltura.com/p/2935771/sp/293577100/playManifest/entryId/1_b47w2426/protocol/https/format/applehttp/flavorIds/1_5fcakmmm,1_qrfy1shl,1_1ant6q82,1_jrk8leyu,1_867pt8i4/a.m3u8?uiConfId=50468382&playSessionId=8e480a3e-a4f8-fa64-3aa4-5ff6594c4c2b:7b795fe1-0bf5-84df-84f3-f4b60ed598e0&referrer=aHR0cHM6Ly93d3cubnZpZGlhLmNvbS9lbi11cy9vbi1kZW1hbmQvc2Vzc2lvbi9ndGMyNS1zNzI4NzEv&clientTag=html5:v7.264","m3u8"
"https://www.nvidia.com/en-us/on-demand/session/gtc25-s72890/","38:59:00","https://cdnapisec.kaltura.com/p/2935771/sp/293577100/playManifest/entryId/1_c1628md6/protocol/https/format/applehttp/flavorIds/1_9u5gfs6p,1_h2afyp48,1_4d9lzy82,1_f7jbgpn6,1_blios42v/a.m3u8?uiConfId=50468382&playSessionId=26282644-f3cf-95c6-5f9e-1cfae7cf4bef:0231b36f-852d-11c9-0fdb-d793226cb105&referrer=aHR0cHM6Ly93d3cubnZpZGlhLmNvbS9lbi11cy9vbi1kZW1hbmQvc2Vzc2lvbi9ndGMyNS1zNzI4OTAv&clientTag=html5:v7.264","m3u8"
"https://www.nvidia.com/en-us/on-demand/session/gtc25-s73715/","40:42:00","https://cdnapisec.kaltura.com/p/2935771/sp/293577100/playManifest/entryId/1_wx3vmtsh/protocol/https/format/applehttp/flavorIds/1_wx0y0pmd,1_upfqf3vj,1_f41v78t4,1_54nukruz,1_0rrv1gzz,1_kj16eeni/a.m3u8?uiConfId=50468382&playSessionId=d085816f-da60-7dc9-eae6-89f08b6cce89:e0ff3cb8-01ad-9c74-b37d-30a71043bd86&referrer=aHR0cHM6Ly93d3cubnZpZGlhLmNvbS9lbi11cy9vbi1kZW1hbmQvc2Vzc2lvbi9ndGMyNS1zNzM3MTUv&clientTag=html5:v7.264","m3u8"
"https://www.nvidia.com/en-us/on-demand/session/gtc25-s73224/","41:50:00","https://cdnapisec.kaltura.com/p/2935771/sp/293577100/playManifest/entryId/1_8pxqycbf/protocol/https/format/applehttp/flavorIds/1_ekp9ynud,1_g6oqnr98,1_693p3k9a,1_samlqf5s,1_1ywt5cwh/a.m3u8?uiConfId=50468382&playSessionId=19138b84-ac67-f307-d073-b06c8f344513:5ebe1aa8-20be-2bd4-ee4d-99597a548c87&referrer=aHR0cHM6Ly93d3cubnZpZGlhLmNvbS9lbi11cy9vbi1kZW1hbmQvc2Vzc2lvbi9ndGMyNS1zNzMyMjQv&clientTag=html5:v7.264","m3u8"
"https://www.nvidia.com/en-us/on-demand/session/gtc25-dlit71269/","1:14:20","https://cdnapisec.kaltura.com/p/2935771/sp/293577100/playManifest/entryId/1_kkvasb73/protocol/https/format/applehttp/flavorIds/1_816z9tzi,1_pq0z28in,1_rmdlk6s2,1_b36idk6l,1_oknfhsc3/a.m3u8?uiConfId=50468382&playSessionId=de13efb2-6b26-bb1d-4485-a6f97e5f25d0:8d4990f1-1407-cfe7-500e-f230da77ce92&referrer=aHR0cHM6Ly93d3cubnZpZGlhLmNvbS9lbi11cy9vbi1kZW1hbmQvc2Vzc2lvbi9ndGMyNS1kbGl0NzEyNjkv&clientTag=html5:v7.264","m3u8"
"https://www.nvidia.com/en-us/on-demand/session/gtc25-dlit71619/","1:00:33","https://cdnapisec.kaltura.com/p/2935771/sp/293577100/playManifest/entryId/1_xabh3c5t/protocol/https/format/applehttp/flavorIds/1_doeu8ijw,1_feynv72f,1_b5obnk9x,1_xepr58df,1_hqbstj8w/a.m3u8?uiConfId=50468382&playSessionId=41bbb587-757b-e6b8-08a6-0a204afaff8b:e7757460-b7c6-0054-4b36-d20929903404&referrer=aHR0cHM6Ly93d3cubnZpZGlhLmNvbS9lbi11cy9vbi1kZW1hbmQvc2Vzc2lvbi9ndGMyNS1kbGl0NzE2MTkv&clientTag=html5:v7.264","m3u8"
"https://www.nvidia.com/en-us/on-demand/session/gtc25-s73918/","36:39:00","https://cdnapisec.kaltura.com/p/2935771/sp/293577100/playManifest/entryId/1_sdjbrble/protocol/https/format/applehttp/flavorIds/1_zelayik6,1_b4jqacnc,1_4nv9bvvd,1_yqvsjc3u,1_7v62zgho/a.m3u8?uiConfId=50468382&playSessionId=55df9aa2-e8f4-a508-28c8-591072169f39:883ccc0c-c890-a8c4-000a-bf826b46f780&referrer=aHR0cHM6Ly93d3cubnZpZGlhLmNvbS9lbi11cy9vbi1kZW1hbmQvc2Vzc2lvbi9ndGMyNS1zNzM5MTgv&clientTag=html5:v7.264","m3u8"
"https://www.nvidia.com/en-us/on-demand/session/gtc25-s74483/","38:30:00","https://cdnapisec.kaltura.com/p/2935771/sp/293577100/playManifest/entryId/1_584m7t3o/protocol/https/format/applehttp/flavorIds/1_tc0i5gtw,1_qir8tn87,1_6ks77cst,1_bc87bhmk/a.m3u8?uiConfId=50468382&playSessionId=92179a3b-2e96-2080-bff1-d3ee57077e98:46130ccf-7aa6-fb10-e148-c88b40e66494&referrer=aHR0cHM6Ly93d3cubnZpZGlhLmNvbS9lbi11cy9vbi1kZW1hbmQvc2Vzc2lvbi9ndGMyNS1zNzQ0ODMv&clientTag=html5:v7.264","m3u8"
"https://www.nvidia.com/en-us/on-demand/session/gtc25-s74355/","35:46:00","https://cdnapisec.kaltura.com/p/2935771/sp/293577100/playManifest/entryId/1_751ykvy2/protocol/https/format/applehttp/flavorIds/1_6oz2awni,1_swrlkail,1_xywj9qzp,1_ciog0a4u,1_ib7sf5jk/a.m3u8?uiConfId=50468382&playSessionId=3b1ee927-9579-d088-703b-5a323d1f098a:ca7480cf-b1bf-b900-9494-2d9debe5520e&referrer=aHR0cHM6Ly93d3cubnZpZGlhLmNvbS9lbi11cy9vbi1kZW1hbmQvc2Vzc2lvbi9ndGMyNS1zNzQzNTUv&clientTag=html5:v7.264","m3u8"
"https://www.nvidia.com/en-us/on-demand/session/gtc25-se73736/","38:31:00","https://cdnapisec.kaltura.com/p/2935771/sp/293577100/playManifest/entryId/1_2eq1zn7o/protocol/https/format/applehttp/flavorIds/1_7nokg54c,1_guf8vl0m,1_9z6nuvm0,1_f20p0gln,1_5vqwgkch,1_dqmnmac5/a.m3u8?uiConfId=50468382&playSessionId=6c15140d-e553-18e2-d916-26d6bc24757d:3d312cc6-bb96-cf51-4e92-95cee478b7fc&referrer=aHR0cHM6Ly93d3cubnZpZGlhLmNvbS9lbi11cy9vbi1kZW1hbmQvc2Vzc2lvbi9ndGMyNS1zZTczNzM2Lw==&clientTag=html5:v7.264","m3u8"
"https://www.nvidia.com/en-us/on-demand/session/gtc25-dlit71751/","1:07:13","https://cdnapisec.kaltura.com/p/2935771/sp/293577100/playManifest/entryId/1_0w3wkvc3/protocol/https/format/applehttp/flavorIds/1_kb3ogblc,1_oegx2czw,1_t34ghdyn,1_loantm4j,1_vias1e7o/a.m3u8?uiConfId=50468382&playSessionId=00a28a39-6839-de0b-4d5a-961e1a81323e:d8a8547d-82f2-746c-6811-78de94c9bf1a&referrer=aHR0cHM6Ly93d3cubnZpZGlhLmNvbS9lbi11cy9vbi1kZW1hbmQvc2Vzc2lvbi9ndGMyNS1kbGl0NzE3NTEv&clientTag=html5:v7.264","m3u8"
"https://www.nvidia.com/en-us/on-demand/session/gtc25-dlit74633/","1:15:11","https://cdnapisec.kaltura.com/p/2935771/sp/293577100/playManifest/entryId/1_f9vwa5ya/protocol/https/format/applehttp/flavorIds/1_8vobl1rf,1_6lymg3nd,1_ziay2pz5,1_jotbhrmv,1_b03ioial/a.m3u8?uiConfId=50468382&playSessionId=a1d637ab-0657-2832-663e-0a6bdc363a16:66aee903-a417-5a8c-b280-5eba3b896cdf&referrer=aHR0cHM6Ly93d3cubnZpZGlhLmNvbS9lbi11cy9vbi1kZW1hbmQvc2Vzc2lvbi9ndGMyNS1kbGl0NzQ2MzMv&clientTag=html5:v7.264","m3u8"
"https://www.nvidia.com/en-us/on-demand/session/gtc25-s71191/","56:11:00","https://cdnapisec.kaltura.com/p/2935771/sp/293577100/playManifest/entryId/1_90v40u8u/protocol/https/format/applehttp/flavorIds/1_wcph16s8,1_83ct37kt,1_58zlga4l,1_4m1jw95e,1_djhnkdz8,1_ia5du8m1/a.m3u8?uiConfId=50468382&playSessionId=e1031558-9165-36d1-71e1-3e8f811f9646:694b9c37-eb30-f7b2-0bbd-9d4739de367f&referrer=aHR0cHM6Ly93d3cubnZpZGlhLmNvbS9lbi11cy9vbi1kZW1hbmQvc2Vzc2lvbi9ndGMyNS1zNzExOTEv&clientTag=html5:v7.264","m3u8"
"https://www.nvidia.com/en-us/on-demand/session/gtc25-s71294/","37:46:00","https://cdnapisec.kaltura.com/p/2935771/sp/293577100/playManifest/entryId/1_ozdacd6i/protocol/https/format/applehttp/flavorIds/1_1k4bf4w3,1_1jwfbfio,1_h3uhrft2,1_976545p5,1_cy00d2yg/a.m3u8?uiConfId=50468382&playSessionId=bc129ce5-a4da-ae1c-90ae-2f5b48954d42:dc5d3b30-046a-7ada-9447-dbd66ffc3273&referrer=aHR0cHM6Ly93d3cubnZpZGlhLmNvbS9lbi11cy9vbi1kZW1hbmQvc2Vzc2lvbi9ndGMyNS1zNzEyOTQv&clientTag=html5:v7.264","m3u8"
"https://www.nvidia.com/en-us/on-demand/session/gtc25-s72436/","45:51:00","https://cdnapisec.kaltura.com/p/2935771/sp/293577100/playManifest/entryId/1_vvv4axm7/protocol/https/format/applehttp/flavorIds/1_as6wy19b,1_ayyn0jc5,1_6s66yl2h,1_q64w72qq,1_a0ou8fvd/a.m3u8?uiConfId=50468382&playSessionId=4dc425ac-6bbf-c2d7-f15e-ee6900904c08:e8550c96-e987-5f30-97e8-cd19ac7c655e&referrer=aHR0cHM6Ly93d3cubnZpZGlhLmNvbS9lbi11cy9vbi1kZW1hbmQvc2Vzc2lvbi9ndGMyNS1zNzI0MzYv&clientTag=html5:v7.264","m3u8"
"https://www.nvidia.com/en-us/on-demand/session/gtc25-s72537/","40:12:00","https://cdnapisec.kaltura.com/p/2935771/sp/293577100/playManifest/entryId/1_hdzqjjg2/protocol/https/format/applehttp/flavorIds/1_dwkgtyb9,1_nqod0t2b,1_z4o5vgcq,1_omqp3vv0,1_o8uikvke,1_przg9hxz/a.m3u8?uiConfId=50468382&playSessionId=eeed45d6-5ab4-ca89-8711-8374651f4949:f593b594-2b6a-c768-a230-e386d5417ab5&referrer=aHR0cHM6Ly93d3cubnZpZGlhLmNvbS9lbi11cy9vbi1kZW1hbmQvc2Vzc2lvbi9ndGMyNS1zNzI1Mzcv&clientTag=html5:v7.264","m3u8"
"https://www.nvidia.com/en-us/on-demand/session/gtc25-s71937/","39:15:00","https://cdnapisec.kaltura.com/p/2935771/sp/293577100/playManifest/entryId/1_z43bpfeq/protocol/https/format/applehttp/flavorIds/1_u17ckvau,1_glpm0ywg,1_mta9idlf,1_611aex4c,1_wybhmm3a/a.m3u8?uiConfId=50468382&playSessionId=70f0a10d-bb4d-e937-d3c6-370bca300684:5f17ed65-e0a6-1f0e-caa4-49444927fa92&referrer=aHR0cHM6Ly93d3cubnZpZGlhLmNvbS9lbi11cy9vbi1kZW1hbmQvc2Vzc2lvbi9ndGMyNS1zNzE5Mzcv&clientTag=html5:v7.264","m3u8"
"https://www.nvidia.com/en-us/on-demand/session/gtc25-s72683/","1:27:50","https://cdnapisec.kaltura.com/p/2935771/sp/293577100/playManifest/entryId/1_ajm9yucq/protocol/https/format/applehttp/flavorIds/1_nmp0gk8k,1_pb1901ks,1_t0zgv3qk/a.m3u8?uiConfId=50468382&playSessionId=907c776c-8cdf-e586-c828-9eab97395d89:eaaba1e1-0633-d890-8e4e-aa52c04820ce&referrer=aHR0cHM6Ly93d3cubnZpZGlhLmNvbS9lbi11cy9vbi1kZW1hbmQvc2Vzc2lvbi9ndGMyNS1zNzI2ODMv&clientTag=html5:v7.264","m3u8"
"https://www.nvidia.com/en-us/on-demand/session/gtc25-dlit71640/","1:41:01","https://cdnapisec.kaltura.com/p/2935771/sp/293577100/playManifest/entryId/1_xn33gvor/protocol/https/format/applehttp/flavorIds/1_ig84wsqv,1_5obv3l6e,1_6s422mgb,1_czuyqcu6/a.m3u8?uiConfId=50468382&playSessionId=a09b2b44-e8a5-35b2-a391-ceb4b518102d:b90ffbf8-6be1-6591-b219-0d7f67204afd&referrer=aHR0cHM6Ly93d3cubnZpZGlhLmNvbS9lbi11cy9vbi1kZW1hbmQvc2Vzc2lvbi9ndGMyNS1kbGl0NzE2NDAv&clientTag=html5:v7.264","m3u8"
"https://www.nvidia.com/en-us/on-demand/session/gtc25-s73151/","32:40:00","https://cdnapisec.kaltura.com/p/2935771/sp/293577100/playManifest/entryId/1_h1py7nkn/protocol/https/format/applehttp/flavorIds/1_x14ip2a0,1_ao2pas9r,1_5i0fdar7,1_ny3irqtm,1_o67hefa7/a.m3u8?uiConfId=50468382&playSessionId=6c9dc307-e746-a0bb-aff9-0034da039704:5dab3813-e57b-6ec6-75cb-acd2d7e2e034&referrer=aHR0cHM6Ly93d3cubnZpZGlhLmNvbS9lbi11cy9vbi1kZW1hbmQvc2Vzc2lvbi9ndGMyNS1zNzMxNTEv&clientTag=html5:v7.264","m3u8"
"https://www.nvidia.com/en-us/on-demand/session/gtc25-dlit71323/","54:33:00","https://cdnapisec.kaltura.com/p/2935771/sp/293577100/playManifest/entryId/1_m551h6ys/protocol/https/format/applehttp/flavorIds/1_b3th8a17,1_jm73qcn1,1_fdrw9klm,1_86nmchsm,1_bbph3iti/a.m3u8?uiConfId=50468382&playSessionId=03721c39-9799-e399-cea2-423eeab50b89:afb3b68d-8fd4-0216-e49a-2607fb2c8485&referrer=aHR0cHM6Ly93d3cubnZpZGlhLmNvbS9lbi11cy9vbi1kZW1hbmQvc2Vzc2lvbi9ndGMyNS1kbGl0NzEzMjMv&clientTag=html5:v7.264","m3u8"
"https://www.nvidia.com/en-us/on-demand/session/gtc25-dlit71339/","38:41:00","https://cdnapisec.kaltura.com/p/2935771/sp/293577100/playManifest/entryId/1_du9qmem9/protocol/https/format/applehttp/flavorIds/1_iinfgnmc,1_gd9fv7ye/a.m3u8?uiConfId=50468382&playSessionId=333884f7-5dcb-2dca-e4f0-c5dc9d61905e:72345cb2-8a9c-3e9d-28c6-9c3a4a851501&referrer=aHR0cHM6Ly93d3cubnZpZGlhLmNvbS9lbi11cy9vbi1kZW1hbmQvc2Vzc2lvbi9ndGMyNS1kbGl0NzEzMzkv&clientTag=html5:v7.264","m3u8"
"https://www.nvidia.com/en-us/on-demand/session/gtc25-s74647/","35:00:00","https://cdnapisec.kaltura.com/p/2935771/sp/293577100/playManifest/entryId/1_oa97frml/protocol/https/format/applehttp/flavorIds/1_um6l2dyj,1_ffujsldi,1_0qrsdlyg,1_a5u9euhi,1_rerte3tn,1_0dahises/a.m3u8?uiConfId=50468382&playSessionId=4a46a0a9-c7b3-1d19-530c-aab6002af189:b5d95c80-65aa-34e7-692b-684954974d47&referrer=aHR0cHM6Ly93d3cubnZpZGlhLmNvbS9lbi11cy9vbi1kZW1hbmQvc2Vzc2lvbi9ndGMyNS1zNzQ2NDcv&clientTag=html5:v7.264","m3u8"
"https://www.nvidia.com/en-us/on-demand/session/gtc25-dlit73950/","1:16:36","https://cdnapisec.kaltura.com/p/2935771/sp/293577100/playManifest/entryId/1_5rxhk00q/protocol/https/format/applehttp/flavorIds/1_ls8bmh4e,1_qopmtbg7,1_fbrpv51g,1_zdu0l6h2,1_zod9b2ib/a.m3u8?uiConfId=50468382&playSessionId=6b58979f-7f98-c3b3-6087-5066de051c6a:cfd39f0f-8dba-b41f-5c40-732752f8da5e&referrer=aHR0cHM6Ly93d3cubnZpZGlhLmNvbS9lbi11cy9vbi1kZW1hbmQvc2Vzc2lvbi9ndGMyNS1kbGl0NzM5NTAv&clientTag=html5:v7.264","m3u8"
"https://www.nvidia.com/en-us/on-demand/session/gtc25-s72458/","42:57:00","https://cdnapisec.kaltura.com/p/2935771/sp/293577100/playManifest/entryId/1_zzutl76t/protocol/https/format/applehttp/flavorIds/1_vniw4r7f,1_am0437p2,1_2ivdvp2e,1_679u96lw,1_2s4eo4bp/a.m3u8?uiConfId=50468382&playSessionId=ee5ae342-886a-72c9-cb0e-722d6fb7d5c4:2e8aab40-b1c3-1fb3-56f9-6b21ef00a3f3&referrer=aHR0cHM6Ly93d3cubnZpZGlhLmNvbS9lbi11cy9vbi1kZW1hbmQvc2Vzc2lvbi9ndGMyNS1zNzI0NTgv&clientTag=html5:v7.264","m3u8"
"https://www.nvidia.com/en-us/on-demand/session/gtc25-s71671/","30:18:00","https://cdnapisec.kaltura.com/p/2935771/sp/293577100/playManifest/entryId/1_g7ehxhn5/protocol/https/format/applehttp/flavorIds/1_uoypz42p,1_9nky083b,1_co7tnsg9,1_hqxred8j,1_d6ft8loh/a.m3u8?uiConfId=50468382&playSessionId=4eb79209-2e14-6b1f-b045-00e8cc399345:815bd6c6-34ac-149e-b800-f6295f80809d&referrer=aHR0cHM6Ly93d3cubnZpZGlhLmNvbS9lbi11cy9vbi1kZW1hbmQvc2Vzc2lvbi9ndGMyNS1zNzE2NzEv&clientTag=html5:v7.264","m3u8"
"https://www.nvidia.com/en-us/on-demand/session/gtc25-s72840/","41:37:00","https://cdnapisec.kaltura.com/p/2935771/sp/293577100/playManifest/entryId/1_y5o960vw/protocol/https/format/applehttp/flavorIds/1_ah3v9fnt,1_nabyzyz0,1_us93ikud,1_sxm7gga4,1_umkfvtbq/a.m3u8?uiConfId=50468382&playSessionId=c4f31449-c51a-8e12-75a9-c847188e296a:01979247-5500-1af6-a771-f1386f14be6c&referrer=aHR0cHM6Ly93d3cubnZpZGlhLmNvbS9lbi11cy9vbi1kZW1hbmQvc2Vzc2lvbi9ndGMyNS1zNzI4NDAv&clientTag=html5:v7.264","m3u8"
"https://www.nvidia.com/en-us/on-demand/session/gtc25-dlit71489/","39:14:00","https://cdnapisec.kaltura.com/p/2935771/sp/293577100/playManifest/entryId/1_p75ps9y9/protocol/https/format/applehttp/flavorIds/1_fhv3y0x3,1_9w2wzwdb,1_y4o2u7t0,1_d9hy3i2d/a.m3u8?uiConfId=50468382&playSessionId=3b95f1d7-c545-da1f-cdeb-bc812b1efc64:1cbb3e81-0c73-cba4-0944-c3a01c6d93ab&referrer=aHR0cHM6Ly93d3cubnZpZGlhLmNvbS9lbi11cy9vbi1kZW1hbmQvc2Vzc2lvbi9ndGMyNS1kbGl0NzE0ODkv&clientTag=html5:v7.264","m3u8"
"https://www.nvidia.com/en-us/on-demand/session/gtc25-dlit74813/","1:41:08","https://cdnapisec.kaltura.com/p/2935771/sp/293577100/playManifest/entryId/1_gd3fujrb/protocol/https/format/applehttp/flavorIds/1_3e3ahnr9,1_p40olp8n,1_tq9cso2c,1_obv6iht0,1_g4gqdbsk/a.m3u8?uiConfId=50468382&playSessionId=652224fa-de50-0fb7-2664-66665267217b:d214c415-31c0-21e7-69eb-46a1813dfb9f&referrer=aHR0cHM6Ly93d3cubnZpZGlhLmNvbS9lbi11cy9vbi1kZW1hbmQvc2Vzc2lvbi9ndGMyNS1kbGl0NzQ4MTMv&clientTag=html5:v7.264","m3u8"
"https://www.nvidia.com/en-us/on-demand/session/gtc25-dlit71325/","1:32:04","https://cdnapisec.kaltura.com/p/2935771/sp/293577100/playManifest/entryId/1_ood1cog4/protocol/https/format/applehttp/flavorIds/1_nej60u7o,1_1rmaoozs,1_m6oyl81d,1_xnrn66b3,1_47p707ei/a.m3u8?uiConfId=50468382&playSessionId=0575306b-5ef3-b84a-8170-c7a6f5083ab9:993dd0a2-ffb9-1ea1-915a-dc1085afe902&referrer=aHR0cHM6Ly93d3cubnZpZGlhLmNvbS9lbi11cy9vbi1kZW1hbmQvc2Vzc2lvbi9ndGMyNS1kbGl0NzEzMjUv&clientTag=html5:v7.264","m3u8"
"https://www.nvidia.com/en-us/on-demand/session/gtc25-dlit71670/","1:46:06","https://cdnapisec.kaltura.com/p/2935771/sp/293577100/playManifest/entryId/1_wgf3ym4n/protocol/https/format/applehttp/flavorIds/1_sg0f8svj,1_bsqnmhmq,1_p3mrjps2,1_4yjocpcz,1_vbe56g6e/a.m3u8?uiConfId=50468382&playSessionId=a6d9fa9e-c3b7-b6d0-5541-29f942d6e127:475ee983-a795-15bb-3e7c-bc11f9383388&referrer=aHR0cHM6Ly93d3cubnZpZGlhLmNvbS9lbi11cy9vbi1kZW1hbmQvc2Vzc2lvbi9ndGMyNS1kbGl0NzE2NzAv&clientTag=html5:v7.264","m3u8"
"https://www.nvidia.com/en-us/on-demand/session/gdc25-gdc1001/","","https://cdnapisec.kaltura.com/p/2935771/sp/293577100/playManifest/entryId/1_5jg8fm5m/protocol/https/format/applehttp/flavorIds/1_am21sy4r,1_fo0tbljn,1_kb2qgxjx,1_49dbhdq1,1_o0yft6nx,1_e9hcxstr/a.m3u8?uiConfId=50468382&playSessionId=dd233473-eed4-9ace-16e7-0ca28b256ca6:efa34282-3294-4a77-a3d7-e975eeae3670&referrer=aHR0cHM6Ly93d3cubnZpZGlhLmNvbS9lbi11cy9vbi1kZW1hbmQvc2Vzc2lvbi9nZGMyNS1nZGMxMDAxLw==&clientTag=html5:v7.264","m3u8"
"https://www.nvidia.com/en-us/on-demand/session/gdc25-gdc1002/","59:42:00","https://cdnapisec.kaltura.com/p/2935771/sp/293577100/playManifest/entryId/1_5xrjo7yn/protocol/https/format/applehttp/flavorIds/1_4wsyaazr,1_z98zeeh3,1_2l82mn9a,1_ksb0izoz,1_skas4a8j/a.m3u8?uiConfId=50468382&playSessionId=3db9db25-1cd3-d9d4-6a35-6bf98a3f5d1f:b95efb56-1266-55f0-726e-9eb58daaa045&referrer=aHR0cHM6Ly93d3cubnZpZGlhLmNvbS9lbi11cy9vbi1kZW1hbmQvc2Vzc2lvbi9nZGMyNS1nZGMxMDAyLw==&clientTag=html5:v7.264","m3u8"
"https://www.nvidia.com/en-us/on-demand/session/gdc25-gdc1003/","59:57:00","https://cdnapisec.kaltura.com/p/2935771/sp/293577100/playManifest/entryId/1_hhgdbvqz/protocol/https/format/applehttp/flavorIds/1_lebzzlep,1_zp255cwa,1_uv40t1yn,1_xr708yqs,1_3rknoksi/a.m3u8?uiConfId=50468382&playSessionId=05a4d1c6-fc8a-40fe-a703-4e8742e7b434:740ab8dd-de40-253a-80ee-92fcce2af839&referrer=aHR0cHM6Ly93d3cubnZpZGlhLmNvbS9lbi11cy9vbi1kZW1hbmQvc2Vzc2lvbi9nZGMyNS1nZGMxMDAzLw==&clientTag=html5:v7.264","m3u8"
"https://www.nvidia.com/en-us/on-demand/session/gdc25-gdc1004/","51:09:00","https://cdnapisec.kaltura.com/p/2935771/sp/293577100/playManifest/entryId/1_n05jwsfj/protocol/https/format/applehttp/flavorIds/1_1scoed9q,1_jy8tnz9r,1_n9zjv8ui,1_ikeqcvmu,1_34hzws7p/a.m3u8?uiConfId=50468382&playSessionId=7d11ed4b-a4b2-9f44-ccfd-602856388fd0:e8706657-470a-beac-fe0f-59e496a019b1&referrer=aHR0cHM6Ly93d3cubnZpZGlhLmNvbS9lbi11cy9vbi1kZW1hbmQvc2Vzc2lvbi9nZGMyNS1nZGMxMDA0Lw==&clientTag=html5:v7.264","m3u8"
"https://www.nvidia.com/en-us/on-demand/session/gdc25-gdc1005/","","https://cdnapisec.kaltura.com/p/2935771/sp/293577100/playManifest/entryId/1_kqbzgo8u/protocol/https/format/applehttp/flavorIds/1_1ondkd4o,1_niq5obu5,1_0ckcsilt,1_o8vm4yya,1_7heqlbfa,1_mfzkewef/a.m3u8?uiConfId=50468382&playSessionId=de5541d2-981e-7257-6de1-3673a8f9b045:c62b0fd9-fa62-42ae-a9d9-770ab45f161a&referrer=aHR0cHM6Ly93d3cubnZpZGlhLmNvbS9lbi11cy9vbi1kZW1hbmQvc2Vzc2lvbi9nZGMyNS1nZGMxMDA1Lw==&clientTag=html5:v7.264","m3u8"
"https://www.nvidia.com/en-us/on-demand/session/gdc25-gdc1006/","","https://cdnapisec.kaltura.com/p/2935771/sp/293577100/playManifest/entryId/1_r5ccd3g5/protocol/https/format/applehttp/flavorIds/1_r553azua,1_8os2pz9w,1_0mdmpvpo,1_ckgka6jt,1_8fgybef1,1_9tugwqan/a.m3u8?uiConfId=50468382&playSessionId=3eb09fcb-6e8e-b556-fcda-67c5b5af7605:f0c5c69d-d1d5-fc3e-4474-9ee5d909a409&referrer=aHR0cHM6Ly93d3cubnZpZGlhLmNvbS9lbi11cy9vbi1kZW1hbmQvc2Vzc2lvbi9nZGMyNS1nZGMxMDA2Lw==&clientTag=html5:v7.264","m3u8"
"https://www.nvidia.com/en-us/on-demand/session/gdc25-gdc1007/","","https://cdnapisec.kaltura.com/p/2935771/sp/293577100/playManifest/entryId/1_1xb50w9h/protocol/https/format/applehttp/flavorIds/1_ys3t8yfb,1_hs8t0ivx,1_hwt27v9t,1_kl594y8t,1_ztifi9uc/a.m3u8?uiConfId=50468382&playSessionId=7a8d7eb0-cc3f-69aa-4ccd-383a8dc81529:f7f4f0ed-c8ee-b643-de83-61e0c906af6a&referrer=aHR0cHM6Ly93d3cubnZpZGlhLmNvbS9lbi11cy9vbi1kZW1hbmQvc2Vzc2lvbi9nZGMyNS1nZGMxMDA3Lw==&clientTag=html5:v7.264","m3u8"
"https://www.nvidia.com/en-us/on-demand/session/gdc25-gdc1008/","","https://cdnapisec.kaltura.com/p/2935771/sp/293577100/playManifest/entryId/1_iayqqpy1/protocol/https/format/applehttp/flavorIds/1_c4po4vxw,1_lq18k8tg,1_sud26veh,1_9h2tacv8,1_rgn1dvqd/a.m3u8?uiConfId=50468382&playSessionId=143ededf-c7cc-a3a7-760e-12fb52112d50:cf7c7453-4002-b968-f5a3-a42ed4e6dac0&referrer=aHR0cHM6Ly93d3cubnZpZGlhLmNvbS9lbi11cy9vbi1kZW1hbmQvc2Vzc2lvbi9nZGMyNS1nZGMxMDA4Lw==&clientTag=html5:v7.264","m3u8"
"https://www.nvidia.com/en-us/on-demand/session/gdc25-gdc1009/","","https://cdnapisec.kaltura.com/p/2935771/sp/293577100/playManifest/entryId/1_2sxht465/protocol/https/format/applehttp/flavorIds/1_5m6seb62,1_y74ye77e,1_fx16o6t4,1_v1mzio2v,1_h89dk4ak/a.m3u8?uiConfId=50468382&playSessionId=599a0eb0-e119-e5dc-7629-3efae9ac190b:b49b85b4-278f-67be-fb2a-e65ee3ec0200&referrer=aHR0cHM6Ly93d3cubnZpZGlhLmNvbS9lbi11cy9vbi1kZW1hbmQvc2Vzc2lvbi9nZGMyNS1nZGMxMDA5Lw==&clientTag=html5:v7.264","m3u8"
"https://www.nvidia.com/en-us/on-demand/session/gdc25-gdc1010/","","https://cdnapisec.kaltura.com/p/2935771/sp/293577100/playManifest/entryId/1_apmtktvy/protocol/https/format/applehttp/flavorIds/1_n1pbg89j,1_iwam4016,1_jt2thzyk,1_9sdn6m0c,1_nf9v7ntp/a.m3u8?uiConfId=50468382&playSessionId=778c82ed-8f7e-7327-cbbc-ece756cf455f:5f538b7f-f1a7-9429-c7b0-c2c23e390635&referrer=aHR0cHM6Ly93d3cubnZpZGlhLmNvbS9lbi11cy9vbi1kZW1hbmQvc2Vzc2lvbi9nZGMyNS1nZGMxMDEwLw==&clientTag=html5:v7.264","m3u8"
"https://www.nvidia.com/en-us/on-demand/session/gdc25-gdc1011/","","https://cdnapisec.kaltura.com/p/2935771/sp/293577100/playManifest/entryId/1_2pj5diq6/protocol/https/format/applehttp/flavorIds/1_4m94tmsm,1_xqg83jf2,1_v746cj07,1_44rqqh01,1_rfbs9xx0/a.m3u8?uiConfId=50468382&playSessionId=11d92927-b9a8-1ad4-28cc-eafa33a6b1a7:808e3c02-0c30-3bb4-7afd-cfa6276ba424&referrer=aHR0cHM6Ly93d3cubnZpZGlhLmNvbS9lbi11cy9vbi1kZW1hbmQvc2Vzc2lvbi9nZGMyNS1nZGMxMDExLw==&clientTag=html5:v7.264","m3u8"
"https://www.nvidia.com/en-us/on-demand/session/gdc25-gdc1012/","","https://cdnapisec.kaltura.com/p/2935771/sp/293577100/playManifest/entryId/1_wa4jgujc/protocol/https/format/applehttp/flavorIds/1_ob08z08m,1_gukw1jbg,1_46jch00m,1_2ft31xwx/a.m3u8?uiConfId=50468382&playSessionId=b18023f6-857a-0dc6-eef6-cd0784ba5882:30c6de08-d77e-bf0e-8212-483d45094952&referrer=aHR0cHM6Ly93d3cubnZpZGlhLmNvbS9lbi11cy9vbi1kZW1hbmQvc2Vzc2lvbi9nZGMyNS1nZGMxMDEyLw==&clientTag=html5:v7.264","m3u8"
"https://www.nvidia.com/en-us/on-demand/session/gtc25-s71873/","39:45:00","https://cdnapisec.kaltura.com/p/2935771/sp/293577100/playManifest/entryId/1_8rhbkv8e/protocol/https/format/applehttp/flavorIds/1_jwdvoc2n,1_436caypp,1_5s0slehg,1_jdr1ndlu,1_40d2jkd8/a.m3u8?uiConfId=50468382&playSessionId=56de5cdf-f74a-e52c-4f25-d6d38ffdfd0d:d85c0a46-19b4-9c80-ef47-57318f3e7e60&referrer=aHR0cHM6Ly93d3cubnZpZGlhLmNvbS9lbi11cy9vbi1kZW1hbmQvc2Vzc2lvbi9ndGMyNS1zNzE4NzMv&clientTag=html5:v7.264","m3u8"
"https://www.nvidia.com/en-us/on-demand/session/gtc25-s71942/","46:34:00","https://cdnapisec.kaltura.com/p/2935771/sp/293577100/playManifest/entryId/1_hh79rve4/protocol/https/format/applehttp/flavorIds/1_e3xdjiib,1_u2dfn1n1,1_ct27bgrv,1_p0et4dnz/a.m3u8?uiConfId=50468382&playSessionId=f1c747f4-4746-a6e1-a53d-c295abed9beb:c085444d-b52b-7b1f-5eb6-9ce82e7454ab&referrer=aHR0cHM6Ly93d3cubnZpZGlhLmNvbS9lbi11cy9vbi1kZW1hbmQvc2Vzc2lvbi9ndGMyNS1zNzE5NDIv&clientTag=html5:v7.264","m3u8"
"https://www.nvidia.com/en-us/on-demand/session/gtc25-closing/","2:55","https://cdnapisec.kaltura.com/p/2935771/sp/293577100/playManifest/entryId/1_pc2aekv8/protocol/https/format/applehttp/flavorIds/1_4av5ddoc,1_f1az2gh1,1_gm9ix5li,1_rzrxydsf,1_gi43lkks,1_or0ysuqb,1_mubrf9sk,1_10yqtoox/a.m3u8?uiConfId=50468382&playSessionId=cb888e7d-769b-1537-adf0-a3ed99489fbd:d5c6c429-ec07-aa52-4528-0627982849ea&referrer=aHR0cHM6Ly93d3cubnZpZGlhLmNvbS9lbi11cy9vbi1kZW1hbmQvc2Vzc2lvbi9ndGMyNS1jbG9zaW5nLw==&clientTag=html5:v7.264","m3u8"
"https://www.nvidia.com/en-us/on-demand/session/ces25-keynote/","1:36:59","https://cdnapisec.kaltura.com/p/2935771/sp/293577100/playManifest/entryId/1_rtiv08b6/protocol/https/format/applehttp/flavorIds/1_gex9uiyb,1_mfm5x1ox,1_rtbz3vvr,1_03a5vjuo,1_zed9t00i,1_xrzj5q0w/a.m3u8?uiConfId=50468382&playSessionId=9fa7b872-9146-0459-ec4e-a7aeb421cc3e:89b21b92-612d-0792-4c40-cdb8f5648e03&referrer=aHR0cHM6Ly93d3cubnZpZGlhLmNvbS9lbi11cy9vbi1kZW1hbmQvc2Vzc2lvbi9jZXMyNS1rZXlub3RlLw==&clientTag=html5:v7.264","m3u8"
