session_url,title,video_src,video_type
"https://www.nvidia.com/en-us/on-demand/session/gtc26-s82121/","41:42","https://cdnapisec.kaltura.com/p/2935771/sp/293577100/playManifest/entryId/1_zblr5b1w/protocol/https/format/applehttp/flavorIds/1_l8pa8eh3,1_wujw9w94,1_kgmxz90g,1_k9nigcvr,1_4dflgq6n/a.m3u8?uiConfId=50468382&playSessionId=5776a77c-88d5-9c08-b659-55d39c51effb:7e951465-d8d2-b22f-9cbf-73de01e5e36d&referrer=aHR0cHM6Ly93d3cubnZpZGlhLmNvbS9lbi11cy9vbi1kZW1hbmQvc2Vzc2lvbi9ndGMyNi1zODIxMjEv&clientTag=html5:v7.264","m3u8"
"https://www.nvidia.com/en-us/on-demand/session/gtc26-s81462/","40:53","https://cdnapisec.kaltura.com/p/2935771/sp/293577100/playManifest/entryId/1_ucy5ps6o/protocol/https/format/applehttp/flavorIds/1_vpsieoz6,1_o2poas4h,1_lzc2k6jl,1_z59df5iq,1_uj0h0e83/a.m3u8?uiConfId=50468382&playSessionId=9f4ee6df-7024-f01b-9202-a25cdc2e367f:3f1a4c43-301f-14c3-130c-2c860a33c5ee&referrer=aHR0cHM6Ly93d3cubnZpZGlhLmNvbS9lbi11cy9vbi1kZW1hbmQvc2Vzc2lvbi9ndGMyNi1zODE0NjIv&clientTag=html5:v7.264","m3u8"
"https://www.nvidia.com/en-us/on-demand/session/gtc26-s81478/","01:17:14","https://cdnapisec.kaltura.com/p/2935771/sp/293577100/playManifest/entryId/1_gh50sa4k/protocol/https/format/applehttp/flavorIds/1_ygo0q1gz,1_yndz57ea,1_02adxpvv,1_5te8mkue,1_1pbvfqhe/a.m3u8?uiConfId=50468382&playSessionId=891e462d-c4d6-814d-d382-ddf7e5e19cf9:e2716e0d-81ea-227f-15e0-b8534513fbb7&referrer=aHR0cHM6Ly93d3cubnZpZGlhLmNvbS9lbi11cy9vbi1kZW1hbmQvc2Vzc2lvbi9ndGMyNi1zODE0Nzgv&clientTag=html5:v7.264","m3u8"
"https://www.nvidia.com/en-us/on-demand/session/gtc26-s82128/","32:50","https://cdnapisec.kaltura.com/p/2935771/sp/293577100/playManifest/entryId/1_dfbywvk7/protocol/https/format/applehttp/flavorIds/1_r60152xk,1_fk0m5qiq,1_v9pzk619/a.m3u8?uiConfId=50468382&playSessionId=b77e50cb-8637-bc9c-ae8f-a8face942755:5d2c566c-a3a2-cb91-712f-c42da8870c59&referrer=aHR0cHM6Ly93d3cubnZpZGlhLmNvbS9lbi11cy9vbi1kZW1hbmQvc2Vzc2lvbi9ndGMyNi1zODIxMjgv&clientTag=html5:v7.264","m3u8"
"https://www.nvidia.com/en-us/on-demand/session/gtc26-dlit82150/","01:06:00","https://cdnapisec.kaltura.com/p/2935771/sp/293577100/playManifest/entryId/1_9ist8kgr/protocol/https/format/applehttp/flavorIds/1_zptcajin,1_254wzkv7,1_2xov40eb,1_u025r9m8/a.m3u8?uiConfId=50468382&playSessionId=6c576358-1c8e-27e1-b34d-801c5cb94d9b:7403b739-7da3-bed1-4eff-b31c03bcf3bb&referrer=aHR0cHM6Ly93d3cubnZpZGlhLmNvbS9lbi11cy9vbi1kZW1hbmQvc2Vzc2lvbi9ndGMyNi1kbGl0ODIxNTAv&clientTag=html5:v7.264","m3u8"
"https://www.nvidia.com/en-us/on-demand/session/gtc26-dlit81808/","01:23:20","https://cdnapisec.kaltura.com/p/2935771/sp/293577100/playManifest/entryId/1_0fabioa1/protocol/https/format/applehttp/flavorIds/1_0nlkj9xm,1_hj67buhn,1_597g70fd,1_liho7fgn,1_c8zuf335/a.m3u8?uiConfId=50468382&playSessionId=0ac86789-50dd-9366-516d-54d47bb932ed:30c2b07d-166c-e823-2a21-82324c39bd9a&referrer=aHR0cHM6Ly93d3cubnZpZGlhLmNvbS9lbi11cy9vbi1kZW1hbmQvc2Vzc2lvbi9ndGMyNi1kbGl0ODE4MDgv&clientTag=html5:v7.264","m3u8"
"https://www.nvidia.com/en-us/on-demand/session/gtc26-dlit82311/","01:16:53","https://cdnapisec.kaltura.com/p/2935771/sp/293577100/playManifest/entryId/1_xg2tp9qe/protocol/https/format/applehttp/flavorIds/1_wyfvl85f,1_vewu22xk,1_fbqd4ysn,1_cmzgo6ls,1_40uuh0fb/a.m3u8?uiConfId=50468382&playSessionId=5fa57ddd-af02-47da-45de-0e9c9099fa2d:a44ec28d-d0da-7233-3208-1a86389fee85&referrer=aHR0cHM6Ly93d3cubnZpZGlhLmNvbS9lbi11cy9vbi1kZW1hbmQvc2Vzc2lvbi9ndGMyNi1kbGl0ODIzMTEv&clientTag=html5:v7.264","m3u8"
"https://www.nvidia.com/en-us/on-demand/session/gtc26-dlit81837/","01:39:45","https://cdnapisec.kaltura.com/p/2935771/sp/293577100/playManifest/entryId/1_t7koy8pb/protocol/https/format/applehttp/flavorIds/1_ezvt7p6a,1_gmymgww2,1_2zj15o12,1_lhvkw3m5,1_iyy7gkf7/a.m3u8?uiConfId=50468382&playSessionId=65912446-084c-bcfb-3996-6eb2a8f4f783:a6571a4a-191d-0681-7e59-e9fd9a5bb52e&referrer=aHR0cHM6Ly93d3cubnZpZGlhLmNvbS9lbi11cy9vbi1kZW1hbmQvc2Vzc2lvbi9ndGMyNi1kbGl0ODE4Mzcv&clientTag=html5:v7.264","m3u8"
"https://www.nvidia.com/en-us/on-demand/session/gtc26-dlit81485/","01:36:02","https://cdnapisec.kaltura.com/p/2935771/sp/293577100/playManifest/entryId/1_g6qj2jo0/protocol/https/format/applehttp/flavorIds/1_ugmasgjq,1_pg5nxjg3,1_7n7kgued,1_d46aipxs,1_2ris3hef/a.m3u8?uiConfId=50468382&playSessionId=28f12c70-6a73-40ed-e07e-361020395077:4dfedec7-9b33-fb42-9165-a7e0c60f7a27&referrer=aHR0cHM6Ly93d3cubnZpZGlhLmNvbS9lbi11cy9vbi1kZW1hbmQvc2Vzc2lvbi9ndGMyNi1kbGl0ODE0ODUv&clientTag=html5:v7.264","m3u8"
"https://www.nvidia.com/en-us/on-demand/session/gtc26-ex82328/","13:30","https://cdnapisec.kaltura.com/p/2935771/sp/293577100/playManifest/entryId/1_wjeu0y9a/protocol/https/format/applehttp/flavorIds/1_su2wkkr5,1_97mhc9an,1_zjc2xrzy,1_7gl19zgt,1_mar7gese/a.m3u8?uiConfId=50468382&playSessionId=0f3314da-2311-b8fc-7f3c-e8753f1d6974:a7f377d5-7d90-541a-b202-7996531983e1&referrer=aHR0cHM6Ly93d3cubnZpZGlhLmNvbS9lbi11cy9vbi1kZW1hbmQvc2Vzc2lvbi9ndGMyNi1leDgyMzI4Lw==&clientTag=html5:v7.264","m3u8"
"https://www.nvidia.com/en-us/on-demand/session/gtc26-dlit81757/","48:53","https://cdnapisec.kaltura.com/p/2935771/sp/293577100/playManifest/entryId/1_cky6cw2x/protocol/https/format/applehttp/flavorIds/1_3wdjt1zf,1_fj78sdtp,1_2cz9aeic,1_zo9nowku/a.m3u8?uiConfId=50468382&playSessionId=4a90a9e8-f3ff-2a10-8316-39f786debc36:b889a7ae-2630-3018-025c-ddb4bd56d23b&referrer=aHR0cHM6Ly93d3cubnZpZGlhLmNvbS9lbi11cy9vbi1kZW1hbmQvc2Vzc2lvbi9ndGMyNi1kbGl0ODE3NTcv&clientTag=html5:v7.264","m3u8"
"https://www.nvidia.com/en-us/on-demand/session/gtc26-ex82365/","12:54","https://cdnapisec.kaltura.com/p/2935771/sp/293577100/playManifest/entryId/1_lp11gpah/protocol/https/format/applehttp/flavorIds/1_vc0lnp5w,1_t314hbkg,1_xu4sg1go,1_ujx2vxng,1_u4l5c36l/a.m3u8?uiConfId=50468382&playSessionId=c216b8c8-937e-5bb2-b6fa-32b57fb15d17:09fee7d8-ef1d-eeba-2b63-51a33908e6df&referrer=aHR0cHM6Ly93d3cubnZpZGlhLmNvbS9lbi11cy9vbi1kZW1hbmQvc2Vzc2lvbi9ndGMyNi1leDgyMzY1Lw==&clientTag=html5:v7.264","m3u8"
"https://www.nvidia.com/en-us/on-demand/session/gtc26-ex82378/","12:04","https://cdnapisec.kaltura.com/p/2935771/sp/293577100/playManifest/entryId/1_fda1tl8a/protocol/https/format/applehttp/flavorIds/1_x4x3x8pk,1_0o9ymjd9,1_dunl6tyt,1_egb0waad,1_p47ef060/a.m3u8?uiConfId=50468382&playSessionId=285aed76-d547-5f66-b58f-b2ab32694c01:12a6227c-d73d-ad50-c4ce-601d6e1e71ca&referrer=aHR0cHM6Ly93d3cubnZpZGlhLmNvbS9lbi11cy9vbi1kZW1hbmQvc2Vzc2lvbi9ndGMyNi1leDgyMzc4Lw==&clientTag=html5:v7.264","m3u8"
"https://www.nvidia.com/en-us/on-demand/session/gtc26-s82276/","40:49","https://cdnapisec.kaltura.com/p/2935771/sp/293577100/playManifest/entryId/1_97lcgyle/protocol/https/format/applehttp/flavorIds/1_5jna3vqp,1_orshg4n1,1_dy9gowcw/a.m3u8?uiConfId=50468382&playSessionId=8fd391ff-07d4-6d03-dd1c-ac2c79f7c38f:77ad2e61-4f79-16b2-2955-a0bda3efbb76&referrer=aHR0cHM6Ly93d3cubnZpZGlhLmNvbS9lbi11cy9vbi1kZW1hbmQvc2Vzc2lvbi9ndGMyNi1zODIyNzYv&clientTag=html5:v7.264","m3u8"
"https://www.nvidia.com/en-us/on-demand/session/gtc26-s82413/","40:29","https://cdnapisec.kaltura.com/p/2935771/sp/293577100/playManifest/entryId/1_o0uxkpiu/protocol/https/format/applehttp/flavorIds/1_jnu7aevp,1_mc0b75k2,1_vs6bq44m,1_h5x2u5vr,1_1kmnm8xp/a.m3u8?uiConfId=50468382&playSessionId=3622ebb6-8fbb-e049-89ff-c7412c634714:032abc3d-2a86-ccf5-c347-3a94434243be&referrer=aHR0cHM6Ly93d3cubnZpZGlhLmNvbS9lbi11cy9vbi1kZW1hbmQvc2Vzc2lvbi9ndGMyNi1zODI0MTMv&clientTag=html5:v7.264","m3u8"
"https://www.nvidia.com/en-us/on-demand/session/gtc26-s81634/","31:40","https://cdnapisec.kaltura.com/p/2935771/sp/293577100/playManifest/entryId/1_t9a6ofcz/protocol/https/format/applehttp/flavorIds/1_5x30iy50,1_0ppakex9,1_k28fsjd0,1_9z2sbj9r,1_pxcsf3lt/a.m3u8?uiConfId=50468382&playSessionId=7db685d8-cbd4-8100-220e-c481c728ed3e:8cd51194-4080-456a-b10d-8e07c45323ba&referrer=aHR0cHM6Ly93d3cubnZpZGlhLmNvbS9lbi11cy9vbi1kZW1hbmQvc2Vzc2lvbi9ndGMyNi1zODE2MzQv&clientTag=html5:v7.264","m3u8"
"https://www.nvidia.com/en-us/on-demand/session/gtc26-s81875/","41:51","https://cdnapisec.kaltura.com/p/2935771/sp/293577100/playManifest/entryId/1_sd9lqk8t/protocol/https/format/applehttp/flavorIds/1_yv6bohvv,1_x3nicurq,1_gtw6f52x,1_cm4ucmsb,1_st2spcty,1_vyxvunex/a.m3u8?uiConfId=50468382&playSessionId=fde80040-ad1d-a17d-6710-c8dd4000fde2:54a1a1ce-e138-d1ea-6085-f5748a29a88a&referrer=aHR0cHM6Ly93d3cubnZpZGlhLmNvbS9lbi11cy9vbi1kZW1hbmQvc2Vzc2lvbi9ndGMyNi1zODE4NzUv&clientTag=html5:v7.264","m3u8"
"https://www.nvidia.com/en-us/on-demand/session/gtc26-s82452/","39:02","https://cdnapisec.kaltura.com/p/2935771/sp/293577100/playManifest/entryId/1_6lnpvde1/protocol/https/format/applehttp/flavorIds/1_zscp1sdb,1_9k56lem9,1_x3uvlolc,1_b9cpftpz,1_sk7qs4xu/a.m3u8?uiConfId=50468382&playSessionId=3b60544d-3f37-6573-e0a5-16707dc328d7:41c1f191-a2bc-678b-01c3-0591d8b72301&referrer=aHR0cHM6Ly93d3cubnZpZGlhLmNvbS9lbi11cy9vbi1kZW1hbmQvc2Vzc2lvbi9ndGMyNi1zODI0NTIv&clientTag=html5:v7.264","m3u8"
"https://www.nvidia.com/en-us/on-demand/session/gtc26-s81822/","47:56","https://cdnapisec.kaltura.com/p/2935771/sp/293577100/playManifest/entryId/1_lg8ang95/protocol/https/format/applehttp/flavorIds/1_ivhrzuhj,1_qhk8zhuj,1_tp2t1ja2,1_1mzaww1z,1_mh21tp5p/a.m3u8?uiConfId=50468382&playSessionId=dc9e061d-b854-6733-aa68-9eb8706a8694:bda6829b-3163-0a35-aab4-a5f76a8b23d6&referrer=aHR0cHM6Ly93d3cubnZpZGlhLmNvbS9lbi11cy9vbi1kZW1hbmQvc2Vzc2lvbi9ndGMyNi1zODE4MjIv&clientTag=html5:v7.264","m3u8"
"https://www.nvidia.com/en-us/on-demand/session/gtc26-s81840/","40:39","https://cdnapisec.kaltura.com/p/2935771/sp/293577100/playManifest/entryId/1_5l4j6nq1/protocol/https/format/applehttp/flavorIds/1_8cqf2jz9,1_3qfhgqs7,1_tzo3z6fk,1_qjr81owo/a.m3u8?uiConfId=50468382&playSessionId=6648552f-096b-5c4f-3cbe-dc2d624ca397:aea57cf2-ea28-c081-0ede-a577891c8e70&referrer=aHR0cHM6Ly93d3cubnZpZGlhLmNvbS9lbi11cy9vbi1kZW1hbmQvc2Vzc2lvbi9ndGMyNi1zODE4NDAv&clientTag=html5:v7.264","m3u8"
"https://www.nvidia.com/en-us/on-demand/session/gtc26-s81772/","39:01","https://cdnapisec.kaltura.com/p/2935771/sp/293577100/playManifest/entryId/1_iw9nld21/protocol/https/format/applehttp/flavorIds/1_n69e8cg8,1_49n0fh2s,1_6koyxz7e,1_5ex27i71/a.m3u8?uiConfId=50468382&playSessionId=19047ab6-f273-ac36-cd55-59cd7f61c4b3:c5ab7bec-8444-034c-59e7-28d9596d35e7&referrer=aHR0cHM6Ly93d3cubnZpZGlhLmNvbS9lbi11cy9vbi1kZW1hbmQvc2Vzc2lvbi9ndGMyNi1zODE3NzIv&clientTag=html5:v7.264","m3u8"
"https://www.nvidia.com/en-us/on-demand/session/gtc26-s82220/","36:34","https://cdnapisec.kaltura.com/p/2935771/sp/293577100/playManifest/entryId/1_38lcl9fw/protocol/https/format/applehttp/flavorIds/1_r0urxuzt,1_jpg79zcu,1_r7off2wc,1_88vaa2z8,1_l7gri01h/a.m3u8?uiConfId=50468382&playSessionId=81f9942f-ee0e-a496-a72e-0241dbebdb44:56f1409e-6f67-428c-2570-c07e7eab97d8&referrer=aHR0cHM6Ly93d3cubnZpZGlhLmNvbS9lbi11cy9vbi1kZW1hbmQvc2Vzc2lvbi9ndGMyNi1zODIyMjAv&clientTag=html5:v7.264","m3u8"
"https://www.nvidia.com/en-us/on-demand/session/gtc26-s81821/","43:17","https://cdnapisec.kaltura.com/p/2935771/sp/293577100/playManifest/entryId/1_508mi36q/protocol/https/format/applehttp/flavorIds/1_rwki9kpc,1_2zisfa7f,1_yvghj67c,1_zaahjtm9,1_a5itcbif/a.m3u8?uiConfId=50468382&playSessionId=3d2ddf15-e3d8-c7bc-4eea-8fd05a8a7759:516d8b32-b7f6-85e8-6a06-0e4bd9f9e8ff&referrer=aHR0cHM6Ly93d3cubnZpZGlhLmNvbS9lbi11cy9vbi1kZW1hbmQvc2Vzc2lvbi9ndGMyNi1zODE4MjEv&clientTag=html5:v7.264","m3u8"
"https://www.nvidia.com/en-us/on-demand/session/gtc26-s81581/","40:36","https://cdnapisec.kaltura.com/p/2935771/sp/293577100/playManifest/entryId/1_f78xjv77/protocol/https/format/applehttp/flavorIds/1_quqp2n4t,1_rng7d7ts,1_5t6quhh4,1_nby8ju66,1_jxga22mr/a.m3u8?uiConfId=50468382&playSessionId=4d0f1cd6-cb28-b6f0-dcc5-bd026d726b9d:618b05bc-1766-b874-70d7-55ecd82c3a34&referrer=aHR0cHM6Ly93d3cubnZpZGlhLmNvbS9lbi11cy9vbi1kZW1hbmQvc2Vzc2lvbi9ndGMyNi1zODE1ODEv&clientTag=html5:v7.264","m3u8"
"https://www.nvidia.com/en-us/on-demand/session/gtc26-s82429/","38:36","https://cdnapisec.kaltura.com/p/2935771/sp/293577100/playManifest/entryId/1_n2yjw0xr/protocol/https/format/applehttp/flavorIds/1_rl12881k,1_l4b6kn78,1_kc4ag6cc,1_6y4sn3c6/a.m3u8?uiConfId=50468382&playSessionId=57e51497-7988-488f-32d1-bbc4b7ba11f9:4012f45a-cf9c-fa36-9202-79c6f7397776&referrer=aHR0cHM6Ly93d3cubnZpZGlhLmNvbS9lbi11cy9vbi1kZW1hbmQvc2Vzc2lvbi9ndGMyNi1zODI0Mjkv&clientTag=html5:v7.264","m3u8"
"https://www.nvidia.com/en-us/on-demand/session/gtc26-s81868/","01:22:00","https://cdnapisec.kaltura.com/p/2935771/sp/293577100/playManifest/entryId/1_sxotu02q/protocol/https/format/applehttp/flavorIds/1_s1r7psw3,1_41atwicv,1_azlu2a2p/a.m3u8?uiConfId=50468382&playSessionId=c856d213-e097-94ec-d6d1-63660a73058b:10ee2970-1f82-bef8-423f-2756a107ed54&referrer=aHR0cHM6Ly93d3cubnZpZGlhLmNvbS9lbi11cy9vbi1kZW1hbmQvc2Vzc2lvbi9ndGMyNi1zODE4Njgv&clientTag=html5:v7.264","m3u8"
"https://www.nvidia.com/en-us/on-demand/session/gtc26-s81559/","38:20","https://cdnapisec.kaltura.com/p/2935771/sp/293577100/playManifest/entryId/1_19br7dvo/protocol/https/format/applehttp/flavorIds/1_78xjuz0h,1_b0059x7a,1_qjoe8oen,1_b9pkwami,1_3ufgmaix/a.m3u8?uiConfId=50468382&playSessionId=fc44baac-c970-4156-eab3-97a1647f3c09:01b05bf2-4507-448f-6b76-38657b5bda57&referrer=aHR0cHM6Ly93d3cubnZpZGlhLmNvbS9lbi11cy9vbi1kZW1hbmQvc2Vzc2lvbi9ndGMyNi1zODE1NTkv&clientTag=html5:v7.264","m3u8"
"https://www.nvidia.com/en-us/on-demand/session/gtc26-s81566/","32:35","https://cdnapisec.kaltura.com/p/2935771/sp/293577100/playManifest/entryId/1_u2w4c8xw/protocol/https/format/applehttp/flavorIds/1_vg54axp4,1_gj7r5yei,1_lzj9shnz,1_q6nd8zh4,1_2ajo04lg/a.m3u8?uiConfId=50468382&playSessionId=4da5c885-0d06-f38b-d313-cdb77b2c2eac:080c51d3-70a6-9fe2-0b74-012ce0e8c852&referrer=aHR0cHM6Ly93d3cubnZpZGlhLmNvbS9lbi11cy9vbi1kZW1hbmQvc2Vzc2lvbi9ndGMyNi1zODE1NjYv&clientTag=html5:v7.264","m3u8"
"https://www.nvidia.com/en-us/on-demand/session/gtc26-s82141/","33:30","https://cdnapisec.kaltura.com/p/2935771/sp/293577100/playManifest/entryId/1_pccbqfjk/protocol/https/format/applehttp/flavorIds/1_p4d13o5q,1_pzpd85wb,1_ddkyqis5/a.m3u8?uiConfId=50468382&playSessionId=91bddbde-74d1-75c1-4c35-c89acc4ec077:bdd565eb-2382-d3b0-0ab2-ed18ef6a9c53&referrer=aHR0cHM6Ly93d3cubnZpZGlhLmNvbS9lbi11cy9vbi1kZW1hbmQvc2Vzc2lvbi9ndGMyNi1zODIxNDEv&clientTag=html5:v7.264","m3u8"
"https://www.nvidia.com/en-us/on-demand/session/gtc26-s81853/","37:35","https://cdnapisec.kaltura.com/p/2935771/sp/293577100/playManifest/entryId/1_gpvwit3c/protocol/https/format/applehttp/flavorIds/1_aef0e8t7,1_mdpwao8b,1_wzy9vdmf,1_5t76ouq6,1_g9o9ibrw/a.m3u8?uiConfId=50468382&playSessionId=468cfc62-66dd-c412-9f0c-dd9647b5ac39:b3ca4e42-5643-75ca-2a32-da488800d0b7&referrer=aHR0cHM6Ly93d3cubnZpZGlhLmNvbS9lbi11cy9vbi1kZW1hbmQvc2Vzc2lvbi9ndGMyNi1zODE4NTMv&clientTag=html5:v7.264","m3u8"
"https://www.nvidia.com/en-us/on-demand/session/gtc26-s82158/","01:17:32","https://cdnapisec.kaltura.com/p/2935771/sp/293577100/playManifest/entryId/1_kxst8bky/protocol/https/format/applehttp/flavorIds/1_33p2jl6o,1_l2x09hax,1_za5wbzab,1_54vuyged,1_yw75v6ng/a.m3u8?uiConfId=50468382&playSessionId=c7aec1db-23e8-64bf-77bf-88f835a4e23e:d8b63dbb-b90d-5433-f6c9-077adc14855b&referrer=aHR0cHM6Ly93d3cubnZpZGlhLmNvbS9lbi11cy9vbi1kZW1hbmQvc2Vzc2lvbi9ndGMyNi1zODIxNTgv&clientTag=html5:v7.264","m3u8"
"https://www.nvidia.com/en-us/on-demand/session/gtc26-dlit81572/","01:42:01","https://cdnapisec.kaltura.com/p/2935771/sp/293577100/playManifest/entryId/1_jjicu0rh/protocol/https/format/applehttp/flavorIds/1_4zafqhc1,1_69g34m90,1_rln7y36o,1_q2hn8lee,1_9qm8tl35/a.m3u8?uiConfId=50468382&playSessionId=9d6ec0ac-0ac3-8fb5-67bc-b47dd6d3c16e:c1bfa636-b5f4-da35-ec67-de44210185d4&referrer=aHR0cHM6Ly93d3cubnZpZGlhLmNvbS9lbi11cy9vbi1kZW1hbmQvc2Vzc2lvbi9ndGMyNi1kbGl0ODE1NzIv&clientTag=html5:v7.264","m3u8"
"https://www.nvidia.com/en-us/on-demand/session/gtc26-dlit81545/","01:33:47","https://cdnapisec.kaltura.com/p/2935771/sp/293577100/playManifest/entryId/1_fqleblhr/protocol/https/format/applehttp/flavorIds/1_qhsmgvuo,1_7tvg2k87,1_itbviqc4,1_z3cf83f6,1_6bbeklty/a.m3u8?uiConfId=50468382&playSessionId=f2ef2783-b13f-a0fe-b764-da9d2be9351c:a9c2f73a-79cf-7d48-261b-40baf1e43124&referrer=aHR0cHM6Ly93d3cubnZpZGlhLmNvbS9lbi11cy9vbi1kZW1hbmQvc2Vzc2lvbi9ndGMyNi1kbGl0ODE1NDUv&clientTag=html5:v7.264","m3u8"
"https://www.nvidia.com/en-us/on-demand/session/gtc26-dlit82405/","01:26:47","https://cdnapisec.kaltura.com/p/2935771/sp/293577100/playManifest/entryId/1_v4i8n49l/protocol/https/format/applehttp/flavorIds/1_1zu1o28n,1_zv9zx9j0,1_vwpuc8rv,1_brlzbhmn,1_ld3toftu/a.m3u8?uiConfId=50468382&playSessionId=3a0262a1-6859-5f8c-9cb4-4b04b0caa74b:513afd54-c573-b810-6dfe-5aec177fcb8f&referrer=aHR0cHM6Ly93d3cubnZpZGlhLmNvbS9lbi11cy9vbi1kZW1hbmQvc2Vzc2lvbi9ndGMyNi1kbGl0ODI0MDUv&clientTag=html5:v7.264","m3u8"
"https://www.nvidia.com/en-us/on-demand/session/gtc26-dlit81776/","01:21:21","https://cdnapisec.kaltura.com/p/2935771/sp/293577100/playManifest/entryId/1_bu1dj1vi/protocol/https/format/applehttp/flavorIds/1_b49azmn5,1_dkgs2fo5,1_e7igfr94,1_nqc02yoy,1_gxx2ij5v/a.m3u8?uiConfId=50468382&playSessionId=19a1e9d2-1fda-162b-fb51-dd0004b0aefa:03b63509-47ff-27c7-4114-58b7d91c7c9d&referrer=aHR0cHM6Ly93d3cubnZpZGlhLmNvbS9lbi11cy9vbi1kZW1hbmQvc2Vzc2lvbi9ndGMyNi1kbGl0ODE3NzYv&clientTag=html5:v7.264","m3u8"
"https://www.nvidia.com/en-us/on-demand/session/gtc26-dlit82292/","01:08:18","https://cdnapisec.kaltura.com/p/2935771/sp/293577100/playManifest/entryId/1_5wsahe1s/protocol/https/format/applehttp/flavorIds/1_0h1mv7vh,1_2f41k5rf,1_n8o1yctg,1_rovqu8h4/a.m3u8?uiConfId=50468382&playSessionId=ddc02732-59b7-4e62-ce78-847a9a99a486:48221633-ff25-1c14-4e34-cce64eb3a4e5&referrer=aHR0cHM6Ly93d3cubnZpZGlhLmNvbS9lbi11cy9vbi1kZW1hbmQvc2Vzc2lvbi9ndGMyNi1kbGl0ODIyOTIv&clientTag=html5:v7.264","m3u8"
"https://www.nvidia.com/en-us/on-demand/session/gtc26-s82445/","36:48","https://cdnapisec.kaltura.com/p/2935771/sp/293577100/playManifest/entryId/1_jmsviaug/protocol/https/format/applehttp/flavorIds/1_ny1ls8cz,1_purr0say,1_f2phkidq,1_506iqchu,1_27lmvoi7/a.m3u8?uiConfId=50468382&playSessionId=152f67a2-62b8-ad88-c183-ec69d63f4527:48dcea15-c511-1f3a-03c5-ef19473df10b&referrer=aHR0cHM6Ly93d3cubnZpZGlhLmNvbS9lbi11cy9vbi1kZW1hbmQvc2Vzc2lvbi9ndGMyNi1zODI0NDUv&clientTag=html5:v7.264","m3u8"
"https://www.nvidia.com/en-us/on-demand/session/gtc26-s81690/","39:13","https://cdnapisec.kaltura.com/p/2935771/sp/293577100/playManifest/entryId/1_snjcw0vf/protocol/https/format/applehttp/flavorIds/1_d7d2sfm3,1_496ul47n,1_p3m0wueg,1_rp8lueq3,1_iiod5nji/a.m3u8?uiConfId=50468382&playSessionId=e71ebd6f-52c0-4caa-367b-b383b7c40baf:af8dd5c3-f05a-6db2-a30e-0302aea3a6ce&referrer=aHR0cHM6Ly93d3cubnZpZGlhLmNvbS9lbi11cy9vbi1kZW1hbmQvc2Vzc2lvbi9ndGMyNi1zODE2OTAv&clientTag=html5:v7.264","m3u8"
"https://www.nvidia.com/en-us/on-demand/session/gtc26-s82302/","38:20","https://cdnapisec.kaltura.com/p/2935771/sp/293577100/playManifest/entryId/1_skn3lrh8/protocol/https/format/applehttp/flavorIds/1_9i5wqcie,1_jz3hx7be,1_8ky3x2rv,1_p542y3nb,1_xqon6rfj/a.m3u8?uiConfId=50468382&playSessionId=9c33b4e1-2555-8a2d-c8c7-94ac2bace283:bc5dd28e-a917-7c4a-3770-9857dfbdae1e&referrer=aHR0cHM6Ly93d3cubnZpZGlhLmNvbS9lbi11cy9vbi1kZW1hbmQvc2Vzc2lvbi9ndGMyNi1zODIzMDIv&clientTag=html5:v7.264","m3u8"
"https://www.nvidia.com/en-us/on-demand/session/gtc26-s82079/","38:45","https://cdnapisec.kaltura.com/p/2935771/sp/293577100/playManifest/entryId/1_7vylawq0/protocol/https/format/applehttp/flavorIds/1_p9kdzqzu,1_xtx0kug8,1_zwm1a50d,1_so83h276,1_kj4tjcxv/a.m3u8?uiConfId=50468382&playSessionId=eb781db0-458f-950e-91d5-986ee06c6320:501d0381-7fb8-b9cb-8ead-3b4f829694ab&referrer=aHR0cHM6Ly93d3cubnZpZGlhLmNvbS9lbi11cy9vbi1kZW1hbmQvc2Vzc2lvbi9ndGMyNi1zODIwNzkv&clientTag=html5:v7.264","m3u8"
"https://www.nvidia.com/en-us/on-demand/session/gtc26-s81548/","39:45","https://cdnapisec.kaltura.com/p/2935771/sp/293577100/playManifest/entryId/1_dxvx4rdy/protocol/https/format/applehttp/flavorIds/1_4xg2nmpy,1_fdrc7kr7,1_yangy7pf,1_cb18khj7,1_y1lau429/a.m3u8?uiConfId=50468382&playSessionId=9ade9e12-61f8-d623-628a-56f0fd1a0fa0:b2a88d5c-7711-c93f-7268-99424441dfcf&referrer=aHR0cHM6Ly93d3cubnZpZGlhLmNvbS9lbi11cy9vbi1kZW1hbmQvc2Vzc2lvbi9ndGMyNi1zODE1NDgv&clientTag=html5:v7.264","m3u8"
"https://www.nvidia.com/en-us/on-demand/session/gtc26-s81977/","35:33","https://cdnapisec.kaltura.com/p/2935771/sp/293577100/playManifest/entryId/1_9kfwmo55/protocol/https/format/applehttp/flavorIds/1_qmk14wau,1_a7qdduvg,1_3794n5lt/a.m3u8?uiConfId=50468382&playSessionId=3f8ba7ec-b811-d8f3-f3fc-abf18281d78e:1daed9cb-4f26-b69a-4428-0e30e4bcf199&referrer=aHR0cHM6Ly93d3cubnZpZGlhLmNvbS9lbi11cy9vbi1kZW1hbmQvc2Vzc2lvbi9ndGMyNi1zODE5Nzcv&clientTag=html5:v7.264","m3u8"
"https://www.nvidia.com/en-us/on-demand/session/gtc26-s81782/","38:12","https://cdnapisec.kaltura.com/p/2935771/sp/293577100/playManifest/entryId/1_i0qtyd5v/protocol/https/format/applehttp/flavorIds/1_clzgf638,1_62l70wv5,1_p88x2ezy,1_f2h3m5mm,1_ci49v2n7/a.m3u8?uiConfId=50468382&playSessionId=79b89856-b2aa-7911-49cc-251abf0e64d7:fecd632f-9c37-bc4a-14e6-b641d8a7b2b7&referrer=aHR0cHM6Ly93d3cubnZpZGlhLmNvbS9lbi11cy9vbi1kZW1hbmQvc2Vzc2lvbi9ndGMyNi1zODE3ODIv&clientTag=html5:v7.264","m3u8"
"https://www.nvidia.com/en-us/on-demand/session/gtc26-s81599/","41:15","https://cdnapisec.kaltura.com/p/2935771/sp/293577100/playManifest/entryId/1_qsk203di/protocol/https/format/applehttp/flavorIds/1_d5adyp6a,1_sejf09uu,1_o8cjt8mj,1_chvamrzg,1_c1qn7iwi/a.m3u8?uiConfId=50468382&playSessionId=1fcab043-fd9f-5a5b-8c65-1c49c7dff9e9:8413be5b-aa39-6d3e-1999-d16b03951c80&referrer=aHR0cHM6Ly93d3cubnZpZGlhLmNvbS9lbi11cy9vbi1kZW1hbmQvc2Vzc2lvbi9ndGMyNi1zODE1OTkv&clientTag=html5:v7.264","m3u8"
"https://www.nvidia.com/en-us/on-demand/session/gtc26-s81664/","40:02","https://cdnapisec.kaltura.com/p/2935771/sp/293577100/playManifest/entryId/1_anj591s4/protocol/https/format/applehttp/flavorIds/1_sm9w3sys,1_m5ep8y7t,1_nd6qvin1,1_oho13gbb,1_piu9yw2z/a.m3u8?uiConfId=50468382&playSessionId=8c705727-487b-c09d-e06c-17a81288356c:6506ddec-7fce-84f5-c0ea-7777a49b0cad&referrer=aHR0cHM6Ly93d3cubnZpZGlhLmNvbS9lbi11cy9vbi1kZW1hbmQvc2Vzc2lvbi9ndGMyNi1zODE2NjQv&clientTag=html5:v7.264","m3u8"
"https://www.nvidia.com/en-us/on-demand/session/gtc26-s82076/","35:10","https://cdnapisec.kaltura.com/p/2935771/sp/293577100/playManifest/entryId/1_lsybjnax/protocol/https/format/applehttp/flavorIds/1_rxco56pr,1_2ykkey1z,1_839jf8co,1_jmhxycdw,1_copzyc7m/a.m3u8?uiConfId=50468382&playSessionId=b60459a4-409e-4aee-37f5-813eb53b2ff0:29fca39b-bd1f-aebf-6ab8-facddb624909&referrer=aHR0cHM6Ly93d3cubnZpZGlhLmNvbS9lbi11cy9vbi1kZW1hbmQvc2Vzc2lvbi9ndGMyNi1zODIwNzYv&clientTag=html5:v7.264","m3u8"
"https://www.nvidia.com/en-us/on-demand/session/gtc26-s82446/","39:55","https://cdnapisec.kaltura.com/p/2935771/sp/293577100/playManifest/entryId/1_erperi84/protocol/https/format/applehttp/flavorIds/1_odcdqoh9,1_mzzuo0po,1_ev8tnvnq,1_tquza0km,1_4axfc94j/a.m3u8?uiConfId=50468382&playSessionId=c2f24cfb-c6c6-28ba-2f6f-b0f26cf40b13:b1328c42-118e-7217-5284-7ff7b02b9da5&referrer=aHR0cHM6Ly93d3cubnZpZGlhLmNvbS9lbi11cy9vbi1kZW1hbmQvc2Vzc2lvbi9ndGMyNi1zODI0NDYv&clientTag=html5:v7.264","m3u8"
"https://www.nvidia.com/en-us/on-demand/session/gtc26-s82166/","40:08","https://cdnapisec.kaltura.com/p/2935771/sp/293577100/playManifest/entryId/1_u8eosnzg/protocol/https/format/applehttp/flavorIds/1_gd7ctkf4,1_9v9ztdxq,1_xlr78joi,1_pvtrjh6k,1_c35vghw6/a.m3u8?uiConfId=50468382&playSessionId=30480fd6-4ba4-14e0-9329-c3cc4b0c6c2d:ea2ced4a-db7b-1b8c-d846-eca92ced074e&referrer=aHR0cHM6Ly93d3cubnZpZGlhLmNvbS9lbi11cy9vbi1kZW1hbmQvc2Vzc2lvbi9ndGMyNi1zODIxNjYv&clientTag=html5:v7.264","m3u8"
"https://www.nvidia.com/en-us/on-demand/session/gtc26-s82034/","44:14","https://cdnapisec.kaltura.com/p/2935771/sp/293577100/playManifest/entryId/1_c2op6ma1/protocol/https/format/applehttp/flavorIds/1_mb8efsl8,1_qzustbs5,1_gh017w38,1_1nxn6wl5,1_59yvccam/a.m3u8?uiConfId=50468382&playSessionId=9d513bd7-24a5-5462-5925-6148e6e14b62:5ea62fdc-242b-062e-a9f9-cb841bb66d90&referrer=aHR0cHM6Ly93d3cubnZpZGlhLmNvbS9lbi11cy9vbi1kZW1hbmQvc2Vzc2lvbi9ndGMyNi1zODIwMzQv&clientTag=html5:v7.264","m3u8"
"https://www.nvidia.com/en-us/on-demand/session/gtc26-s82370/","40:05","https://cdnapisec.kaltura.com/p/2935771/sp/293577100/playManifest/entryId/1_qd1vfcn8/protocol/https/format/applehttp/flavorIds/1_8tafzezr,1_uniqt82k,1_chidzxhv,1_61dm3xug/a.m3u8?uiConfId=50468382&playSessionId=d8ac99db-e4e2-1673-b39f-29173a14fce8:00ed6a23-3329-1ad7-a1db-6c1dbbf79f29&referrer=aHR0cHM6Ly93d3cubnZpZGlhLmNvbS9lbi11cy9vbi1kZW1hbmQvc2Vzc2lvbi9ndGMyNi1zODIzNzAv&clientTag=html5:v7.264","m3u8"
"https://www.nvidia.com/en-us/on-demand/session/gtc26-s82156/","36:50","https://cdnapisec.kaltura.com/p/2935771/sp/293577100/playManifest/entryId/1_2xdkuuo3/protocol/https/format/applehttp/flavorIds/1_0sb3xbm4,1_93vsmvy4,1_14c9ngqv,1_a24bvj99,1_etwa6i60/a.m3u8?uiConfId=50468382&playSessionId=bb46913f-d443-56b1-cc68-aa2d715c8b28:fdd4ba84-01e5-3434-8397-767ff93ed74f&referrer=aHR0cHM6Ly93d3cubnZpZGlhLmNvbS9lbi11cy9vbi1kZW1hbmQvc2Vzc2lvbi9ndGMyNi1zODIxNTYv&clientTag=html5:v7.264","m3u8"
"https://www.nvidia.com/en-us/on-demand/session/gtc26-s81659/","38:47","https://cdnapisec.kaltura.com/p/2935771/sp/293577100/playManifest/entryId/1_7byv85dz/protocol/https/format/applehttp/flavorIds/1_ol5enx0r,1_tumqy7aw,1_522pnd5x,1_s3la3usp,1_piyfe44d/a.m3u8?uiConfId=50468382&playSessionId=1569a561-d6ac-9ec1-e5ba-27b302b12456:b432c6af-0e2b-80fd-c6da-fa58b1a45a6f&referrer=aHR0cHM6Ly93d3cubnZpZGlhLmNvbS9lbi11cy9vbi1kZW1hbmQvc2Vzc2lvbi9ndGMyNi1zODE2NTkv&clientTag=html5:v7.264","m3u8"
"https://www.nvidia.com/en-us/on-demand/session/gtc26-s82406/","40:20","https://cdnapisec.kaltura.com/p/2935771/sp/293577100/playManifest/entryId/1_5egq8hri/protocol/https/format/applehttp/flavorIds/1_h7mvb31v,1_anjayxuz,1_3g2hvkql,1_x1au112i,1_trc57znh/a.m3u8?uiConfId=50468382&playSessionId=d9455091-7663-a7e0-42a4-74941a124edf:421f6617-2a2e-ec03-8b3f-3fe65caa75fc&referrer=aHR0cHM6Ly93d3cubnZpZGlhLmNvbS9lbi11cy9vbi1kZW1hbmQvc2Vzc2lvbi9ndGMyNi1zODI0MDYv&clientTag=html5:v7.264","m3u8"
"https://www.nvidia.com/en-us/on-demand/session/gtc26-s81551/","38:23","https://cdnapisec.kaltura.com/p/2935771/sp/293577100/playManifest/entryId/1_u5s6xsnj/protocol/https/format/applehttp/flavorIds/1_aeyl5dkq,1_ibfe3ibg,1_zqnh7chw,1_fvu6cxw0,1_ppmkm35u/a.m3u8?uiConfId=50468382&playSessionId=f2511f85-2f29-e524-4104-5f8797b17d83:4b794c37-2ae8-88d2-c8df-2a4c0a1fec12&referrer=aHR0cHM6Ly93d3cubnZpZGlhLmNvbS9lbi11cy9vbi1kZW1hbmQvc2Vzc2lvbi9ndGMyNi1zODE1NTEv&clientTag=html5:v7.264","m3u8"
"https://www.nvidia.com/en-us/on-demand/session/gtc26-s81531/","36:55","https://cdnapisec.kaltura.com/p/2935771/sp/293577100/playManifest/entryId/1_0lwxnq03/protocol/https/format/applehttp/flavorIds/1_03ddrr0s,1_f3fo2gw1,1_v7jep1u7,1_kcxmnxbf/a.m3u8?uiConfId=50468382&playSessionId=de7e2cd8-1457-26a9-226f-0679441ecd1e:3a4fb6e9-0c44-8856-b90f-fd6a603b3bc5&referrer=aHR0cHM6Ly93d3cubnZpZGlhLmNvbS9lbi11cy9vbi1kZW1hbmQvc2Vzc2lvbi9ndGMyNi1zODE1MzEv&clientTag=html5:v7.264","m3u8"
"https://www.nvidia.com/en-us/on-demand/session/gtc26-s81729/","40:36","https://cdnapisec.kaltura.com/p/2935771/sp/293577100/playManifest/entryId/1_tfld4dmg/protocol/https/format/applehttp/flavorIds/1_1tjqjb76,1_tj3g3kxr,1_prd5u0qv,1_1o11himq,1_6y2imhlg/a.m3u8?uiConfId=50468382&playSessionId=c8dd8b45-67b4-ade1-f5e8-5149c54eed1c:9565763d-6858-f0ff-3f54-4dfa3cd6decf&referrer=aHR0cHM6Ly93d3cubnZpZGlhLmNvbS9lbi11cy9vbi1kZW1hbmQvc2Vzc2lvbi9ndGMyNi1zODE3Mjkv&clientTag=html5:v7.264","m3u8"
"https://www.nvidia.com/en-us/on-demand/session/gtc26-s82151/","32:41","https://cdnapisec.kaltura.com/p/2935771/sp/293577100/playManifest/entryId/1_cilyx84r/protocol/https/format/applehttp/flavorIds/1_5nxdejhi,1_fq5vrm3o,1_njydgvys/a.m3u8?uiConfId=50468382&playSessionId=568652cf-53f5-f5de-b43d-c75fe236398a:d61ea9f9-df00-48d4-dd68-e4cab523a0d4&referrer=aHR0cHM6Ly93d3cubnZpZGlhLmNvbS9lbi11cy9vbi1kZW1hbmQvc2Vzc2lvbi9ndGMyNi1zODIxNTEv&clientTag=html5:v7.264","m3u8"
"https://www.nvidia.com/en-us/on-demand/session/gtc26-s82103/","39:31","https://cdnapisec.kaltura.com/p/2935771/sp/293577100/playManifest/entryId/1_pcit1140/protocol/https/format/applehttp/flavorIds/1_lqqstkzs,1_u28sct70,1_buolut70,1_otxv8w7h,1_yyu2ukse/a.m3u8?uiConfId=50468382&playSessionId=a40413e2-c160-bbac-73f3-39c80444628a:f8e3225d-1e68-f9c8-79b9-47084da739f7&referrer=aHR0cHM6Ly93d3cubnZpZGlhLmNvbS9lbi11cy9vbi1kZW1hbmQvc2Vzc2lvbi9ndGMyNi1zODIxMDMv&clientTag=html5:v7.264","m3u8"
"https://www.nvidia.com/en-us/on-demand/session/gtc26-s81553/","01:25:03","https://cdnapisec.kaltura.com/p/2935771/sp/293577100/playManifest/entryId/1_23f1mjcz/protocol/https/format/applehttp/flavorIds/1_f03e5ols,1_xb5ypzkg,1_gx8z2nr2/a.m3u8?uiConfId=50468382&playSessionId=13f96349-a8d2-9673-5efa-506c38e283ac:fd32c804-2b2b-9f1f-9154-5c5a33bcb882&referrer=aHR0cHM6Ly93d3cubnZpZGlhLmNvbS9lbi11cy9vbi1kZW1hbmQvc2Vzc2lvbi9ndGMyNi1zODE1NTMv&clientTag=html5:v7.264","m3u8"
"https://www.nvidia.com/en-us/on-demand/session/gtc26-dlit82488/","01:41:34","https://cdnapisec.kaltura.com/p/2935771/sp/293577100/playManifest/entryId/1_tavozxv2/protocol/https/format/applehttp/flavorIds/1_ixzm5pxr,1_klnjmxbm,1_xzr6us22,1_7yowunoi,1_1k6bujvk/a.m3u8?uiConfId=50468382&playSessionId=91df687a-4588-0a65-dd40-d49bfcfade26:f6d5d4e4-1a0e-ba1c-593b-d2e846744769&referrer=aHR0cHM6Ly93d3cubnZpZGlhLmNvbS9lbi11cy9vbi1kZW1hbmQvc2Vzc2lvbi9ndGMyNi1kbGl0ODI0ODgv&clientTag=html5:v7.264","m3u8"
"https://www.nvidia.com/en-us/on-demand/session/gtc26-dlit81642/","01:26:53","https://cdnapisec.kaltura.com/p/2935771/sp/293577100/playManifest/entryId/1_j4lj3htp/protocol/https/format/applehttp/flavorIds/1_dyw3rrm1,1_jsurjzwl,1_0nhm77zk,1_31n75okh,1_eb01myz7/a.m3u8?uiConfId=50468382&playSessionId=713a2045-2548-f8de-46bb-a548d8de129c:5744cfa2-8a6a-303d-691a-1b8a2548aacc&referrer=aHR0cHM6Ly93d3cubnZpZGlhLmNvbS9lbi11cy9vbi1kZW1hbmQvc2Vzc2lvbi9ndGMyNi1kbGl0ODE2NDIv&clientTag=html5:v7.264","m3u8"
"https://www.nvidia.com/en-us/on-demand/session/gtc26-dlit82143/","01:35:25","https://cdnapisec.kaltura.com/p/2935771/sp/293577100/playManifest/entryId/1_76sloyjs/protocol/https/format/applehttp/flavorIds/1_y38veqaw,1_6dwfqkju,1_ju81wwye,1_eslz3agb,1_ma6p8tbf/a.m3u8?uiConfId=50468382&playSessionId=591b14b0-00bf-9eac-dc5e-325837762c0d:556c5380-2c90-bfe6-671d-1a7a20c61cff&referrer=aHR0cHM6Ly93d3cubnZpZGlhLmNvbS9lbi11cy9vbi1kZW1hbmQvc2Vzc2lvbi9ndGMyNi1kbGl0ODIxNDMv&clientTag=html5:v7.264","m3u8"
"https://www.nvidia.com/en-us/on-demand/session/gtc26-dlit82183/","01:39:57","https://cdnapisec.kaltura.com/p/2935771/sp/293577100/playManifest/entryId/1_jljgijx5/protocol/https/format/applehttp/flavorIds/1_rvvgqfwh,1_hd4aii9x,1_e64huqhs/a.m3u8?uiConfId=50468382&playSessionId=23901819-53c0-c8fc-d00a-9db6ab69d5ee:288daaf8-1d0d-7665-f9c9-d52e37359085&referrer=aHR0cHM6Ly93d3cubnZpZGlhLmNvbS9lbi11cy9vbi1kZW1hbmQvc2Vzc2lvbi9ndGMyNi1kbGl0ODIxODMv&clientTag=html5:v7.264","m3u8"
"https://www.nvidia.com/en-us/on-demand/session/gtc26-s81720/","49:43","https://cdnapisec.kaltura.com/p/2935771/sp/293577100/playManifest/entryId/1_g4t32gs3/protocol/https/format/applehttp/flavorIds/1_z2ax9zqv,1_gi7nige4,1_bndvxihm,1_cp38yqin,1_j1c710w4/a.m3u8?uiConfId=50468382&playSessionId=8e8d2561-a0a0-11c7-e469-f16b29b96482:f5ed724a-cd9b-7443-4024-ecf45c628d93&referrer=aHR0cHM6Ly93d3cubnZpZGlhLmNvbS9lbi11cy9vbi1kZW1hbmQvc2Vzc2lvbi9ndGMyNi1zODE3MjAv&clientTag=html5:v7.264","m3u8"
"https://www.nvidia.com/en-us/on-demand/session/gtc26-s81988/","47:55","https://cdnapisec.kaltura.com/p/2935771/sp/293577100/playManifest/entryId/1_9uvxr86x/protocol/https/format/applehttp/flavorIds/1_ijedgdlz,1_6cskauma,1_dhtmqidh,1_1977ppqn,1_hqgzsgc2,1_nqdnaura/a.m3u8?uiConfId=50468382&playSessionId=171983dc-bbf2-0227-4cd0-b2e2361ab360:e2d6e861-d030-a190-af60-9e3dbc16f2a4&referrer=aHR0cHM6Ly93d3cubnZpZGlhLmNvbS9lbi11cy9vbi1kZW1hbmQvc2Vzc2lvbi9ndGMyNi1zODE5ODgv&clientTag=html5:v7.264","m3u8"
"https://www.nvidia.com/en-us/on-demand/session/gtc26-s81985/","26:18","https://cdnapisec.kaltura.com/p/2935771/sp/293577100/playManifest/entryId/1_qrp7gwz7/protocol/https/format/applehttp/flavorIds/1_343zv8ey,1_5lok8w12,1_ey8umxzz,1_wxtalimb,1_xcq7aem6,1_f5oej30l/a.m3u8?uiConfId=50468382&playSessionId=f09f4212-e7a8-cf4f-fd89-2ac1a8339eb5:c04778a9-b277-2432-54d4-387b15c1ce6f&referrer=aHR0cHM6Ly93d3cubnZpZGlhLmNvbS9lbi11cy9vbi1kZW1hbmQvc2Vzc2lvbi9ndGMyNi1zODE5ODUv&clientTag=html5:v7.264","m3u8"
"https://www.nvidia.com/en-us/on-demand/session/gtc26-s82258/","56:27","https://cdnapisec.kaltura.com/p/2935771/sp/293577100/playManifest/entryId/1_pnme0rja/protocol/https/format/applehttp/flavorIds/1_2ylu4v6l,1_6ders5vk,1_b0iqyndj,1_eqwauxvl/a.m3u8?uiConfId=50468382&playSessionId=5b906ec3-0dc5-72df-269c-cf074a188f5f:79f98fd0-e883-4187-6875-bf2cc5488d64&referrer=aHR0cHM6Ly93d3cubnZpZGlhLmNvbS9lbi11cy9vbi1kZW1hbmQvc2Vzc2lvbi9ndGMyNi1zODIyNTgv&clientTag=html5:v7.264","m3u8"
"https://www.nvidia.com/en-us/on-demand/session/gtc26-s81560/","31:14","https://cdnapisec.kaltura.com/p/2935771/sp/293577100/playManifest/entryId/1_miqwmn8j/protocol/https/format/applehttp/flavorIds/1_ktrl8rt1,1_po0q08be,1_kn2ynmls,1_ubfx2mjs/a.m3u8?uiConfId=50468382&playSessionId=0d3a7050-cb99-a18f-8186-a335b521c693:1c15ebaa-89b0-e483-899f-901cdd2f6fd6&referrer=aHR0cHM6Ly93d3cubnZpZGlhLmNvbS9lbi11cy9vbi1kZW1hbmQvc2Vzc2lvbi9ndGMyNi1zODE1NjAv&clientTag=html5:v7.264","m3u8"
"https://www.nvidia.com/en-us/on-demand/session/gtc26-s81712/","41:03","https://cdnapisec.kaltura.com/p/2935771/sp/293577100/playManifest/entryId/1_iaruhcrx/protocol/https/format/applehttp/flavorIds/1_8zd6vvl0,1_wgzkt73a,1_x6b3084w,1_yxs445ow,1_av5wr9a4/a.m3u8?uiConfId=50468382&playSessionId=532b1402-4221-da32-08a2-f776f36f2557:e4a2df39-8a0e-00f4-c52d-5a8f900a15db&referrer=aHR0cHM6Ly93d3cubnZpZGlhLmNvbS9lbi11cy9vbi1kZW1hbmQvc2Vzc2lvbi9ndGMyNi1zODE3MTIv&clientTag=html5:v7.264","m3u8"
"https://www.nvidia.com/en-us/on-demand/session/gtc26-s81703/","39:55","https://cdnapisec.kaltura.com/p/2935771/sp/293577100/playManifest/entryId/1_qn1uogli/protocol/https/format/applehttp/flavorIds/1_gsf56k6z,1_4uekv6ec,1_n3izygkd,1_fk90cb5a/a.m3u8?uiConfId=50468382&playSessionId=0794ed54-eb53-43e3-b6ed-127f4b4bcc5c:a3b13c3b-be8a-edb4-f4c5-9b7840501877&referrer=aHR0cHM6Ly93d3cubnZpZGlhLmNvbS9lbi11cy9vbi1kZW1hbmQvc2Vzc2lvbi9ndGMyNi1zODE3MDMv&clientTag=html5:v7.264","m3u8"
"https://www.nvidia.com/en-us/on-demand/session/gtc26-s81963/","45:48","https://cdnapisec.kaltura.com/p/2935771/sp/293577100/playManifest/entryId/1_mh90tvbq/protocol/https/format/applehttp/flavorIds/1_zlexvuz7,1_93u4rpmv,1_3nn3t1z3,1_auejauff,1_qey4yo7i/a.m3u8?uiConfId=50468382&playSessionId=48cf0d75-4cb2-f620-9cc8-e630ebe759fc:5244aa60-b6f5-8395-ea16-f00643dc6d0c&referrer=aHR0cHM6Ly93d3cubnZpZGlhLmNvbS9lbi11cy9vbi1kZW1hbmQvc2Vzc2lvbi9ndGMyNi1zODE5NjMv&clientTag=html5:v7.264","m3u8"
"https://www.nvidia.com/en-us/on-demand/session/gtc26-s81897/","32:14","https://cdnapisec.kaltura.com/p/2935771/sp/293577100/playManifest/entryId/1_381zr44q/protocol/https/format/applehttp/flavorIds/1_vvadaleo,1_qtg0no7x,1_kd2vsrye,1_z1hwnuzg,1_vdp3qb7o/a.m3u8?uiConfId=50468382&playSessionId=2afb49ff-ed9f-5fd5-0394-a78db12c0814:d62fbc5e-0899-5928-03bc-e2d7567db23d&referrer=aHR0cHM6Ly93d3cubnZpZGlhLmNvbS9lbi11cy9vbi1kZW1hbmQvc2Vzc2lvbi9ndGMyNi1zODE4OTcv&clientTag=html5:v7.264","m3u8"
"https://www.nvidia.com/en-us/on-demand/session/gtc26-s81893/","40:27","https://cdnapisec.kaltura.com/p/2935771/sp/293577100/playManifest/entryId/1_31gdrjiv/protocol/https/format/applehttp/flavorIds/1_0cle2prh,1_k8nceh2p,1_c3va9sgv,1_4p2rm7x2,1_7xt8wsay/a.m3u8?uiConfId=50468382&playSessionId=4ab49897-68a8-0708-db6b-fdd214a8f06f:5d5b9645-9ec9-bccb-af19-c9115b5a3d06&referrer=aHR0cHM6Ly93d3cubnZpZGlhLmNvbS9lbi11cy9vbi1kZW1hbmQvc2Vzc2lvbi9ndGMyNi1zODE4OTMv&clientTag=html5:v7.264","m3u8"
"https://www.nvidia.com/en-us/on-demand/session/gtc26-s81891/","45:10","https://cdnapisec.kaltura.com/p/2935771/sp/293577100/playManifest/entryId/1_zp4htcf0/protocol/https/format/applehttp/flavorIds/1_d7zwsef0,1_s63f9cdj,1_uvgk1lhh,1_nvz2t3c5,1_i9655462/a.m3u8?uiConfId=50468382&playSessionId=12cfaf77-f00f-0393-a514-c4387ab14fdd:42276196-9949-fa0a-0b45-5f66097d44aa&referrer=aHR0cHM6Ly93d3cubnZpZGlhLmNvbS9lbi11cy9vbi1kZW1hbmQvc2Vzc2lvbi9ndGMyNi1zODE4OTEv&clientTag=html5:v7.264","m3u8"
"https://www.nvidia.com/en-us/on-demand/session/gtc26-s81827/","43:06","https://cdnapisec.kaltura.com/p/2935771/sp/293577100/playManifest/entryId/1_6agcmjx8/protocol/https/format/applehttp/flavorIds/1_hqxpjknv,1_d72f3axf,1_7efzsx2p,1_020nve5k,1_9cth89sn/a.m3u8?uiConfId=50468382&playSessionId=fc1390e1-8e1c-510b-c9c5-7dac3b1a55c6:5be002c7-cc96-44ab-33bf-ea6015ba8b4f&referrer=aHR0cHM6Ly93d3cubnZpZGlhLmNvbS9lbi11cy9vbi1kZW1hbmQvc2Vzc2lvbi9ndGMyNi1zODE4Mjcv&clientTag=html5:v7.264","m3u8"
"https://www.nvidia.com/en-us/on-demand/session/gtc26-ex82305/","13:38","https://cdnapisec.kaltura.com/p/2935771/sp/293577100/playManifest/entryId/1_awe9fbcm/protocol/https/format/applehttp/flavorIds/1_dx29vbi8,1_skf099xy,1_3pujb36b,1_vljyv8ko,1_s2dmhw2d/a.m3u8?uiConfId=50468382&playSessionId=1c7b1397-5235-ad00-6baa-a96a01479414:f38ea32f-f0b9-8d88-653c-fa7e5caaaf8d&referrer=aHR0cHM6Ly93d3cubnZpZGlhLmNvbS9lbi11cy9vbi1kZW1hbmQvc2Vzc2lvbi9ndGMyNi1leDgyMzA1Lw==&clientTag=html5:v7.264","m3u8"
"https://www.nvidia.com/en-us/on-demand/session/gtc26-ex81895/","12:01","https://cdnapisec.kaltura.com/p/2935771/sp/293577100/playManifest/entryId/1_8krhsmc3/protocol/https/format/applehttp/flavorIds/1_409dmv6e,1_0mizn4du,1_48qk9td5,1_1nhq9ue2,1_f22ux3pz/a.m3u8?uiConfId=50468382&playSessionId=d162e3d4-ec0d-501e-9207-3ee61df5bbd7:6bfd67e9-0cd9-e67f-1fb2-8e089fee1dd8&referrer=aHR0cHM6Ly93d3cubnZpZGlhLmNvbS9lbi11cy9vbi1kZW1hbmQvc2Vzc2lvbi9ndGMyNi1leDgxODk1Lw==&clientTag=html5:v7.264","m3u8"
"https://www.nvidia.com/en-us/on-demand/session/gtc26-ex82226/","13:36","https://cdnapisec.kaltura.com/p/2935771/sp/293577100/playManifest/entryId/1_g8105gvt/protocol/https/format/applehttp/flavorIds/1_0oisjruo,1_rdjmj8ty,1_3npkeswq,1_49dryou8,1_aywgzzkw/a.m3u8?uiConfId=50468382&playSessionId=c5154526-cb41-ac4c-393a-1caba79b8112:41810e11-3fda-6320-9ed2-596c5e70c6d1&referrer=aHR0cHM6Ly93d3cubnZpZGlhLmNvbS9lbi11cy9vbi1kZW1hbmQvc2Vzc2lvbi9ndGMyNi1leDgyMjI2Lw==&clientTag=html5:v7.264","m3u8"
"https://www.nvidia.com/en-us/on-demand/session/gtc26-s82285/","44:59","https://cdnapisec.kaltura.com/p/2935771/sp/293577100/playManifest/entryId/1_cr0raavo/protocol/https/format/applehttp/flavorIds/1_fn75ihib,1_t11lljq2,1_pi2fxl88,1_9iooas2q/a.m3u8?uiConfId=50468382&playSessionId=a70579ef-d968-13b7-e80b-33fad049e9f2:c26dc152-e1fb-7638-eb6c-bcf065cbfcc1&referrer=aHR0cHM6Ly93d3cubnZpZGlhLmNvbS9lbi11cy9vbi1kZW1hbmQvc2Vzc2lvbi9ndGMyNi1zODIyODUv&clientTag=html5:v7.264","m3u8"
"https://www.nvidia.com/en-us/on-demand/session/gtc26-ex82138/","07:12","https://cdnapisec.kaltura.com/p/2935771/sp/293577100/playManifest/entryId/1_bbe9tl09/protocol/https/format/applehttp/flavorIds/1_40i5l21c,1_fnqsn19l,1_an9l4rxe,1_33bnnfkz,1_9m1wtijh/a.m3u8?uiConfId=50468382&playSessionId=9169313a-de5c-2ca8-ef31-7e93e6bd9bab:4d3cb171-aa83-eff5-f829-4ac369fed9de&referrer=aHR0cHM6Ly93d3cubnZpZGlhLmNvbS9lbi11cy9vbi1kZW1hbmQvc2Vzc2lvbi9ndGMyNi1leDgyMTM4Lw==&clientTag=html5:v7.264","m3u8"
"https://www.nvidia.com/en-us/on-demand/session/gtc26-s81884/","49:10","https://cdnapisec.kaltura.com/p/2935771/sp/293577100/playManifest/entryId/1_npuj4m4g/protocol/https/format/applehttp/flavorIds/1_90s13a44,1_hfi7fzev,1_hy1zp0lm,1_2umq1wz8,1_sl2en376/a.m3u8?uiConfId=50468382&playSessionId=3be64b5f-7441-2e1d-9f85-ee7eb57a9255:83444804-8872-7ada-0cf2-1391aaad17c2&referrer=aHR0cHM6Ly93d3cubnZpZGlhLmNvbS9lbi11cy9vbi1kZW1hbmQvc2Vzc2lvbi9ndGMyNi1zODE4ODQv&clientTag=html5:v7.264","m3u8"
"https://www.nvidia.com/en-us/on-demand/session/gtc26-ex82049/","10:43","https://cdnapisec.kaltura.com/p/2935771/sp/293577100/playManifest/entryId/1_4n7h7lm1/protocol/https/format/applehttp/flavorIds/1_xfvgqmxx,1_t2x4hwo9,1_mywmr5w7,1_uciiqt7h,1_fvne8n24,1_jdnx0g00/a.m3u8?uiConfId=50468382&playSessionId=b6abc3fc-899a-5c56-02bf-694dc8e9c3d2:52432722-e089-8266-af8e-89d87aa4273b&referrer=aHR0cHM6Ly93d3cubnZpZGlhLmNvbS9lbi11cy9vbi1kZW1hbmQvc2Vzc2lvbi9ndGMyNi1leDgyMDQ5Lw==&clientTag=html5:v7.264","m3u8"
"https://www.nvidia.com/en-us/on-demand/session/gtc26-s81749/","37:40","https://cdnapisec.kaltura.com/p/2935771/sp/293577100/playManifest/entryId/1_x1ojz5i8/protocol/https/format/applehttp/flavorIds/1_wwx0zds8,1_dd0590ap,1_od0pz18y,1_esdo0rl6/a.m3u8?uiConfId=50468382&playSessionId=9c733f10-0f48-3582-73ca-6cec197e18fa:422996ae-d88a-a441-cf31-38dc302144ac&referrer=aHR0cHM6Ly93d3cubnZpZGlhLmNvbS9lbi11cy9vbi1kZW1hbmQvc2Vzc2lvbi9ndGMyNi1zODE3NDkv&clientTag=html5:v7.264","m3u8"
"https://www.nvidia.com/en-us/on-demand/session/gtc26-s81736/","27:35","https://cdnapisec.kaltura.com/p/2935771/sp/293577100/playManifest/entryId/1_0ca75zmq/protocol/https/format/applehttp/flavorIds/1_79s1zmuk,1_1ykoy9dv,1_k5o6tyng/a.m3u8?uiConfId=50468382&playSessionId=27566c2d-79f4-4c89-d032-3a793c048ad3:a6a73117-d9db-9b6c-32b0-fd252eb2d08c&referrer=aHR0cHM6Ly93d3cubnZpZGlhLmNvbS9lbi11cy9vbi1kZW1hbmQvc2Vzc2lvbi9ndGMyNi1zODE3MzYv&clientTag=html5:v7.264","m3u8"
"https://www.nvidia.com/en-us/on-demand/session/gtc26-ex82093/","11:51","https://cdnapisec.kaltura.com/p/2935771/sp/293577100/playManifest/entryId/1_4cnwyo86/protocol/https/format/applehttp/flavorIds/1_fzurqsc2,1_0j5dspzx,1_3xt0ketx,1_88n6r1en,1_i14h8540,1_oo4gsd0f/a.m3u8?uiConfId=50468382&playSessionId=31990c1e-925d-ab0b-8052-7e9a5d308be4:d22760c6-6f5a-a283-b656-8106b932828f&referrer=aHR0cHM6Ly93d3cubnZpZGlhLmNvbS9lbi11cy9vbi1kZW1hbmQvc2Vzc2lvbi9ndGMyNi1leDgyMDkzLw==&clientTag=html5:v7.264","m3u8"
"https://www.nvidia.com/en-us/on-demand/session/gtc26-s82264/","38:27","https://cdnapisec.kaltura.com/p/2935771/sp/293577100/playManifest/entryId/1_xzot7eo5/protocol/https/format/applehttp/flavorIds/1_8i2olopj,1_nml6yulb,1_3bwxxi75,1_pdicyjdf,1_sn3q0p93/a.m3u8?uiConfId=50468382&playSessionId=81310b59-0a61-8cd7-662c-ea3161cf8c96:388bed2e-b456-2531-b097-36726e66df59&referrer=aHR0cHM6Ly93d3cubnZpZGlhLmNvbS9lbi11cy9vbi1kZW1hbmQvc2Vzc2lvbi9ndGMyNi1zODIyNjQv&clientTag=html5:v7.264","m3u8"
"https://www.nvidia.com/en-us/on-demand/session/gtc26-s81763/","31:27","https://cdnapisec.kaltura.com/p/2935771/sp/293577100/playManifest/entryId/1_feonhf1x/protocol/https/format/applehttp/flavorIds/1_ufdr3x2q,1_wp6u1iqm,1_301ch21d,1_bqwh93s1/a.m3u8?uiConfId=50468382&playSessionId=c69a9ae5-2da6-c6e9-4a38-68a4724de3fc:83fbf3a8-f991-5a5e-70a5-1dfa25990c44&referrer=aHR0cHM6Ly93d3cubnZpZGlhLmNvbS9lbi11cy9vbi1kZW1hbmQvc2Vzc2lvbi9ndGMyNi1zODE3NjMv&clientTag=html5:v7.264","m3u8"
"https://www.nvidia.com/en-us/on-demand/session/gtc26-s81683/","39:24","https://cdnapisec.kaltura.com/p/2935771/sp/293577100/playManifest/entryId/1_jnle7l8h/protocol/https/format/applehttp/flavorIds/1_zu6qhrh2,1_cawnjbwt,1_fk21f83c,1_umd7l6bw,1_rwxcvslp/a.m3u8?uiConfId=50468382&playSessionId=98ed18a0-613d-a6fc-b371-fa445561a333:ca22e5d8-a276-38d6-68b4-892cf7922bfb&referrer=aHR0cHM6Ly93d3cubnZpZGlhLmNvbS9lbi11cy9vbi1kZW1hbmQvc2Vzc2lvbi9ndGMyNi1zODE2ODMv&clientTag=html5:v7.264","m3u8"
"https://www.nvidia.com/en-us/on-demand/session/gtc26-s82317/","20:07","https://cdnapisec.kaltura.com/p/2935771/sp/293577100/playManifest/entryId/1_2tni8gv1/protocol/https/format/applehttp/flavorIds/1_zt1n9kov,1_i55aqc69,1_neclvioo,1_k3fhksbu,1_t9r0ojsn/a.m3u8?uiConfId=50468382&playSessionId=6674ced2-6209-c9b0-2c96-c58a02cd6d17:e444d232-ec81-dd6c-7b0e-8fdebc438892&referrer=aHR0cHM6Ly93d3cubnZpZGlhLmNvbS9lbi11cy9vbi1kZW1hbmQvc2Vzc2lvbi9ndGMyNi1zODIzMTcv&clientTag=html5:v7.264","m3u8"
"https://www.nvidia.com/en-us/on-demand/session/gtc26-s81747/","39:02","https://cdnapisec.kaltura.com/p/2935771/sp/293577100/playManifest/entryId/1_3eb6na4e/protocol/https/format/applehttp/flavorIds/1_sh0mtnpj,1_k9y8bwmx,1_ppcv8kd4,1_lgl6525y/a.m3u8?uiConfId=50468382&playSessionId=bb1f79cf-c034-cbef-a160-2f807c05da10:7ee6bb21-8a75-fdbe-7d5c-bfd5448d023b&referrer=aHR0cHM6Ly93d3cubnZpZGlhLmNvbS9lbi11cy9vbi1kZW1hbmQvc2Vzc2lvbi9ndGMyNi1zODE3NDcv&clientTag=html5:v7.264","m3u8"
"https://www.nvidia.com/en-us/on-demand/session/gtc26-s81696/","34:14","https://cdnapisec.kaltura.com/p/2935771/sp/293577100/playManifest/entryId/1_igb0fkfi/protocol/https/format/applehttp/flavorIds/1_acl669cd,1_thdqg6b3,1_mmdhrllk,1_szdlximz,1_ectgx51l,1_3o92dm2o/a.m3u8?uiConfId=50468382&playSessionId=4db2902d-e328-1225-eb35-da8e564dadaf:a61f74cc-3530-7d3d-650b-f351434fd933&referrer=aHR0cHM6Ly93d3cubnZpZGlhLmNvbS9lbi11cy9vbi1kZW1hbmQvc2Vzc2lvbi9ndGMyNi1zODE2OTYv&clientTag=html5:v7.264","m3u8"
"https://www.nvidia.com/en-us/on-demand/session/gtc26-s81781/","36:34","https://cdnapisec.kaltura.com/p/2935771/sp/293577100/playManifest/entryId/1_tl7k6a5t/protocol/https/format/applehttp/flavorIds/1_5e2p4nl2,1_ykmmj5ga,1_kdbf3h5b,1_z6t09sdk/a.m3u8?uiConfId=50468382&playSessionId=b4ec5874-bf85-fdd3-f60a-19a9b4ddc07b:52d6e90a-6a24-4efb-dd4b-2b745d97ded2&referrer=aHR0cHM6Ly93d3cubnZpZGlhLmNvbS9lbi11cy9vbi1kZW1hbmQvc2Vzc2lvbi9ndGMyNi1zODE3ODEv&clientTag=html5:v7.264","m3u8"
"https://www.nvidia.com/en-us/on-demand/session/gtc26-s82095/","21:52","https://cdnapisec.kaltura.com/p/2935771/sp/293577100/playManifest/entryId/1_9pg0fnn0/protocol/https/format/applehttp/flavorIds/1_c28wfa68,1_xoqi6cnd,1_l105q2np,1_twuto7pt,1_9kphp743/a.m3u8?uiConfId=50468382&playSessionId=d9195aa4-6b46-d6b8-800f-de4d1cadc8fc:7f1d3833-c685-66ba-a2b9-dcfc4d5763df&referrer=aHR0cHM6Ly93d3cubnZpZGlhLmNvbS9lbi11cy9vbi1kZW1hbmQvc2Vzc2lvbi9ndGMyNi1zODIwOTUv&clientTag=html5:v7.264","m3u8"
"https://www.nvidia.com/en-us/on-demand/session/gtc26-s81661/","38:23","https://cdnapisec.kaltura.com/p/2935771/sp/293577100/playManifest/entryId/1_4rynqvlz/protocol/https/format/applehttp/flavorIds/1_9joodybu,1_txm1hddf,1_xqunb6vh,1_vosnfmxs,1_jrshdmjd/a.m3u8?uiConfId=50468382&playSessionId=e93288cf-da88-bc97-8901-e44e6a74e9cd:7e955ea1-e3ab-8006-ef65-d8bf5a88a9fd&referrer=aHR0cHM6Ly93d3cubnZpZGlhLmNvbS9lbi11cy9vbi1kZW1hbmQvc2Vzc2lvbi9ndGMyNi1zODE2NjEv&clientTag=html5:v7.264","m3u8"
"https://www.nvidia.com/en-us/on-demand/session/gtc26-s82096/","39:01","https://cdnapisec.kaltura.com/p/2935771/sp/293577100/playManifest/entryId/1_54hqy8f5/protocol/https/format/applehttp/flavorIds/1_a7l00j7m,1_u36yw9zg,1_v4gs02fc,1_1neod5x7/a.m3u8?uiConfId=50468382&playSessionId=19cfab85-5ac3-b58b-1104-ab74972c67a8:f6c38f0f-834c-c70b-76d4-4537480f5b9b&referrer=aHR0cHM6Ly93d3cubnZpZGlhLmNvbS9lbi11cy9vbi1kZW1hbmQvc2Vzc2lvbi9ndGMyNi1zODIwOTYv&clientTag=html5:v7.264","m3u8"
"https://www.nvidia.com/en-us/on-demand/session/gtc26-s82344/","32:45","https://cdnapisec.kaltura.com/p/2935771/sp/293577100/playManifest/entryId/1_agjg2s5i/protocol/https/format/applehttp/flavorIds/1_h8o04omg,1_jwbpn42h,1_f330o2zh,1_9x60jbyv,1_jq4hivpi/a.m3u8?uiConfId=50468382&playSessionId=19ca30d3-a29a-5a4f-08c1-f65ae2baa4f3:392a3a6e-1771-568d-d468-a918b7e16871&referrer=aHR0cHM6Ly93d3cubnZpZGlhLmNvbS9lbi11cy9vbi1kZW1hbmQvc2Vzc2lvbi9ndGMyNi1zODIzNDQv&clientTag=html5:v7.264","m3u8"
"https://www.nvidia.com/en-us/on-demand/session/gtc26-s82081/","29:40","https://cdnapisec.kaltura.com/p/2935771/sp/293577100/playManifest/entryId/1_uhvixjtg/protocol/https/format/applehttp/flavorIds/1_5aqkz8ii,1_4xrmj3yj/a.m3u8?uiConfId=50468382&playSessionId=93fc9850-5096-4b14-0349-c3a8ea3d2d61:d3e41669-73cb-feed-df6b-488a20958d46&referrer=aHR0cHM6Ly93d3cubnZpZGlhLmNvbS9lbi11cy9vbi1kZW1hbmQvc2Vzc2lvbi9ndGMyNi1zODIwODEv&clientTag=html5:v7.264","m3u8"
"https://www.nvidia.com/en-us/on-demand/session/gtc26-s81618/","36:11","https://cdnapisec.kaltura.com/p/2935771/sp/293577100/playManifest/entryId/1_5psstsbn/protocol/https/format/applehttp/flavorIds/1_g8yse6uz,1_ctmvwn02,1_prtdtjkw,1_j1tjs1bv/a.m3u8?uiConfId=50468382&playSessionId=9f00515b-5f4d-76c4-724a-2dcc31e93716:fbfd0137-45f3-8454-b403-05106b7dd0f4&referrer=aHR0cHM6Ly93d3cubnZpZGlhLmNvbS9lbi11cy9vbi1kZW1hbmQvc2Vzc2lvbi9ndGMyNi1zODE2MTgv&clientTag=html5:v7.264","m3u8"
"https://www.nvidia.com/en-us/on-demand/session/gtc26-s81820/","37:24","https://cdnapisec.kaltura.com/p/2935771/sp/293577100/playManifest/entryId/1_2o0j7cnt/protocol/https/format/applehttp/flavorIds/1_si4vbklw,1_2b7ubqrv,1_p1toxml4,1_eaupa3gp,1_ignvs9mt/a.m3u8?uiConfId=50468382&playSessionId=598780b0-2020-8f78-20bf-7c8bc99fc83a:862b0a0a-ffdb-c24d-5e6c-429c1da3c588&referrer=aHR0cHM6Ly93d3cubnZpZGlhLmNvbS9lbi11cy9vbi1kZW1hbmQvc2Vzc2lvbi9ndGMyNi1zODE4MjAv&clientTag=html5:v7.264","m3u8"
"https://www.nvidia.com/en-us/on-demand/session/gtc26-s82102/","45:09","https://cdnapisec.kaltura.com/p/2935771/sp/293577100/playManifest/entryId/1_4btz87y3/protocol/https/format/applehttp/flavorIds/1_xjxjac5u,1_q9na589j,1_uje6tri6,1_owmol7bf,1_mxkx12go,1_t1jx9j9y/a.m3u8?uiConfId=50468382&playSessionId=40ec499d-6e5d-f14f-3de3-55c1a9f8868f:60c8f713-b1a6-fdfd-bccb-ec385b5c5a9f&referrer=aHR0cHM6Ly93d3cubnZpZGlhLmNvbS9lbi11cy9vbi1kZW1hbmQvc2Vzc2lvbi9ndGMyNi1zODIxMDIv&clientTag=html5:v7.264","m3u8"
"https://www.nvidia.com/en-us/on-demand/session/gtc26-dlit82062/","01:09:21","https://cdnapisec.kaltura.com/p/2935771/sp/293577100/playManifest/entryId/1_dqav2zgr/protocol/https/format/applehttp/flavorIds/1_ldlxcuwi,1_d53v6v7j,1_c3p08fpi,1_6vfhvwmz,1_njeqwzv0/a.m3u8?uiConfId=50468382&playSessionId=1c7dfd54-f6ce-fc1e-8766-acf49d53c197:8a09d99e-0674-0f27-4fb9-f7662c8cf83a&referrer=aHR0cHM6Ly93d3cubnZpZGlhLmNvbS9lbi11cy9vbi1kZW1hbmQvc2Vzc2lvbi9ndGMyNi1kbGl0ODIwNjIv&clientTag=html5:v7.264","m3u8"
"https://www.nvidia.com/en-us/on-demand/session/gtc26-s81745/","39:12","https://cdnapisec.kaltura.com/p/2935771/sp/293577100/playManifest/entryId/1_53on10um/protocol/https/format/applehttp/flavorIds/1_lwjtppl3,1_r3xjjywa,1_ngmj3k42,1_z7s6w5xs,1_mc83o6kv/a.m3u8?uiConfId=50468382&playSessionId=d61f5066-5678-4097-96f2-d49c9b596d37:c04b25d3-6296-c33d-9232-975ae6da2ebe&referrer=aHR0cHM6Ly93d3cubnZpZGlhLmNvbS9lbi11cy9vbi1kZW1hbmQvc2Vzc2lvbi9ndGMyNi1zODE3NDUv&clientTag=html5:v7.264","m3u8"
"https://www.nvidia.com/en-us/on-demand/session/gtc26-s82416/","39:33","https://cdnapisec.kaltura.com/p/2935771/sp/293577100/playManifest/entryId/1_ljhr8h2a/protocol/https/format/applehttp/flavorIds/1_u30wci0i,1_tgpn7jr3,1_iwf5kyde,1_n2njz4bm,1_gdm10cy4,1_c5fveujq/a.m3u8?uiConfId=50468382&playSessionId=8a081e04-d17c-6750-cbc9-c1be2cc7d650:48ae8eb0-2e2a-fbe3-6c79-1d71ad61e812&referrer=aHR0cHM6Ly93d3cubnZpZGlhLmNvbS9lbi11cy9vbi1kZW1hbmQvc2Vzc2lvbi9ndGMyNi1zODI0MTYv&clientTag=html5:v7.264","m3u8"
"https://www.nvidia.com/en-us/on-demand/session/gtc26-s81691/","38:10","https://cdnapisec.kaltura.com/p/2935771/sp/293577100/playManifest/entryId/1_njco4een/protocol/https/format/applehttp/flavorIds/1_3oif7go2,1_1bmfqu80,1_t6vaoddb,1_ktkuao3r,1_qp0mbwqv/a.m3u8?uiConfId=50468382&playSessionId=58eebba7-8a70-6615-1a72-3d29c417c40f:daa08a9c-72eb-9c43-5ebe-d5ffcc82d3fa&referrer=aHR0cHM6Ly93d3cubnZpZGlhLmNvbS9lbi11cy9vbi1kZW1hbmQvc2Vzc2lvbi9ndGMyNi1zODE2OTEv&clientTag=html5:v7.264","m3u8"
"https://www.nvidia.com/en-us/on-demand/session/gtc26-s82295/","35:18","https://cdnapisec.kaltura.com/p/2935771/sp/293577100/playManifest/entryId/1_82rjklga/protocol/https/format/applehttp/flavorIds/1_1zf1nqec,1_cl2qgsyk,1_dfg5c64l,1_edn6ag6o/a.m3u8?uiConfId=50468382&playSessionId=ed12af8a-6123-da48-beec-228135a05ea1:cc4fbbec-38e2-837b-706b-7b260339fe2c&referrer=aHR0cHM6Ly93d3cubnZpZGlhLmNvbS9lbi11cy9vbi1kZW1hbmQvc2Vzc2lvbi9ndGMyNi1zODIyOTUv&clientTag=html5:v7.264","m3u8"
"https://www.nvidia.com/en-us/on-demand/session/gtc26-ex82048/","15:56","https://cdnapisec.kaltura.com/p/2935771/sp/293577100/playManifest/entryId/1_kvnubtei/protocol/https/format/applehttp/flavorIds/1_ke8g7ye8,1_03bpgc77,1_xt79bcfj,1_yy2ebpvq,1_r64h9wne,1_ad6haq9g/a.m3u8?uiConfId=50468382&playSessionId=0de53bea-08d2-0bff-bdc0-8bb5ddc9f33c:757a3a43-1639-cbcd-4793-29aa7555cc6b&referrer=aHR0cHM6Ly93d3cubnZpZGlhLmNvbS9lbi11cy9vbi1kZW1hbmQvc2Vzc2lvbi9ndGMyNi1leDgyMDQ4Lw==&clientTag=html5:v7.264","m3u8"
"https://www.nvidia.com/en-us/on-demand/session/gtc26-s82430/","39:42","https://cdnapisec.kaltura.com/p/2935771/sp/293577100/playManifest/entryId/1_xoaavz8m/protocol/https/format/applehttp/flavorIds/1_mvu8gq4e,1_gfzj3tpa,1_fy5kucj5/a.m3u8?uiConfId=50468382&playSessionId=06f10f49-4131-4c17-88e1-98093717a9f3:1b879f0d-985a-3869-209a-d7b07a9c25a2&referrer=aHR0cHM6Ly93d3cubnZpZGlhLmNvbS9lbi11cy9vbi1kZW1hbmQvc2Vzc2lvbi9ndGMyNi1zODI0MzAv&clientTag=html5:v7.264","m3u8"
"https://www.nvidia.com/en-us/on-demand/session/gtc26-s81525/","33:39","https://cdnapisec.kaltura.com/p/2935771/sp/293577100/playManifest/entryId/1_76osbgwi/protocol/https/format/applehttp/flavorIds/1_d9uny7o7,1_p7hwuwy6,1_atm9lcra,1_7zlit2xn,1_rmwdlh7h/a.m3u8?uiConfId=50468382&playSessionId=c1acee2b-78bf-26fd-66bd-f6e214e8ce0c:94f398d2-d3a0-528d-d015-be8b9b88839e&referrer=aHR0cHM6Ly93d3cubnZpZGlhLmNvbS9lbi11cy9vbi1kZW1hbmQvc2Vzc2lvbi9ndGMyNi1zODE1MjUv&clientTag=html5:v7.264","m3u8"
"https://www.nvidia.com/en-us/on-demand/session/gtc26-s82144/","40:06","https://cdnapisec.kaltura.com/p/2935771/sp/293577100/playManifest/entryId/1_ljlavg0h/protocol/https/format/applehttp/flavorIds/1_ia94d7w1,1_r3nmjiie,1_3pdu5czc,1_nkvm8pb1,1_bo0iufwi/a.m3u8?uiConfId=50468382&playSessionId=4aae6f43-01aa-656f-d0c1-a75201607a60:8d372601-9755-08d9-7b0b-ae2806349f79&referrer=aHR0cHM6Ly93d3cubnZpZGlhLmNvbS9lbi11cy9vbi1kZW1hbmQvc2Vzc2lvbi9ndGMyNi1zODIxNDQv&clientTag=html5:v7.264","m3u8"
"https://www.nvidia.com/en-us/on-demand/session/gtc26-dlit81668/","01:29:53","https://cdnapisec.kaltura.com/p/2935771/sp/293577100/playManifest/entryId/1_qyau5u3a/protocol/https/format/applehttp/flavorIds/1_f2ik16r3,1_2x0mg1gk,1_lyf0tavc,1_ihi1o3ft,1_wn4lpxhw/a.m3u8?uiConfId=50468382&playSessionId=653b7239-1676-4d72-6cb0-95fb32107dce:7f90d6aa-00db-4e1a-fb05-da541a24a6c4&referrer=aHR0cHM6Ly93d3cubnZpZGlhLmNvbS9lbi11cy9vbi1kZW1hbmQvc2Vzc2lvbi9ndGMyNi1kbGl0ODE2Njgv&clientTag=html5:v7.264","m3u8"
"https://www.nvidia.com/en-us/on-demand/session/gtc26-dlit81881/","01:44:39","https://cdnapisec.kaltura.com/p/2935771/sp/293577100/playManifest/entryId/1_yi366jkq/protocol/https/format/applehttp/flavorIds/1_5ftixuuy,1_lv8evmpg,1_aweypu0l/a.m3u8?uiConfId=50468382&playSessionId=9e58413d-0f67-c103-3c45-e0b8e77a08c9:1efa201a-3f33-a24c-a0ae-411b0d17d515&referrer=aHR0cHM6Ly93d3cubnZpZGlhLmNvbS9lbi11cy9vbi1kZW1hbmQvc2Vzc2lvbi9ndGMyNi1kbGl0ODE4ODEv&clientTag=html5:v7.264","m3u8"
"https://www.nvidia.com/en-us/on-demand/session/gtc26-dlit81579/","01:39:07","https://cdnapisec.kaltura.com/p/2935771/sp/293577100/playManifest/entryId/1_7m8ycgt9/protocol/https/format/applehttp/flavorIds/1_a1lyex6p,1_dym3badk,1_1hnzdml0,1_4klwofe2,1_tcfd7z78/a.m3u8?uiConfId=50468382&playSessionId=dfb69235-8bbe-03bc-857a-9f18cdf5c5cd:b910462f-986e-2542-ca6e-7158a414f67a&referrer=aHR0cHM6Ly93d3cubnZpZGlhLmNvbS9lbi11cy9vbi1kZW1hbmQvc2Vzc2lvbi9ndGMyNi1kbGl0ODE1Nzkv&clientTag=html5:v7.264","m3u8"
"https://www.nvidia.com/en-us/on-demand/session/gtc26-dlit81699/","01:28:48","https://cdnapisec.kaltura.com/p/2935771/sp/293577100/playManifest/entryId/1_bjuykz33/protocol/https/format/applehttp/flavorIds/1_m322xkn6,1_zwd5tx68,1_p3oe2bg1,1_nju6id7i,1_kqcfvnci/a.m3u8?uiConfId=50468382&playSessionId=0c4a6e8b-28c3-d601-8bdc-e451c550d4c8:e57ad509-b264-5220-e07e-09f9f706561c&referrer=aHR0cHM6Ly93d3cubnZpZGlhLmNvbS9lbi11cy9vbi1kZW1hbmQvc2Vzc2lvbi9ndGMyNi1kbGl0ODE2OTkv&clientTag=html5:v7.264","m3u8"
"https://www.nvidia.com/en-us/on-demand/session/gtc26-s81722/","32:21","https://cdnapisec.kaltura.com/p/2935771/sp/293577100/playManifest/entryId/1_y9ymhhk9/protocol/https/format/applehttp/flavorIds/1_p1v2g90w,1_gtsgdtys,1_zbqw579y/a.m3u8?uiConfId=50468382&playSessionId=2e20cc88-6624-82d6-73ec-5f5ceaa08856:b6cd21f5-8f0f-1ee7-2510-eef986828c21&referrer=aHR0cHM6Ly93d3cubnZpZGlhLmNvbS9lbi11cy9vbi1kZW1hbmQvc2Vzc2lvbi9ndGMyNi1zODE3MjIv&clientTag=html5:v7.264","m3u8"
"https://www.nvidia.com/en-us/on-demand/session/gtc26-s81651/","41:09","https://cdnapisec.kaltura.com/p/2935771/sp/293577100/playManifest/entryId/1_q38ml02f/protocol/https/format/applehttp/flavorIds/1_xovkcpj7,1_fkjokyxg,1_a95y8c95/a.m3u8?uiConfId=50468382&playSessionId=15851749-58d6-608c-1d7c-af08b39073ca:da5b9df5-7cb5-79cc-b0dc-452f4e06fcd0&referrer=aHR0cHM6Ly93d3cubnZpZGlhLmNvbS9lbi11cy9vbi1kZW1hbmQvc2Vzc2lvbi9ndGMyNi1zODE2NTEv&clientTag=html5:v7.264","m3u8"
"https://www.nvidia.com/en-us/on-demand/session/gtc26-s82227/","39:44","https://cdnapisec.kaltura.com/p/2935771/sp/293577100/playManifest/entryId/1_ipbms9tq/protocol/https/format/applehttp/flavorIds/1_mzxqduct,1_dxcwlze8,1_5gl0016b,1_rwnsj8tt,1_2g2jbglv,1_yifp6qg1/a.m3u8?uiConfId=50468382&playSessionId=e3490baf-8feb-2849-3e58-d2ba401430e7:dd4dc272-9f6f-1487-a3ac-3dcfacfca4c6&referrer=aHR0cHM6Ly93d3cubnZpZGlhLmNvbS9lbi11cy9vbi1kZW1hbmQvc2Vzc2lvbi9ndGMyNi1zODIyMjcv&clientTag=html5:v7.264","m3u8"
"https://www.nvidia.com/en-us/on-demand/session/gtc26-s81838/","38:42","https://cdnapisec.kaltura.com/p/2935771/sp/293577100/playManifest/entryId/1_qlqhg02t/protocol/https/format/applehttp/flavorIds/1_7ohj4f4o,1_92culu12,1_k5z472y8,1_l86nm9d1,1_u86aodw1/a.m3u8?uiConfId=50468382&playSessionId=2bb88f81-b9e7-51d1-f4e9-a024cc47bb2a:d715d6a1-8c21-b024-2d27-75e1a5e82470&referrer=aHR0cHM6Ly93d3cubnZpZGlhLmNvbS9lbi11cy9vbi1kZW1hbmQvc2Vzc2lvbi9ndGMyNi1zODE4Mzgv&clientTag=html5:v7.264","m3u8"
"https://www.nvidia.com/en-us/on-demand/session/gtc26-s81662/","40:22","https://cdnapisec.kaltura.com/p/2935771/sp/293577100/playManifest/entryId/1_d9yksq7j/protocol/https/format/applehttp/flavorIds/1_bol96vhq,1_ix7if7zn,1_86xevvhf,1_9upfygvp/a.m3u8?uiConfId=50468382&playSessionId=e3d8855a-5127-0b79-a2e8-61fa2276e422:f39229c8-c492-70cd-af5c-be8ce15d5ab0&referrer=aHR0cHM6Ly93d3cubnZpZGlhLmNvbS9lbi11cy9vbi1kZW1hbmQvc2Vzc2lvbi9ndGMyNi1zODE2NjIv&clientTag=html5:v7.264","m3u8"
"https://www.nvidia.com/en-us/on-demand/session/gtc26-ex82133/","15:49","https://cdnapisec.kaltura.com/p/2935771/sp/293577100/playManifest/entryId/1_rcjypcop/protocol/https/format/applehttp/flavorIds/1_ye1po8vl,1_xwwras9p,1_fg2mp4b1,1_7duej8b1/a.m3u8?uiConfId=50468382&playSessionId=49f842bd-5469-4d0f-058f-62a35125814d:3c0d6fd7-7f18-148b-1d7a-4bf70d44facd&referrer=aHR0cHM6Ly93d3cubnZpZGlhLmNvbS9lbi11cy9vbi1kZW1hbmQvc2Vzc2lvbi9ndGMyNi1leDgyMTMzLw==&clientTag=html5:v7.264","m3u8"
"https://www.nvidia.com/en-us/on-demand/session/gtc26-s81780/","36:08","https://cdnapisec.kaltura.com/p/2935771/sp/293577100/playManifest/entryId/1_yy0rapg2/protocol/https/format/applehttp/flavorIds/1_uutvkox0,1_7tzk27ti,1_6eowt6oc,1_wpe2s2x9,1_0qgt1r50/a.m3u8?uiConfId=50468382&playSessionId=6374cf32-e0ab-9bb1-2e23-65d5314c82a9:14d0cb85-076c-ac6b-ec6c-0356011a234b&referrer=aHR0cHM6Ly93d3cubnZpZGlhLmNvbS9lbi11cy9vbi1kZW1hbmQvc2Vzc2lvbi9ndGMyNi1zODE3ODAv&clientTag=html5:v7.264","m3u8"
"https://www.nvidia.com/en-us/on-demand/session/gtc26-s81701/","36:53","https://cdnapisec.kaltura.com/p/2935771/sp/293577100/playManifest/entryId/1_q9xm5rw2/protocol/https/format/applehttp/flavorIds/1_voome8gl,1_duvdnbk6,1_gi4csdy4,1_t1ytevz0,1_1vuz9h2x/a.m3u8?uiConfId=50468382&playSessionId=c53a791b-9287-bb14-73ca-cf303af9ada4:bc920d25-6c6f-4391-6be0-f113543d3b85&referrer=aHR0cHM6Ly93d3cubnZpZGlhLmNvbS9lbi11cy9vbi1kZW1hbmQvc2Vzc2lvbi9ndGMyNi1zODE3MDEv&clientTag=html5:v7.264","m3u8"
"https://www.nvidia.com/en-us/on-demand/session/gtc26-s82187/","37:25","https://cdnapisec.kaltura.com/p/2935771/sp/293577100/playManifest/entryId/1_kux7bewy/protocol/https/format/applehttp/flavorIds/1_jxqsxb59,1_fn4tblda,1_bst0tgv3,1_xp5ex69r,1_gg1k1npf/a.m3u8?uiConfId=50468382&playSessionId=188817c5-a22d-9d7f-7d00-30d8227cd411:81ebe324-376a-71f3-db22-7b41e50f47ee&referrer=aHR0cHM6Ly93d3cubnZpZGlhLmNvbS9lbi11cy9vbi1kZW1hbmQvc2Vzc2lvbi9ndGMyNi1zODIxODcv&clientTag=html5:v7.264","m3u8"
"https://www.nvidia.com/en-us/on-demand/session/gtc26-dlit81592/","35:48","https://cdnapisec.kaltura.com/p/2935771/sp/293577100/playManifest/entryId/1_lz3mx6xm/protocol/https/format/applehttp/flavorIds/1_guh492f0,1_vi1bh4l2,1_l46qdqgn,1_5i263kg8,1_bzufp5x3/a.m3u8?uiConfId=50468382&playSessionId=f33179a5-0270-370e-761c-fb4cbad5b4c4:e2dd5da8-36a8-614d-aabc-84750d62b419&referrer=aHR0cHM6Ly93d3cubnZpZGlhLmNvbS9lbi11cy9vbi1kZW1hbmQvc2Vzc2lvbi9ndGMyNi1kbGl0ODE1OTIv&clientTag=html5:v7.264","m3u8"
"https://www.nvidia.com/en-us/on-demand/session/gtc26-dlit82308/","20:07","https://cdnapisec.kaltura.com/p/2935771/sp/293577100/playManifest/entryId/1_2dkn0p2b/protocol/https/format/applehttp/flavorIds/1_appr9m73,1_r93t7rn2/a.m3u8?uiConfId=50468382&playSessionId=b16019bc-fc8d-4ada-1351-0b4bdc4b4787:0ce5cf5e-3854-4f1f-568c-a183530e7f37&referrer=aHR0cHM6Ly93d3cubnZpZGlhLmNvbS9lbi11cy9vbi1kZW1hbmQvc2Vzc2lvbi9ndGMyNi1kbGl0ODIzMDgv&clientTag=html5:v7.264","m3u8"
"https://www.nvidia.com/en-us/on-demand/session/gtc26-dlit81550/","01:28:50","https://cdnapisec.kaltura.com/p/2935771/sp/293577100/playManifest/entryId/1_d4pdbkl9/protocol/https/format/applehttp/flavorIds/1_1m59dmug,1_x1825xbk,1_7o5pjtxr,1_66mrg4vu,1_47r66dbo/a.m3u8?uiConfId=50468382&playSessionId=0757529d-c991-58e8-2d7a-503a523d6750:6d75f286-69ff-b9fd-199b-579638f108d8&referrer=aHR0cHM6Ly93d3cubnZpZGlhLmNvbS9lbi11cy9vbi1kZW1hbmQvc2Vzc2lvbi9ndGMyNi1kbGl0ODE1NTAv&clientTag=html5:v7.264","m3u8"
"https://www.nvidia.com/en-us/on-demand/session/gtc26-dlit82181/","01:29:19","https://cdnapisec.kaltura.com/p/2935771/sp/293577100/playManifest/entryId/1_k2qfml9b/protocol/https/format/applehttp/flavorIds/1_sghzasll,1_aj0ljh0g,1_bwwpeqzc/a.m3u8?uiConfId=50468382&playSessionId=111471c6-2238-1766-0b25-4f9fcb94b426:41f70cae-49fe-ebac-cac7-b6c095a30ffe&referrer=aHR0cHM6Ly93d3cubnZpZGlhLmNvbS9lbi11cy9vbi1kZW1hbmQvc2Vzc2lvbi9ndGMyNi1kbGl0ODIxODEv&clientTag=html5:v7.264","m3u8"
"https://www.nvidia.com/en-us/on-demand/session/gtc26-dlit81644/","01:21:47","https://cdnapisec.kaltura.com/p/2935771/sp/293577100/playManifest/entryId/1_gfb1aewt/protocol/https/format/applehttp/flavorIds/1_2v4miae4,1_fwq7sy3j,1_usdtq3iu,1_psoahpey,1_ggzzxh0w/a.m3u8?uiConfId=50468382&playSessionId=be64c74c-5009-bc26-9b81-35560d042b71:3405d597-b6c6-5387-e8e6-b6ce14d3cff1&referrer=aHR0cHM6Ly93d3cubnZpZGlhLmNvbS9lbi11cy9vbi1kZW1hbmQvc2Vzc2lvbi9ndGMyNi1kbGl0ODE2NDQv&clientTag=html5:v7.264","m3u8"
"https://www.nvidia.com/en-us/on-demand/session/gtc26-dlit81650/","01:18:38","https://cdnapisec.kaltura.com/p/2935771/sp/293577100/playManifest/entryId/1_1qfatdel/protocol/https/format/applehttp/flavorIds/1_hbspweii,1_zhu9kyi3,1_t17xsyw4,1_i8v6abqk,1_lvjuh7bq,1_j0niwny5/a.m3u8?uiConfId=50468382&playSessionId=79b80e58-1c41-ca35-de25-a83d746aa88b:ebcf1132-b650-d080-112e-6d3fd34826e2&referrer=aHR0cHM6Ly93d3cubnZpZGlhLmNvbS9lbi11cy9vbi1kZW1hbmQvc2Vzc2lvbi9ndGMyNi1kbGl0ODE2NTAv&clientTag=html5:v7.264","m3u8"
"https://www.nvidia.com/en-us/on-demand/session/gtc26-s81475/","40:47","https://cdnapisec.kaltura.com/p/2935771/sp/293577100/playManifest/entryId/1_0mleh85l/protocol/https/format/applehttp/flavorIds/1_7qqsx46v,1_7h4k4hog,1_y1hnkubo,1_qfy3l53f,1_eftmpl6o,1_0isg6zjg/a.m3u8?uiConfId=50468382&playSessionId=450b4774-4ef0-0865-ffdd-90820e25b913:47fa5285-6780-fecd-78bf-0b48e0039444&referrer=aHR0cHM6Ly93d3cubnZpZGlhLmNvbS9lbi11cy9vbi1kZW1hbmQvc2Vzc2lvbi9ndGMyNi1zODE0NzUv&clientTag=html5:v7.264","m3u8"
"https://www.nvidia.com/en-us/on-demand/session/gtc26-s81778/","38:56","https://cdnapisec.kaltura.com/p/2935771/sp/293577100/playManifest/entryId/1_fzg02wz2/protocol/https/format/applehttp/flavorIds/1_9m97dte9,1_w953bzxa,1_141qgswo,1_fmunv6y8,1_e0xpt3f3/a.m3u8?uiConfId=50468382&playSessionId=89ac2e1c-1319-f1e4-c9ea-6e2b14e7ab96:eab363f0-0290-06bf-95fd-fd13738396ea&referrer=aHR0cHM6Ly93d3cubnZpZGlhLmNvbS9lbi11cy9vbi1kZW1hbmQvc2Vzc2lvbi9ndGMyNi1zODE3Nzgv&clientTag=html5:v7.264","m3u8"
"https://www.nvidia.com/en-us/on-demand/session/gtc26-s81953/","25:30","https://cdnapisec.kaltura.com/p/2935771/sp/293577100/playManifest/entryId/1_s8cjwivn/protocol/https/format/applehttp/flavorIds/1_zplqs6kx,1_kcb7c62v,1_8ga5qxgg/a.m3u8?uiConfId=50468382&playSessionId=0831895f-b5b1-696c-16bf-0c04dd85eb7e:905be253-a3b5-f888-f11a-cb9522e45070&referrer=aHR0cHM6Ly93d3cubnZpZGlhLmNvbS9lbi11cy9vbi1kZW1hbmQvc2Vzc2lvbi9ndGMyNi1zODE5NTMv&clientTag=html5:v7.264","m3u8"
"https://www.nvidia.com/en-us/on-demand/session/gtc26-s82229/","30:03","https://cdnapisec.kaltura.com/p/2935771/sp/293577100/playManifest/entryId/1_93k0928d/protocol/https/format/applehttp/flavorIds/1_m5ncbaon,1_g79bljfv,1_ghwcb53c,1_wmwo6n6h,1_odctkzc7/a.m3u8?uiConfId=50468382&playSessionId=b2f12029-e487-07a9-14a9-8234b84bd237:8e35f8dc-e1a2-1993-9001-62d822bf4b13&referrer=aHR0cHM6Ly93d3cubnZpZGlhLmNvbS9lbi11cy9vbi1kZW1hbmQvc2Vzc2lvbi9ndGMyNi1zODIyMjkv&clientTag=html5:v7.264","m3u8"
"https://www.nvidia.com/en-us/on-demand/session/gtc26-s82428/","40:45","https://cdnapisec.kaltura.com/p/2935771/sp/293577100/playManifest/entryId/1_5deagekt/protocol/https/format/applehttp/flavorIds/1_27ff9gqd,1_107emsy2/a.m3u8?uiConfId=50468382&playSessionId=974704ae-4929-d70a-bbc4-d5c0962da358:c31465b8-885e-26e3-17ca-1c4fad70e5f1&referrer=aHR0cHM6Ly93d3cubnZpZGlhLmNvbS9lbi11cy9vbi1kZW1hbmQvc2Vzc2lvbi9ndGMyNi1zODI0Mjgv&clientTag=html5:v7.264","m3u8"
"https://www.nvidia.com/en-us/on-demand/session/gtc26-s82090/","47:05","https://cdnapisec.kaltura.com/p/2935771/sp/293577100/playManifest/entryId/1_ztzbf0op/protocol/https/format/applehttp/flavorIds/1_rt1wqeov,1_9ecwh1fu,1_atp8j9s2,1_vecncgz7,1_ts7jifq9/a.m3u8?uiConfId=50468382&playSessionId=b3dfe822-9316-f1ab-b0f5-e67ae36a50d6:36f377df-472e-b798-27d2-9155791560ff&referrer=aHR0cHM6Ly93d3cubnZpZGlhLmNvbS9lbi11cy9vbi1kZW1hbmQvc2Vzc2lvbi9ndGMyNi1zODIwOTAv&clientTag=html5:v7.264","m3u8"
"https://www.nvidia.com/en-us/on-demand/session/gtc26-s81885/","38:06","https://cdnapisec.kaltura.com/p/2935771/sp/293577100/playManifest/entryId/1_4agjb3qz/protocol/https/format/applehttp/flavorIds/1_v2swzijk,1_wu5enwo2,1_39kcfxkt,1_01jfz38p,1_ronsoxti/a.m3u8?uiConfId=50468382&playSessionId=4cb9ac78-6715-110c-a588-9284550c18c5:03a4e861-1433-13fd-8680-c985a0da8dac&referrer=aHR0cHM6Ly93d3cubnZpZGlhLmNvbS9lbi11cy9vbi1kZW1hbmQvc2Vzc2lvbi9ndGMyNi1zODE4ODUv&clientTag=html5:v7.264","m3u8"
"https://www.nvidia.com/en-us/on-demand/session/gtc26-s81643/","38:48","https://cdnapisec.kaltura.com/p/2935771/sp/293577100/playManifest/entryId/1_ta5r1akg/protocol/https/format/applehttp/flavorIds/1_4vi6mrea,1_dorz9uo7,1_yrpzb9jl,1_o3drm4kf,1_oij4bmvt/a.m3u8?uiConfId=50468382&playSessionId=edbf9cfa-c7b3-6b4a-256f-1de8987f35e3:6970e8ec-259e-afd8-9834-e44bbf05d03f&referrer=aHR0cHM6Ly93d3cubnZpZGlhLmNvbS9lbi11cy9vbi1kZW1hbmQvc2Vzc2lvbi9ndGMyNi1zODE2NDMv&clientTag=html5:v7.264","m3u8"
"https://www.nvidia.com/en-us/on-demand/session/gtc26-s81463/","34:24","https://cdnapisec.kaltura.com/p/2935771/sp/293577100/playManifest/entryId/1_w77jpeu6/protocol/https/format/applehttp/flavorIds/1_ttvb5mj6,1_jdlbua8p,1_oeptaa64,1_o7rq86v4,1_xvd4onlq/a.m3u8?uiConfId=50468382&playSessionId=72f16e64-f4f5-1e61-53ee-54a345025a6d:43adf5a0-5716-34c8-7859-8bbe06553f2e&referrer=aHR0cHM6Ly93d3cubnZpZGlhLmNvbS9lbi11cy9vbi1kZW1hbmQvc2Vzc2lvbi9ndGMyNi1zODE0NjMv&clientTag=html5:v7.264","m3u8"
"https://www.nvidia.com/en-us/on-demand/session/gtc26-s82238/","53:06","https://cdnapisec.kaltura.com/p/2935771/sp/293577100/playManifest/entryId/1_wwlwtbgr/protocol/https/format/applehttp/flavorIds/1_7sl3lytx,1_5avuazwu,1_fk89ce4a,1_o7la5twk,1_kcuvmicw/a.m3u8?uiConfId=50468382&playSessionId=857d6811-31b9-935d-8b09-4f7e724c163a:a4ce4a59-53b5-b6e2-31a9-8987f9e7169a&referrer=aHR0cHM6Ly93d3cubnZpZGlhLmNvbS9lbi11cy9vbi1kZW1hbmQvc2Vzc2lvbi9ndGMyNi1zODIyMzgv&clientTag=html5:v7.264","m3u8"
"https://www.nvidia.com/en-us/on-demand/session/gtc26-s82171/","37:02","https://cdnapisec.kaltura.com/p/2935771/sp/293577100/playManifest/entryId/1_7nsvr16x/protocol/https/format/applehttp/flavorIds/1_36yz9xnb,1_zh3zm8tx,1_kxyccq5n,1_52nnkqnd,1_ra0ody7o,1_1nxdgxj1/a.m3u8?uiConfId=50468382&playSessionId=94135b72-a2d8-b43c-5f7c-c1338b3aa2e0:66830e68-d3fa-073d-e913-ba007cef5e70&referrer=aHR0cHM6Ly93d3cubnZpZGlhLmNvbS9lbi11cy9vbi1kZW1hbmQvc2Vzc2lvbi9ndGMyNi1zODIxNzEv&clientTag=html5:v7.264","m3u8"
"https://www.nvidia.com/en-us/on-demand/session/gtc26-s81852/","38:30","https://cdnapisec.kaltura.com/p/2935771/sp/293577100/playManifest/entryId/1_tu3j8jgp/protocol/https/format/applehttp/flavorIds/1_2ol8pa7e,1_br3jryow,1_3o120z8c,1_qyysqtin,1_a7ei7pur/a.m3u8?uiConfId=50468382&playSessionId=d97837ce-c61a-8b4a-e662-80a2801e7819:ea2dbfbb-74f9-1fa3-410d-aceb28c94eba&referrer=aHR0cHM6Ly93d3cubnZpZGlhLmNvbS9lbi11cy9vbi1kZW1hbmQvc2Vzc2lvbi9ndGMyNi1zODE4NTIv&clientTag=html5:v7.264","m3u8"
"https://www.nvidia.com/en-us/on-demand/session/gtc26-dlit81641/","01:22:07","https://cdnapisec.kaltura.com/p/2935771/sp/293577100/playManifest/entryId/1_ephksjwr/protocol/https/format/applehttp/flavorIds/1_dy9fub8y,1_tawmz4yy,1_o1pwc84v,1_yu64vrge,1_qtsztzrm/a.m3u8?uiConfId=50468382&playSessionId=3a6651cf-c43c-1354-887e-1a6416c5a505:a24ceb4d-1fa3-22f8-7a6b-012740529aa9&referrer=aHR0cHM6Ly93d3cubnZpZGlhLmNvbS9lbi11cy9vbi1kZW1hbmQvc2Vzc2lvbi9ndGMyNi1kbGl0ODE2NDEv&clientTag=html5:v7.264","m3u8"
"https://www.nvidia.com/en-us/on-demand/session/gtc26-s81652/","39:24","https://cdnapisec.kaltura.com/p/2935771/sp/293577100/playManifest/entryId/1_30d4ztw9/protocol/https/format/applehttp/flavorIds/1_lc5wi7bi,1_hrcfyzk1,1_bq1drz9l,1_p9w92cyr,1_o2ili9io/a.m3u8?uiConfId=50468382&playSessionId=62112fc8-8ab3-e37d-2cc4-815aced6b5eb:21a1c326-108f-0388-778c-6256d7cfd653&referrer=aHR0cHM6Ly93d3cubnZpZGlhLmNvbS9lbi11cy9vbi1kZW1hbmQvc2Vzc2lvbi9ndGMyNi1zODE2NTIv&clientTag=html5:v7.264","m3u8"
"https://www.nvidia.com/en-us/on-demand/session/gtc26-s82033/","01:27:38","https://cdnapisec.kaltura.com/p/2935771/sp/293577100/playManifest/entryId/1_0euokwm5/protocol/https/format/applehttp/flavorIds/1_kdot6r05,1_fyohskyn,1_e6dmeogq/a.m3u8?uiConfId=50468382&playSessionId=ac9acbbc-fd4c-ad90-6935-caf064485012:ecc86572-58c9-053e-225c-7c3f6b7d8701&referrer=aHR0cHM6Ly93d3cubnZpZGlhLmNvbS9lbi11cy9vbi1kZW1hbmQvc2Vzc2lvbi9ndGMyNi1zODIwMzMv&clientTag=html5:v7.264","m3u8"
"https://www.nvidia.com/en-us/on-demand/session/gtc26-s82197/","39:06","https://cdnapisec.kaltura.com/p/2935771/sp/293577100/playManifest/entryId/1_2sdw0qzm/protocol/https/format/applehttp/flavorIds/1_a4kdyyvg,1_wjxvv9ox,1_oel4vzlb,1_8koznjcq/a.m3u8?uiConfId=50468382&playSessionId=4b6c84b8-1125-2b57-2b57-6fadd703de7e:0e44a2f5-1821-809b-c6e9-37efc00e2b69&referrer=aHR0cHM6Ly93d3cubnZpZGlhLmNvbS9lbi11cy9vbi1kZW1hbmQvc2Vzc2lvbi9ndGMyNi1zODIxOTcv&clientTag=html5:v7.264","m3u8"
"https://www.nvidia.com/en-us/on-demand/session/gtc26-s82168/","38:18","https://cdnapisec.kaltura.com/p/2935771/sp/293577100/playManifest/entryId/1_xzvx4h9x/protocol/https/format/applehttp/flavorIds/1_7ba6wcbl,1_36s5r9eu,1_abdomjjj,1_ij297iqd,1_de9bkss9/a.m3u8?uiConfId=50468382&playSessionId=25310f17-0d6c-3f52-9d0b-6471f5145185:35ad4e09-b71d-cab0-ce16-8740877265cc&referrer=aHR0cHM6Ly93d3cubnZpZGlhLmNvbS9lbi11cy9vbi1kZW1hbmQvc2Vzc2lvbi9ndGMyNi1zODIxNjgv&clientTag=html5:v7.264","m3u8"
"https://www.nvidia.com/en-us/on-demand/session/gtc26-s82035/","46:05","https://cdnapisec.kaltura.com/p/2935771/sp/293577100/playManifest/entryId/1_ojabzupb/protocol/https/format/applehttp/flavorIds/1_iln79nug,1_lfnpfdw7,1_wa36a8wh,1_9dcpard1,1_2wfoyhm1/a.m3u8?uiConfId=50468382&playSessionId=608f70ab-b80c-de7e-2596-fd463899abef:41394638-3b73-f1fb-aa97-22003aec17eb&referrer=aHR0cHM6Ly93d3cubnZpZGlhLmNvbS9lbi11cy9vbi1kZW1hbmQvc2Vzc2lvbi9ndGMyNi1zODIwMzUv&clientTag=html5:v7.264","m3u8"
"https://www.nvidia.com/en-us/on-demand/session/gtc26-s81871/","38:29","https://cdnapisec.kaltura.com/p/2935771/sp/293577100/playManifest/entryId/1_r9y7kcyz/protocol/https/format/applehttp/flavorIds/1_lg1qbbm5,1_prhz4rfp,1_359ib7e9,1_oc4r2uly,1_i1x9ocmy/a.m3u8?uiConfId=50468382&playSessionId=37118dcc-fdb3-5223-b022-ee1f6dc52a39:7e98f240-df84-b2f1-257a-16fa5066928a&referrer=aHR0cHM6Ly93d3cubnZpZGlhLmNvbS9lbi11cy9vbi1kZW1hbmQvc2Vzc2lvbi9ndGMyNi1zODE4NzEv&clientTag=html5:v7.264","m3u8"
"https://www.nvidia.com/en-us/on-demand/session/gtc26-s81765/","38:39","https://cdnapisec.kaltura.com/p/2935771/sp/293577100/playManifest/entryId/1_5qw6zfdt/protocol/https/format/applehttp/flavorIds/1_n3l5xyag,1_1f9ro4i0,1_h07cpvo3,1_qdn3ocnf/a.m3u8?uiConfId=50468382&playSessionId=39754216-a98a-bb16-c2b2-ab030c8b0227:88c93868-874c-d095-f340-7aa029775cc3&referrer=aHR0cHM6Ly93d3cubnZpZGlhLmNvbS9lbi11cy9vbi1kZW1hbmQvc2Vzc2lvbi9ndGMyNi1zODE3NjUv&clientTag=html5:v7.264","m3u8"
"https://www.nvidia.com/en-us/on-demand/session/gtc26-s82218/","36:02","https://cdnapisec.kaltura.com/p/2935771/sp/293577100/playManifest/entryId/1_cdt2ceng/protocol/https/format/applehttp/flavorIds/1_fgrpal6b,1_35l3vsnk,1_q3mxb4ty,1_bie5w3t7,1_h7den3l8/a.m3u8?uiConfId=50468382&playSessionId=9a3a26e1-f694-098e-5353-89c9d6534f02:1259f3e8-40c4-874e-30b5-18779d7c87fb&referrer=aHR0cHM6Ly93d3cubnZpZGlhLmNvbS9lbi11cy9vbi1kZW1hbmQvc2Vzc2lvbi9ndGMyNi1zODIyMTgv&clientTag=html5:v7.264","m3u8"
"https://www.nvidia.com/en-us/on-demand/session/gtc26-s81726/","40:36","https://cdnapisec.kaltura.com/p/2935771/sp/293577100/playManifest/entryId/1_wb6lbl4l/protocol/https/format/applehttp/flavorIds/1_71bvnp5l,1_p3ocgjq2,1_nubocm2b,1_8whkes97,1_o95ljov3/a.m3u8?uiConfId=50468382&playSessionId=9cdff21c-9d57-bbcb-4b9f-1d1122ffb49a:bef906ba-aa4c-b2ac-7cb5-a193a6707fec&referrer=aHR0cHM6Ly93d3cubnZpZGlhLmNvbS9lbi11cy9vbi1kZW1hbmQvc2Vzc2lvbi9ndGMyNi1zODE3MjYv&clientTag=html5:v7.264","m3u8"
"https://www.nvidia.com/en-us/on-demand/session/gtc26-s81681/","41:55","https://cdnapisec.kaltura.com/p/2935771/sp/293577100/playManifest/entryId/1_144payq8/protocol/https/format/applehttp/flavorIds/1_7uefyjwt,1_yhvuuslt,1_f5i4kixe,1_2zl4y5n8,1_itfayuvx,1_1kovch0e/a.m3u8?uiConfId=50468382&playSessionId=25d9486d-6f49-4634-90db-312882986556:126fc7f2-4f59-e37c-0a88-ace4389b6f2f&referrer=aHR0cHM6Ly93d3cubnZpZGlhLmNvbS9lbi11cy9vbi1kZW1hbmQvc2Vzc2lvbi9ndGMyNi1zODE2ODEv&clientTag=html5:v7.264","m3u8"
"https://www.nvidia.com/en-us/on-demand/session/gtc26-s82214/","30:11","https://cdnapisec.kaltura.com/p/2935771/sp/293577100/playManifest/entryId/1_6nvollm0/protocol/https/format/applehttp/flavorIds/1_rhfp9m1n,1_5fhot4sp,1_jjjidm78,1_ayquaz0n,1_k8cw3kli/a.m3u8?uiConfId=50468382&playSessionId=8745bb14-3ac0-27a5-8ac5-3cb2d2524cc5:9122baa0-9ec2-9cac-df29-d6dd92bf9561&referrer=aHR0cHM6Ly93d3cubnZpZGlhLmNvbS9lbi11cy9vbi1kZW1hbmQvc2Vzc2lvbi9ndGMyNi1zODIyMTQv&clientTag=html5:v7.264","m3u8"
"https://www.nvidia.com/en-us/on-demand/session/gtc26-s82484/","36:19","https://cdnapisec.kaltura.com/p/2935771/sp/293577100/playManifest/entryId/1_mr1w5o29/protocol/https/format/applehttp/flavorIds/1_b4srsgt9,1_r0q2tbyx,1_ouv863ld,1_ybrm0r1w,1_gocehbuv/a.m3u8?uiConfId=50468382&playSessionId=49ba2f1e-6a46-6f5c-93ae-9bcbd4b12d49:75128cf4-8a40-6aee-20cb-0ce26b281380&referrer=aHR0cHM6Ly93d3cubnZpZGlhLmNvbS9lbi11cy9vbi1kZW1hbmQvc2Vzc2lvbi9ndGMyNi1zODI0ODQv&clientTag=html5:v7.264","m3u8"
"https://www.nvidia.com/en-us/on-demand/session/gtc26-s81543/","39:46","https://cdnapisec.kaltura.com/p/2935771/sp/293577100/playManifest/entryId/1_q2ec4hg1/protocol/https/format/applehttp/flavorIds/1_fb4c8cqk,1_2wjaozh5,1_4jeuaipl,1_mp6309nb,1_axxyhu88/a.m3u8?uiConfId=50468382&playSessionId=fd094b33-0cd4-09d9-adc0-18c732e34ced:546faf47-0400-c148-5945-df6644ed4c5f&referrer=aHR0cHM6Ly93d3cubnZpZGlhLmNvbS9lbi11cy9vbi1kZW1hbmQvc2Vzc2lvbi9ndGMyNi1zODE1NDMv&clientTag=html5:v7.264","m3u8"
"https://www.nvidia.com/en-us/on-demand/session/gtc26-s82018/","35:55","https://cdnapisec.kaltura.com/p/2935771/sp/293577100/playManifest/entryId/1_vu09lefq/protocol/https/format/applehttp/flavorIds/1_niqk7a48,1_edcoe0ja,1_l7vcljgx,1_pbqt6asp,1_ci9b2i2k/a.m3u8?uiConfId=50468382&playSessionId=66c553be-54e7-d5e1-e6bb-b727e458f308:bc162d72-2d34-c461-29b4-7accbbd26bac&referrer=aHR0cHM6Ly93d3cubnZpZGlhLmNvbS9lbi11cy9vbi1kZW1hbmQvc2Vzc2lvbi9ndGMyNi1zODIwMTgv&clientTag=html5:v7.264","m3u8"
"https://www.nvidia.com/en-us/on-demand/session/gtc26-s82431/","37:58","https://cdnapisec.kaltura.com/p/2935771/sp/293577100/playManifest/entryId/1_05s1jce6/protocol/https/format/applehttp/flavorIds/1_ula385qg,1_7k7huiqk,1_0kw48wgd,1_4tkco5ee/a.m3u8?uiConfId=50468382&playSessionId=d4083983-6cdf-7754-81d9-c86374567775:a5976ab1-8934-cb89-6747-88f8dc772727&referrer=aHR0cHM6Ly93d3cubnZpZGlhLmNvbS9lbi11cy9vbi1kZW1hbmQvc2Vzc2lvbi9ndGMyNi1zODI0MzEv&clientTag=html5:v7.264","m3u8"
"https://www.nvidia.com/en-us/on-demand/session/gtc26-s81706/","40:56","https://cdnapisec.kaltura.com/p/2935771/sp/293577100/playManifest/entryId/1_c91e5nqc/protocol/https/format/applehttp/flavorIds/1_tcan7xtj,1_srz13kwe,1_aqakyx2w/a.m3u8?uiConfId=50468382&playSessionId=00578091-2e3b-e7c8-f071-aec008c258f6:d4ebd7b3-48aa-8b3f-a78b-3a8cdc9dbba7&referrer=aHR0cHM6Ly93d3cubnZpZGlhLmNvbS9lbi11cy9vbi1kZW1hbmQvc2Vzc2lvbi9ndGMyNi1zODE3MDYv&clientTag=html5:v7.264","m3u8"
"https://www.nvidia.com/en-us/on-demand/session/gtc26-s82228/","39:25","https://cdnapisec.kaltura.com/p/2935771/sp/293577100/playManifest/entryId/1_1ftiwt85/protocol/https/format/applehttp/flavorIds/1_frpapna0,1_61tpwdgg,1_ravnuevd,1_ilfqg19b,1_lxhkcbso/a.m3u8?uiConfId=50468382&playSessionId=02637cb0-90a9-e89e-4ba6-4ac59255e3f5:e95df25c-f87c-c4a4-42fa-604fc2926cd9&referrer=aHR0cHM6Ly93d3cubnZpZGlhLmNvbS9lbi11cy9vbi1kZW1hbmQvc2Vzc2lvbi9ndGMyNi1zODIyMjgv&clientTag=html5:v7.264","m3u8"
"https://www.nvidia.com/en-us/on-demand/session/gtc26-s81663/","39:47","https://cdnapisec.kaltura.com/p/2935771/sp/293577100/playManifest/entryId/1_o530xuw6/protocol/https/format/applehttp/flavorIds/1_5ovlmpk3,1_2es8aped,1_equif0ew,1_q63nghy7,1_8fgi27rr/a.m3u8?uiConfId=50468382&playSessionId=2676e716-5486-d0a3-eb3e-cf72c194b908:dcbbf26c-09ba-db41-5f77-8ca3bd78a69e&referrer=aHR0cHM6Ly93d3cubnZpZGlhLmNvbS9lbi11cy9vbi1kZW1hbmQvc2Vzc2lvbi9ndGMyNi1zODE2NjMv&clientTag=html5:v7.264","m3u8"
"https://www.nvidia.com/en-us/on-demand/session/gtc26-s81802/","38:13","https://cdnapisec.kaltura.com/p/2935771/sp/293577100/playManifest/entryId/1_fti4uw07/protocol/https/format/applehttp/flavorIds/1_c9u9jahh,1_e0czv4d0,1_ru31789p,1_zpdry5yw/a.m3u8?uiConfId=50468382&playSessionId=61b295d1-8ba1-b9dd-03bf-09923effe466:876d06fc-a0aa-b673-883b-ab41a855a169&referrer=aHR0cHM6Ly93d3cubnZpZGlhLmNvbS9lbi11cy9vbi1kZW1hbmQvc2Vzc2lvbi9ndGMyNi1zODE4MDIv&clientTag=html5:v7.264","m3u8"
"https://www.nvidia.com/en-us/on-demand/session/gtc26-s81515/","24:28","https://cdnapisec.kaltura.com/p/2935771/sp/293577100/playManifest/entryId/1_9mpvhbv8/protocol/https/format/applehttp/flavorIds/1_ka4qepqd,1_oeasrf1z,1_kfbj054n,1_16wwekq3,1_oapaix3m/a.m3u8?uiConfId=50468382&playSessionId=ce374618-4500-d73b-1e8b-240b51db04e0:61f29426-c118-b742-2c2a-e66b806df64a&referrer=aHR0cHM6Ly93d3cubnZpZGlhLmNvbS9lbi11cy9vbi1kZW1hbmQvc2Vzc2lvbi9ndGMyNi1zODE1MTUv&clientTag=html5:v7.264","m3u8"
"https://www.nvidia.com/en-us/on-demand/session/gtc26-s82177/","41:36","https://cdnapisec.kaltura.com/p/2935771/sp/293577100/playManifest/entryId/1_nqk5inwn/protocol/https/format/applehttp/flavorIds/1_qzw16non,1_8u3mg94n,1_kisbvezz,1_8zdp9fsr,1_tbf62dmh/a.m3u8?uiConfId=50468382&playSessionId=512be19f-9bf7-9402-b5f0-24a62cc8a9e4:47292bfc-b8e7-edd4-f693-a9c431f2b906&referrer=aHR0cHM6Ly93d3cubnZpZGlhLmNvbS9lbi11cy9vbi1kZW1hbmQvc2Vzc2lvbi9ndGMyNi1zODIxNzcv&clientTag=html5:v7.264","m3u8"
"https://www.nvidia.com/en-us/on-demand/session/gtc26-s82173/","37:45","https://cdnapisec.kaltura.com/p/2935771/sp/293577100/playManifest/entryId/1_5ia93y90/protocol/https/format/applehttp/flavorIds/1_j0bz6f6h,1_twikg0ix,1_egwowedt,1_u61ayp91/a.m3u8?uiConfId=50468382&playSessionId=036e8f0f-d1a3-0666-6add-1906e21c4370:7a29d145-83c8-ec3b-6729-864db52474f1&referrer=aHR0cHM6Ly93d3cubnZpZGlhLmNvbS9lbi11cy9vbi1kZW1hbmQvc2Vzc2lvbi9ndGMyNi1zODIxNzMv&clientTag=html5:v7.264","m3u8"
"https://www.nvidia.com/en-us/on-demand/session/gtc26-s82411/","39:03","https://cdnapisec.kaltura.com/p/2935771/sp/293577100/playManifest/entryId/1_mraiek8x/protocol/https/format/applehttp/flavorIds/1_2hvct8um,1_4kyriros,1_ney6drqi/a.m3u8?uiConfId=50468382&playSessionId=e4fdb1a1-9e35-6b4b-40da-312e419f1d02:44213f4c-d8a6-829f-2637-94fa1dd0df81&referrer=aHR0cHM6Ly93d3cubnZpZGlhLmNvbS9lbi11cy9vbi1kZW1hbmQvc2Vzc2lvbi9ndGMyNi1zODI0MTEv&clientTag=html5:v7.264","m3u8"
"https://www.nvidia.com/en-us/on-demand/session/gtc26-s81421/","33:48","https://cdnapisec.kaltura.com/p/2935771/sp/293577100/playManifest/entryId/1_vfz7szle/protocol/https/format/applehttp/flavorIds/1_d12jau2c,1_npmmgifs/a.m3u8?uiConfId=50468382&playSessionId=150aeee5-a367-443a-eecc-86c735404e08:5494462c-1af0-e744-6124-ec0da73a5f89&referrer=aHR0cHM6Ly93d3cubnZpZGlhLmNvbS9lbi11cy9vbi1kZW1hbmQvc2Vzc2lvbi9ndGMyNi1zODE0MjEv&clientTag=html5:v7.264","m3u8"
"https://www.nvidia.com/en-us/on-demand/session/gtc26-s81811/","37:35","https://cdnapisec.kaltura.com/p/2935771/sp/293577100/playManifest/entryId/1_6535q5q1/protocol/https/format/applehttp/flavorIds/1_w22f18i6,1_vbpnh2ar,1_teaoyuza,1_ymxriyqj,1_066g495n/a.m3u8?uiConfId=50468382&playSessionId=9ffe9f23-cebf-ce18-8bf2-feb405f3ca3c:b9c3c87f-9905-39c5-b198-cc7c80ee81e4&referrer=aHR0cHM6Ly93d3cubnZpZGlhLmNvbS9lbi11cy9vbi1kZW1hbmQvc2Vzc2lvbi9ndGMyNi1zODE4MTEv&clientTag=html5:v7.264","m3u8"
"https://www.nvidia.com/en-us/on-demand/session/gtc26-s81489/","34:47","https://cdnapisec.kaltura.com/p/2935771/sp/293577100/playManifest/entryId/1_i2anauwe/protocol/https/format/applehttp/flavorIds/1_1ktgp9c0,1_63qbxkk6,1_in7kzc6h,1_ztieke1y/a.m3u8?uiConfId=50468382&playSessionId=55a74986-ea90-2ca6-8eab-9229f2ebad38:4d37a4af-f455-dbcd-f534-7797adacfd81&referrer=aHR0cHM6Ly93d3cubnZpZGlhLmNvbS9lbi11cy9vbi1kZW1hbmQvc2Vzc2lvbi9ndGMyNi1zODE0ODkv&clientTag=html5:v7.264","m3u8"
"https://www.nvidia.com/en-us/on-demand/session/gtc26-dlit82008/","01:14:41","https://cdnapisec.kaltura.com/p/2935771/sp/293577100/playManifest/entryId/1_gtgpk2w1/protocol/https/format/applehttp/flavorIds/1_knw5xsks,1_sfk47xi7,1_1xykw29m/a.m3u8?uiConfId=50468382&playSessionId=fdc8542a-bfaa-3b89-7cb5-200caf1f95ce:e8d9138a-113a-da62-23ca-f6c6678f4a64&referrer=aHR0cHM6Ly93d3cubnZpZGlhLmNvbS9lbi11cy9vbi1kZW1hbmQvc2Vzc2lvbi9ndGMyNi1kbGl0ODIwMDgv&clientTag=html5:v7.264","m3u8"
"https://www.nvidia.com/en-us/on-demand/session/gtc26-dlit81798/","01:44:17","https://cdnapisec.kaltura.com/p/2935771/sp/293577100/playManifest/entryId/1_m58sgy1h/protocol/https/format/applehttp/flavorIds/1_war541xz,1_weetokys,1_3lhalgsk,1_dd56daxr,1_didgc24e/a.m3u8?uiConfId=50468382&playSessionId=82431c46-b716-1b9a-e7d9-ebcff4e172a2:18c09cc6-a5db-b11a-fbd8-6995855d44ec&referrer=aHR0cHM6Ly93d3cubnZpZGlhLmNvbS9lbi11cy9vbi1kZW1hbmQvc2Vzc2lvbi9ndGMyNi1kbGl0ODE3OTgv&clientTag=html5:v7.264","m3u8"
"https://www.nvidia.com/en-us/on-demand/session/gtc26-dlit81698/","01:28:34","https://cdnapisec.kaltura.com/p/2935771/sp/293577100/playManifest/entryId/1_yq1k5l50/protocol/https/format/applehttp/flavorIds/1_rs6njqhl,1_ef3m3lm9,1_r9gauj3o,1_23aua9jo/a.m3u8?uiConfId=50468382&playSessionId=137e5793-9d7a-91fb-6b3a-7ab47b73b80c:5b25f478-8b80-0d30-b17d-c2646d742a53&referrer=aHR0cHM6Ly93d3cubnZpZGlhLmNvbS9lbi11cy9vbi1kZW1hbmQvc2Vzc2lvbi9ndGMyNi1kbGl0ODE2OTgv&clientTag=html5:v7.264","m3u8"
"https://www.nvidia.com/en-us/on-demand/session/gtc26-dlit81541/","01:19:25","https://cdnapisec.kaltura.com/p/2935771/sp/293577100/playManifest/entryId/1_gdywsgft/protocol/https/format/applehttp/flavorIds/1_2h8y1kv9,1_a2voulxi,1_66fdnrt4,1_dyy0uui7,1_tukvoaer/a.m3u8?uiConfId=50468382&playSessionId=cc30996b-7715-cdb7-11cb-710e1cb9fc1a:49417991-83e9-d7d0-acf8-56a179bf064c&referrer=aHR0cHM6Ly93d3cubnZpZGlhLmNvbS9lbi11cy9vbi1kZW1hbmQvc2Vzc2lvbi9ndGMyNi1kbGl0ODE1NDEv&clientTag=html5:v7.264","m3u8"
"https://www.nvidia.com/en-us/on-demand/session/gtc26-c81544/","44:42","https://cdnapisec.kaltura.com/p/2935771/sp/293577100/playManifest/entryId/1_ssujbtqh/protocol/https/format/applehttp/flavorIds/1_kamc9q1e,1_qb25ok3x,1_4klbcye5,1_bmiechun,1_61xqz2ux,1_6y3em68j/a.m3u8?uiConfId=50468382&playSessionId=34d83102-16c6-29d7-5b29-a63ae5a65536:c0bc9676-c4d5-93f5-6986-8cba88cb2832&referrer=aHR0cHM6Ly93d3cubnZpZGlhLmNvbS9lbi11cy9vbi1kZW1hbmQvc2Vzc2lvbi9ndGMyNi1jODE1NDQv&clientTag=html5:v7.264","m3u8"
"https://www.nvidia.com/en-us/on-demand/session/gtc26-s82230/","22:49","https://cdnapisec.kaltura.com/p/2935771/sp/293577100/playManifest/entryId/1_05peisvv/protocol/https/format/applehttp/flavorIds/1_prxyk9c7,1_kl47wyv0,1_b6yn3xp2,1_34tnw7df,1_6efxsanf/a.m3u8?uiConfId=50468382&playSessionId=2d9cb900-de3a-ff6b-5f45-35bf7e7358d1:cfc6fa9c-56ec-c3b5-f75c-53c6946f9a71&referrer=aHR0cHM6Ly93d3cubnZpZGlhLmNvbS9lbi11cy9vbi1kZW1hbmQvc2Vzc2lvbi9ndGMyNi1zODIyMzAv&clientTag=html5:v7.264","m3u8"
"https://www.nvidia.com/en-us/on-demand/session/gtc26-s82115/","49:34","https://cdnapisec.kaltura.com/p/2935771/sp/293577100/playManifest/entryId/1_li8idz5x/protocol/https/format/applehttp/flavorIds/1_upo3m779,1_npgskcj4,1_vdppcurd/a.m3u8?uiConfId=50468382&playSessionId=439c1b71-e352-db07-0fd6-08d824b125f2:6fc5705c-2834-4d73-6674-64eb0d81579a&referrer=aHR0cHM6Ly93d3cubnZpZGlhLmNvbS9lbi11cy9vbi1kZW1hbmQvc2Vzc2lvbi9ndGMyNi1zODIxMTUv&clientTag=html5:v7.264","m3u8"
"https://www.nvidia.com/en-us/on-demand/session/gtc26-s81992/","49:23","https://cdnapisec.kaltura.com/p/2935771/sp/293577100/playManifest/entryId/1_8m85tyiw/protocol/https/format/applehttp/flavorIds/1_fs39lnwr,1_hdpbkpx7,1_8hsb3cqc,1_b165tmig,1_fougazne,1_of4c0vc7/a.m3u8?uiConfId=50468382&playSessionId=003f55ab-369d-81d6-26ec-bab16659d9ed:df4e1c24-ff9b-7282-5e69-6277aed0dda6&referrer=aHR0cHM6Ly93d3cubnZpZGlhLmNvbS9lbi11cy9vbi1kZW1hbmQvc2Vzc2lvbi9ndGMyNi1zODE5OTIv&clientTag=html5:v7.264","m3u8"
"https://www.nvidia.com/en-us/on-demand/session/gtc26-s81993/","43:01","https://cdnapisec.kaltura.com/p/2935771/sp/293577100/playManifest/entryId/1_lwptviyi/protocol/https/format/applehttp/flavorIds/1_j198gkhp,1_6vdc10jv,1_zt8pvko2,1_gzwbgeag,1_f032zs11/a.m3u8?uiConfId=50468382&playSessionId=4feac55d-e66f-b331-0bc9-93fca6443df4:dff9aa0d-7d20-2029-8ea4-5d2c0292af18&referrer=aHR0cHM6Ly93d3cubnZpZGlhLmNvbS9lbi11cy9vbi1kZW1hbmQvc2Vzc2lvbi9ndGMyNi1zODE5OTMv&clientTag=html5:v7.264","m3u8"
"https://www.nvidia.com/en-us/on-demand/session/gtc26-s81718/","48:07","https://cdnapisec.kaltura.com/p/2935771/sp/293577100/playManifest/entryId/1_dh12h4rt/protocol/https/format/applehttp/flavorIds/1_od2s9jtr,1_phdpi16e,1_3sd0v5nb,1_rquaqjcl/a.m3u8?uiConfId=50468382&playSessionId=41400e9a-9ae9-733e-783f-549de28acd83:cc5b46d4-e204-aefc-9824-b8554600dfc4&referrer=aHR0cHM6Ly93d3cubnZpZGlhLmNvbS9lbi11cy9vbi1kZW1hbmQvc2Vzc2lvbi9ndGMyNi1zODE3MTgv&clientTag=html5:v7.264","m3u8"
"https://www.nvidia.com/en-us/on-demand/session/gtc26-s82028/","35:12","https://cdnapisec.kaltura.com/p/2935771/sp/293577100/playManifest/entryId/1_3z5h6nr4/protocol/https/format/applehttp/flavorIds/1_j743dyjx,1_fbfd05rs,1_mts5ieqi,1_i8pudgcy,1_7otfupbz/a.m3u8?uiConfId=50468382&playSessionId=b1ace3a1-1b42-9e3d-f78b-0f482001dcca:01328fa4-d1da-532e-f9fa-9aa342ba6270&referrer=aHR0cHM6Ly93d3cubnZpZGlhLmNvbS9lbi11cy9vbi1kZW1hbmQvc2Vzc2lvbi9ndGMyNi1zODIwMjgv&clientTag=html5:v7.264","m3u8"
"https://www.nvidia.com/en-us/on-demand/session/gtc26-s81521/","43:41","https://cdnapisec.kaltura.com/p/2935771/sp/293577100/playManifest/entryId/1_ycxk01wi/protocol/https/format/applehttp/flavorIds/1_8yd6g1kc,1_fl15w0q8,1_mqqaon5n,1_hy5tmdoq,1_yxir7asw/a.m3u8?uiConfId=50468382&playSessionId=2ba9a0e5-f5bb-7946-e23b-8c6d10792a0b:796ea473-34b6-c72f-5585-b6c5590aa32a&referrer=aHR0cHM6Ly93d3cubnZpZGlhLmNvbS9lbi11cy9vbi1kZW1hbmQvc2Vzc2lvbi9ndGMyNi1zODE1MjEv&clientTag=html5:v7.264","m3u8"
"https://www.nvidia.com/en-us/on-demand/session/gtc26-s81867/","23:53","https://cdnapisec.kaltura.com/p/2935771/sp/293577100/playManifest/entryId/1_t1vf3txe/protocol/https/format/applehttp/flavorIds/1_0g7obwq7,1_fkufvqxt,1_9pp1jz8x,1_ozbiguz5,1_258edzkf,1_7jo7wpx9/a.m3u8?uiConfId=50468382&playSessionId=dc402757-c21b-8a53-0bac-5ab90920bc63:fd259d21-1ae5-c26f-bdab-6464f63506f1&referrer=aHR0cHM6Ly93d3cubnZpZGlhLmNvbS9lbi11cy9vbi1kZW1hbmQvc2Vzc2lvbi9ndGMyNi1zODE4Njcv&clientTag=html5:v7.264","m3u8"
"https://www.nvidia.com/en-us/on-demand/session/gtc26-s81994/","58:31","https://cdnapisec.kaltura.com/p/2935771/sp/293577100/playManifest/entryId/1_yv29jcey/protocol/https/format/applehttp/flavorIds/1_ka6jry22,1_4hmeuffd,1_m8kdphxj,1_hctgfaq7,1_c7b5ed98/a.m3u8?uiConfId=50468382&playSessionId=bd5c6d74-44ad-5e35-0a3d-c635d32b2fad:04d3058a-780a-af58-4463-e760adfa3716&referrer=aHR0cHM6Ly93d3cubnZpZGlhLmNvbS9lbi11cy9vbi1kZW1hbmQvc2Vzc2lvbi9ndGMyNi1zODE5OTQv&clientTag=html5:v7.264","m3u8"
"https://www.nvidia.com/en-us/on-demand/session/gtc26-s82131/","44:42","https://cdnapisec.kaltura.com/p/2935771/sp/293577100/playManifest/entryId/1_6wq0s41d/protocol/https/format/applehttp/flavorIds/1_jxeajsgy,1_kpvl16iy,1_ve3y7n4m,1_y0truibc,1_9hohb9g9/a.m3u8?uiConfId=50468382&playSessionId=5e7f06e9-eedf-370e-f1fa-b77c0011a098:37ef77ef-8d6a-5eb7-2505-d78ddc12d8ab&referrer=aHR0cHM6Ly93d3cubnZpZGlhLmNvbS9lbi11cy9vbi1kZW1hbmQvc2Vzc2lvbi9ndGMyNi1zODIxMzEv&clientTag=html5:v7.264","m3u8"
"https://www.nvidia.com/en-us/on-demand/session/gtc26-ex82436/","13:05","https://cdnapisec.kaltura.com/p/2935771/sp/293577100/playManifest/entryId/1_zjn4g7eu/protocol/https/format/applehttp/flavorIds/1_mwioltvd,1_xnkh2ck9,1_jty48boi,1_0j0lkhli,1_gzp2fws3/a.m3u8?uiConfId=50468382&playSessionId=da34f512-11ee-0556-aaee-d9dcd7a601aa:09a3005a-2c24-e63a-c78f-83eae1875410&referrer=aHR0cHM6Ly93d3cubnZpZGlhLmNvbS9lbi11cy9vbi1kZW1hbmQvc2Vzc2lvbi9ndGMyNi1leDgyNDM2Lw==&clientTag=html5:v7.264","m3u8"
"https://www.nvidia.com/en-us/on-demand/session/gtc26-ex82363/","29:53","https://cdnapisec.kaltura.com/p/2935771/sp/293577100/playManifest/entryId/1_9axvyi9g/protocol/https/format/applehttp/flavorIds/1_l59uu12r,1_2rvu7q57,1_90xr1gl2,1_yo6k1s6l,1_7qtuvbvb,1_l5ubtmn7/a.m3u8?uiConfId=50468382&playSessionId=9e4dc6be-d58e-af06-b690-1058a3f1c855:8717802e-755c-e883-b1c1-0f351c2f1aa6&referrer=aHR0cHM6Ly93d3cubnZpZGlhLmNvbS9lbi11cy9vbi1kZW1hbmQvc2Vzc2lvbi9ndGMyNi1leDgyMzYzLw==&clientTag=html5:v7.264","m3u8"
"https://www.nvidia.com/en-us/on-demand/session/gtc26-ex82386/","12:49","https://cdnapisec.kaltura.com/p/2935771/sp/293577100/playManifest/entryId/1_6w5xpn2s/protocol/https/format/applehttp/flavorIds/1_iyfew9lq,1_eg9maq8w,1_mu4qxpfh/a.m3u8?uiConfId=50468382&playSessionId=74afd56e-5d50-826b-b0a6-f5cd67fbc444:b2d21945-eac3-dd5f-ee6c-b9fae35dfc61&referrer=aHR0cHM6Ly93d3cubnZpZGlhLmNvbS9lbi11cy9vbi1kZW1hbmQvc2Vzc2lvbi9ndGMyNi1leDgyMzg2Lw==&clientTag=html5:v7.264","m3u8"
"https://www.nvidia.com/en-us/on-demand/session/gtc26-ex82361/","13:46","https://cdnapisec.kaltura.com/p/2935771/sp/293577100/playManifest/entryId/1_lar2vl2e/protocol/https/format/applehttp/flavorIds/1_cpqby5k2,1_hrxp5441,1_qeunklyx,1_zlz311s5,1_3q1gj63q/a.m3u8?uiConfId=50468382&playSessionId=bc303b68-8e1b-7a8b-3be9-aa2e9a16cdc0:92547195-1261-8e4f-d283-25969f4c571d&referrer=aHR0cHM6Ly93d3cubnZpZGlhLmNvbS9lbi11cy9vbi1kZW1hbmQvc2Vzc2lvbi9ndGMyNi1leDgyMzYxLw==&clientTag=html5:v7.264","m3u8"
"https://www.nvidia.com/en-us/on-demand/session/gtc26-ex82382/","12:45","https://cdnapisec.kaltura.com/p/2935771/sp/293577100/playManifest/entryId/1_7ozax35m/protocol/https/format/applehttp/flavorIds/1_00sxporn,1_v9iho3p0,1_9pqj2yw5,1_uik95im7/a.m3u8?uiConfId=50468382&playSessionId=8b75384b-ad8a-eb1d-f61d-d85105429206:b5d6aad5-9b9a-5862-085e-167c8e7f7998&referrer=aHR0cHM6Ly93d3cubnZpZGlhLmNvbS9lbi11cy9vbi1kZW1hbmQvc2Vzc2lvbi9ndGMyNi1leDgyMzgyLw==&clientTag=html5:v7.264","m3u8"
"https://www.nvidia.com/en-us/on-demand/session/gtc26-ex82094/","14:56","https://cdnapisec.kaltura.com/p/2935771/sp/293577100/playManifest/entryId/1_oothqfde/protocol/https/format/applehttp/flavorIds/1_eah10xkm,1_mr6jwrhh,1_jv2m0eku,1_e08imiul,1_442z589z/a.m3u8?uiConfId=50468382&playSessionId=e31384f4-ad19-7d69-0b53-80b62725eb95:2eba1971-6db1-ebae-18c4-bf18982b2ea7&referrer=aHR0cHM6Ly93d3cubnZpZGlhLmNvbS9lbi11cy9vbi1kZW1hbmQvc2Vzc2lvbi9ndGMyNi1leDgyMDk0Lw==&clientTag=html5:v7.264","m3u8"
"https://www.nvidia.com/en-us/on-demand/session/gtc26-ex82242/","13:28","https://cdnapisec.kaltura.com/p/2935771/sp/293577100/playManifest/entryId/1_xrjec1yq/protocol/https/format/applehttp/flavorIds/1_dz5mgph2,1_oigkxti1,1_73g5yrt1,1_vq2cj087,1_llf6vh35/a.m3u8?uiConfId=50468382&playSessionId=2db950c4-b089-e0d9-1735-a9b84d9de6a4:f11a402a-962f-a08f-62b8-27613ae00b46&referrer=aHR0cHM6Ly93d3cubnZpZGlhLmNvbS9lbi11cy9vbi1kZW1hbmQvc2Vzc2lvbi9ndGMyNi1leDgyMjQyLw==&clientTag=html5:v7.264","m3u8"
"https://www.nvidia.com/en-us/on-demand/session/gtc26-ex82401/","15:23","https://cdnapisec.kaltura.com/p/2935771/sp/293577100/playManifest/entryId/1_1l52x76i/protocol/https/format/applehttp/flavorIds/1_02a8a8t3,1_io29xi22,1_x6euzo22,1_943cyznf,1_tme26uy7/a.m3u8?uiConfId=50468382&playSessionId=bec4b273-95a8-6072-edfe-8cd15b98163d:65873bc5-338a-a891-66af-b2808b19057b&referrer=aHR0cHM6Ly93d3cubnZpZGlhLmNvbS9lbi11cy9vbi1kZW1hbmQvc2Vzc2lvbi9ndGMyNi1leDgyNDAxLw==&clientTag=html5:v7.264","m3u8"
"https://www.nvidia.com/en-us/on-demand/session/gtc26-ex82275/","12:52","https://cdnapisec.kaltura.com/p/2935771/sp/293577100/playManifest/entryId/1_5rgn5izu/protocol/https/format/applehttp/flavorIds/1_dj2adwqh,1_n2m17lc2,1_svg2y1dp,1_ic2a1ofi,1_1xis52dl/a.m3u8?uiConfId=50468382&playSessionId=16f4247f-17db-0db3-b13b-d6b39858abe9:0104daa9-fa8f-c635-b3bb-350f6cd4e25b&referrer=aHR0cHM6Ly93d3cubnZpZGlhLmNvbS9lbi11cy9vbi1kZW1hbmQvc2Vzc2lvbi9ndGMyNi1leDgyMjc1Lw==&clientTag=html5:v7.264","m3u8"
"https://www.nvidia.com/en-us/on-demand/session/gtc26-s82161/","41:36","https://cdnapisec.kaltura.com/p/2935771/sp/293577100/playManifest/entryId/1_i6k9y2zo/protocol/https/format/applehttp/flavorIds/1_27y74kcx,1_aooelai5,1_lkator9d,1_054y105t,1_q7ww64zr/a.m3u8?uiConfId=50468382&playSessionId=0c0b21d2-3952-01b6-4e9f-e0c16b9b60fb:9fd85643-968a-af5a-a241-29f0de6acdff&referrer=aHR0cHM6Ly93d3cubnZpZGlhLmNvbS9lbi11cy9vbi1kZW1hbmQvc2Vzc2lvbi9ndGMyNi1zODIxNjEv&clientTag=html5:v7.264","m3u8"
"https://www.nvidia.com/en-us/on-demand/session/gtc26-s81625/","40:51","https://cdnapisec.kaltura.com/p/2935771/sp/293577100/playManifest/entryId/1_uejgczqp/protocol/https/format/applehttp/flavorIds/1_sy4crsy7,1_vetygtwz,1_lz30vvd9,1_ssuej72g,1_a37ov21y/a.m3u8?uiConfId=50468382&playSessionId=2da5e89c-c3df-a48f-8f94-e17c6f93e167:86199741-c431-67bf-4383-7249d2d8014f&referrer=aHR0cHM6Ly93d3cubnZpZGlhLmNvbS9lbi11cy9vbi1kZW1hbmQvc2Vzc2lvbi9ndGMyNi1zODE2MjUv&clientTag=html5:v7.264","m3u8"
"https://www.nvidia.com/en-us/on-demand/session/gtc26-s81864/","35:01","https://cdnapisec.kaltura.com/p/2935771/sp/293577100/playManifest/entryId/1_w88buijz/protocol/https/format/applehttp/flavorIds/1_l7luoe0b,1_9ab9nxuh,1_be34a068,1_uw4xyigs,1_y2eo4e0r/a.m3u8?uiConfId=50468382&playSessionId=ce7bb114-f135-c2e8-4e7c-5c4a0b9d65a5:49c4956c-ec55-c4dc-671a-b14f7aa11799&referrer=aHR0cHM6Ly93d3cubnZpZGlhLmNvbS9lbi11cy9vbi1kZW1hbmQvc2Vzc2lvbi9ndGMyNi1zODE4NjQv&clientTag=html5:v7.264","m3u8"
"https://www.nvidia.com/en-us/on-demand/session/gtc26-ex82388/","15:32","https://cdnapisec.kaltura.com/p/2935771/sp/293577100/playManifest/entryId/1_yst3azzk/protocol/https/format/applehttp/flavorIds/1_w0dwcnq1,1_kqz6hyoj,1_8g0bn5d5,1_3iwsphn3,1_114s96xz,1_gcfsgs57/a.m3u8?uiConfId=50468382&playSessionId=f6849450-d656-d0d7-0176-90fa483a83b5:5a53145f-8f6b-5ce9-e833-5b2f3c467b69&referrer=aHR0cHM6Ly93d3cubnZpZGlhLmNvbS9lbi11cy9vbi1kZW1hbmQvc2Vzc2lvbi9ndGMyNi1leDgyMzg4Lw==&clientTag=html5:v7.264","m3u8"
"https://www.nvidia.com/en-us/on-demand/session/gtc26-s81724/","39:22","https://cdnapisec.kaltura.com/p/2935771/sp/293577100/playManifest/entryId/1_cq5tw24x/protocol/https/format/applehttp/flavorIds/1_kl03s9pe,1_bs596hoy,1_lptuhonb,1_dlbr5yjr,1_whsl9rk7/a.m3u8?uiConfId=50468382&playSessionId=e8406c10-5e88-2c41-21b7-d415bd0abf62:6aaa8d20-88c0-cbd9-8959-19020e050ef6&referrer=aHR0cHM6Ly93d3cubnZpZGlhLmNvbS9lbi11cy9vbi1kZW1hbmQvc2Vzc2lvbi9ndGMyNi1zODE3MjQv&clientTag=html5:v7.264","m3u8"
"https://www.nvidia.com/en-us/on-demand/session/gtc26-s82477/","36:37","https://cdnapisec.kaltura.com/p/2935771/sp/293577100/playManifest/entryId/1_kgj2npot/protocol/https/format/applehttp/flavorIds/1_2x4alr4j,1_2ly8ku4a,1_cn8psgzc,1_hdcz0myg,1_gdj6bhze/a.m3u8?uiConfId=50468382&playSessionId=9a0b7f92-d8a6-d693-68d4-656216c536a4:b1b9e921-5f09-ecb3-272e-b2712b97aa8b&referrer=aHR0cHM6Ly93d3cubnZpZGlhLmNvbS9lbi11cy9vbi1kZW1hbmQvc2Vzc2lvbi9ndGMyNi1zODI0Nzcv&clientTag=html5:v7.264","m3u8"
"https://www.nvidia.com/en-us/on-demand/session/gtc26-s81874/","01:00:14","https://cdnapisec.kaltura.com/p/2935771/sp/293577100/playManifest/entryId/1_p54l053v/protocol/https/format/applehttp/flavorIds/1_ynib2jur,1_1vo8vl4u,1_0a4v9ln5,1_64lwnbem,1_33dd74u6,1_2ydygqql/a.m3u8?uiConfId=50468382&playSessionId=edc504b4-4662-fc7a-cf46-968ba8a74153:01d827bf-9f1b-1e19-64e4-268460f3079c&referrer=aHR0cHM6Ly93d3cubnZpZGlhLmNvbS9lbi11cy9vbi1kZW1hbmQvc2Vzc2lvbi9ndGMyNi1zODE4NzQv&clientTag=html5:v7.264","m3u8"
"https://www.nvidia.com/en-us/on-demand/session/gtc26-s82174/","33:32","https://cdnapisec.kaltura.com/p/2935771/sp/293577100/playManifest/entryId/1_jac3ta57/protocol/https/format/applehttp/flavorIds/1_45vn6hao,1_m9o6kzyo,1_x3cfx6sb,1_ensjn15j,1_bleuiy1i/a.m3u8?uiConfId=50468382&playSessionId=f49b9643-03a1-d2de-4e0d-72ad3a6c46b0:1d6d8165-7abb-f2ef-f2a3-0875ebde0ef3&referrer=aHR0cHM6Ly93d3cubnZpZGlhLmNvbS9lbi11cy9vbi1kZW1hbmQvc2Vzc2lvbi9ndGMyNi1zODIxNzQv&clientTag=html5:v7.264","m3u8"
"https://www.nvidia.com/en-us/on-demand/session/gtc26-s81791/","36:11","https://cdnapisec.kaltura.com/p/2935771/sp/293577100/playManifest/entryId/1_j6qi0mcx/protocol/https/format/applehttp/flavorIds/1_8er7jtmv,1_xu3jo406,1_p090f1ua,1_t7lmgr1q,1_3lybr9qz/a.m3u8?uiConfId=50468382&playSessionId=744be906-f6ff-b402-fe79-72dfc12d6644:5db89930-dde5-a178-2d57-9a3726197d57&referrer=aHR0cHM6Ly93d3cubnZpZGlhLmNvbS9lbi11cy9vbi1kZW1hbmQvc2Vzc2lvbi9ndGMyNi1zODE3OTEv&clientTag=html5:v7.264","m3u8"
"https://www.nvidia.com/en-us/on-demand/session/gtc26-s82345/","38:57","https://cdnapisec.kaltura.com/p/2935771/sp/293577100/playManifest/entryId/1_yucpkuqg/protocol/https/format/applehttp/flavorIds/1_i1m2sozw,1_l5lfc42h,1_pxdyay1y,1_ofewo17h,1_002akpa6/a.m3u8?uiConfId=50468382&playSessionId=0e10331d-bed6-8b16-5563-e50026040e78:6cb4f2ae-b43a-1a57-a7d1-ebf8a0d00f90&referrer=aHR0cHM6Ly93d3cubnZpZGlhLmNvbS9lbi11cy9vbi1kZW1hbmQvc2Vzc2lvbi9ndGMyNi1zODIzNDUv&clientTag=html5:v7.264","m3u8"
"https://www.nvidia.com/en-us/on-demand/session/gtc26-s81490/","52:14","https://cdnapisec.kaltura.com/p/2935771/sp/293577100/playManifest/entryId/1_7eo94tnj/protocol/https/format/applehttp/flavorIds/1_za3jw4sv,1_cu97z5pm,1_h1lcgory,1_qp6oofsa,1_k6e5hrbe/a.m3u8?uiConfId=50468382&playSessionId=ba55b187-f9ef-252f-8704-97d9f922247d:368e8d93-070e-926c-7748-753c31d1f157&referrer=aHR0cHM6Ly93d3cubnZpZGlhLmNvbS9lbi11cy9vbi1kZW1hbmQvc2Vzc2lvbi9ndGMyNi1zODE0OTAv&clientTag=html5:v7.264","m3u8"
"https://www.nvidia.com/en-us/on-demand/session/gtc26-s82191/","41:58","https://cdnapisec.kaltura.com/p/2935771/sp/293577100/playManifest/entryId/1_55k0x0az/protocol/https/format/applehttp/flavorIds/1_is2w0sjm,1_2z2odubm,1_j5ue7y6m,1_5i3f2qml,1_lan5zshh/a.m3u8?uiConfId=50468382&playSessionId=f192f85e-a3d7-7de0-0f9a-c93add25180f:e3484075-e3a9-02c3-9fe8-4385e9fece42&referrer=aHR0cHM6Ly93d3cubnZpZGlhLmNvbS9lbi11cy9vbi1kZW1hbmQvc2Vzc2lvbi9ndGMyNi1zODIxOTEv&clientTag=html5:v7.264","m3u8"
"https://www.nvidia.com/en-us/on-demand/session/gtc26-s81770/","36:45","https://cdnapisec.kaltura.com/p/2935771/sp/293577100/playManifest/entryId/1_zek933kl/protocol/https/format/applehttp/flavorIds/1_othd86sp,1_ltpgdnoz,1_0v7whiol,1_le4cs7ks,1_63yy5wiz/a.m3u8?uiConfId=50468382&playSessionId=d112158c-dcb1-0386-bd9f-764c5d40cf14:57853a02-9f9d-654e-d820-370f542d2a4a&referrer=aHR0cHM6Ly93d3cubnZpZGlhLmNvbS9lbi11cy9vbi1kZW1hbmQvc2Vzc2lvbi9ndGMyNi1zODE3NzAv&clientTag=html5:v7.264","m3u8"
"https://www.nvidia.com/en-us/on-demand/session/gtc26-s81710/","44:04","https://cdnapisec.kaltura.com/p/2935771/sp/293577100/playManifest/entryId/1_bkhybbca/protocol/https/format/applehttp/flavorIds/1_j6mns1t4,1_g3wht3nu,1_0ubmd1k2,1_3dfxbvpq/a.m3u8?uiConfId=50468382&playSessionId=686a8d01-1b0e-c7e4-3818-d9e013400086:4422aaf4-94d6-5c20-c12d-05a578f0789f&referrer=aHR0cHM6Ly93d3cubnZpZGlhLmNvbS9lbi11cy9vbi1kZW1hbmQvc2Vzc2lvbi9ndGMyNi1zODE3MTAv&clientTag=html5:v7.264","m3u8"
"https://www.nvidia.com/en-us/on-demand/session/gtc26-ex82309/","12:33","https://cdnapisec.kaltura.com/p/2935771/sp/293577100/playManifest/entryId/1_5oktrmp0/protocol/https/format/applehttp/flavorIds/1_srt1aec3,1_e5xynpth,1_rr9gm35r,1_wx4pzpd8,1_e5czx0aq/a.m3u8?uiConfId=50468382&playSessionId=e9de4e38-df19-0fe6-f7f9-c2bd1c7acc9f:e49a574a-3c40-e4d6-0b91-5377bd2e2c63&referrer=aHR0cHM6Ly93d3cubnZpZGlhLmNvbS9lbi11cy9vbi1kZW1hbmQvc2Vzc2lvbi9ndGMyNi1leDgyMzA5Lw==&clientTag=html5:v7.264","m3u8"
"https://www.nvidia.com/en-us/on-demand/session/gtc26-ex82068/","14:33","https://cdnapisec.kaltura.com/p/2935771/sp/293577100/playManifest/entryId/1_wdn10i4o/protocol/https/format/applehttp/flavorIds/1_bmwwe792,1_ziq7v5hp,1_lk3dyfd5,1_msx9uiva,1_p1ywp3b9/a.m3u8?uiConfId=50468382&playSessionId=5d7a21f1-fd0f-0c92-57e7-ed033f023561:bcc8070c-5420-ff73-b6e1-d694ba7d31dd&referrer=aHR0cHM6Ly93d3cubnZpZGlhLmNvbS9lbi11cy9vbi1kZW1hbmQvc2Vzc2lvbi9ndGMyNi1leDgyMDY4Lw==&clientTag=html5:v7.264","m3u8"
"https://www.nvidia.com/en-us/on-demand/session/gtc26-ex82291/","08:12","https://cdnapisec.kaltura.com/p/2935771/sp/293577100/playManifest/entryId/1_bizt22ji/protocol/https/format/applehttp/flavorIds/1_7hrjt4lz,1_pa3l5rxm,1_7afnkvig,1_9jbpl5ij/a.m3u8?uiConfId=50468382&playSessionId=c85f19a0-ea4c-a21b-a947-040b5315111a:ec3de9f5-7597-a7f7-3ed4-57266f4cf1a7&referrer=aHR0cHM6Ly93d3cubnZpZGlhLmNvbS9lbi11cy9vbi1kZW1hbmQvc2Vzc2lvbi9ndGMyNi1leDgyMjkxLw==&clientTag=html5:v7.264","m3u8"
"https://www.nvidia.com/en-us/on-demand/session/gtc26-dlit81754/","01:26:16","https://cdnapisec.kaltura.com/p/2935771/sp/293577100/playManifest/entryId/1_q0m3nqja/protocol/https/format/applehttp/flavorIds/1_jc9b4g3m,1_19rs1egk,1_nmpab5bk,1_q1ywqcly,1_3mw74okx/a.m3u8?uiConfId=50468382&playSessionId=6e5b1667-e9d8-05a4-1549-30c74b731900:3a86b755-4a32-0d0c-4b7a-f1f9829fc738&referrer=aHR0cHM6Ly93d3cubnZpZGlhLmNvbS9lbi11cy9vbi1kZW1hbmQvc2Vzc2lvbi9ndGMyNi1kbGl0ODE3NTQv&clientTag=html5:v7.264","m3u8"
"https://www.nvidia.com/en-us/on-demand/session/gtc26-dlit81801/","01:11:52","https://cdnapisec.kaltura.com/p/2935771/sp/293577100/playManifest/entryId/1_z9beme6r/protocol/https/format/applehttp/flavorIds/1_ahcsw3v4,1_pj9i2q4t,1_j058vhrp,1_yvyxflwe,1_t8mwy37u,1_68690oyp/a.m3u8?uiConfId=50468382&playSessionId=c3191cf0-bfa8-1bc7-9434-ce4090bcea7d:cd6b37a0-0c17-26d9-bd99-5fad7ab7ab60&referrer=aHR0cHM6Ly93d3cubnZpZGlhLmNvbS9lbi11cy9vbi1kZW1hbmQvc2Vzc2lvbi9ndGMyNi1kbGl0ODE4MDEv&clientTag=html5:v7.264","m3u8"
"https://www.nvidia.com/en-us/on-demand/session/gtc26-dlit81682/","01:33:02","https://cdnapisec.kaltura.com/p/2935771/sp/293577100/playManifest/entryId/1_6hyd44eo/protocol/https/format/applehttp/flavorIds/1_tvv9fkhw,1_6m5308jz,1_veca3gs1,1_tc70mkx9,1_yjw80tws/a.m3u8?uiConfId=50468382&playSessionId=b40c37f3-4e46-fd59-541e-31ee89d4c0c2:4296bf5b-3ac1-f002-f905-5b1b8a44b862&referrer=aHR0cHM6Ly93d3cubnZpZGlhLmNvbS9lbi11cy9vbi1kZW1hbmQvc2Vzc2lvbi9ndGMyNi1kbGl0ODE2ODIv&clientTag=html5:v7.264","m3u8"
"https://www.nvidia.com/en-us/on-demand/session/gtc26-dlit81948/","01:34:48","https://cdnapisec.kaltura.com/p/2935771/sp/293577100/playManifest/entryId/1_xpnl4j8u/protocol/https/format/applehttp/flavorIds/1_y9gs2okm,1_hpyy0tsr,1_3vmarvw4,1_rx7h7lfi,1_9fvxkosv/a.m3u8?uiConfId=50468382&playSessionId=dc78ef17-c778-bfbf-4c99-da1e7bd95286:da8735f4-eb1d-1f8a-8c96-eb02c9bba637&referrer=aHR0cHM6Ly93d3cubnZpZGlhLmNvbS9lbi11cy9vbi1kZW1hbmQvc2Vzc2lvbi9ndGMyNi1kbGl0ODE5NDgv&clientTag=html5:v7.264","m3u8"
"https://www.nvidia.com/en-us/on-demand/session/gtc26-s82341/","41:18","https://cdnapisec.kaltura.com/p/2935771/sp/293577100/playManifest/entryId/1_4u33jx05/protocol/https/format/applehttp/flavorIds/1_ksz7osex,1_ttwq6710,1_aok2dcu2,1_6xnmjxii,1_s22uvyee/a.m3u8?uiConfId=50468382&playSessionId=ab8d7bad-8b0e-fd1e-91d6-0fa166e643b7:fa4c5cc5-fdce-d759-6bb1-dedce0171c03&referrer=aHR0cHM6Ly93d3cubnZpZGlhLmNvbS9lbi11cy9vbi1kZW1hbmQvc2Vzc2lvbi9ndGMyNi1zODIzNDEv&clientTag=html5:v7.264","m3u8"
"https://www.nvidia.com/en-us/on-demand/session/gtc26-s82154/","41:27","https://cdnapisec.kaltura.com/p/2935771/sp/293577100/playManifest/entryId/1_qmxb2lce/protocol/https/format/applehttp/flavorIds/1_5275zobp,1_zrk072me,1_ba1adzp9/a.m3u8?uiConfId=50468382&playSessionId=64293df5-36a7-97f5-4d92-1420d02f01c0:c04cc02c-1d7b-6973-7db5-a81de322ef36&referrer=aHR0cHM6Ly93d3cubnZpZGlhLmNvbS9lbi11cy9vbi1kZW1hbmQvc2Vzc2lvbi9ndGMyNi1zODIxNTQv&clientTag=html5:v7.264","m3u8"
"https://www.nvidia.com/en-us/on-demand/session/gtc26-ex82075/","13:45","https://cdnapisec.kaltura.com/p/2935771/sp/293577100/playManifest/entryId/1_zduikmew/protocol/https/format/applehttp/flavorIds/1_kskat5kg,1_7e0kzucq,1_49pzm6l4,1_b435qete,1_1ud2906o,1_ja7h932d/a.m3u8?uiConfId=50468382&playSessionId=c1b340c6-6360-6256-821b-22a7b001bccb:37c7949b-4c1d-6b77-edca-5e84eaa04baa&referrer=aHR0cHM6Ly93d3cubnZpZGlhLmNvbS9lbi11cy9vbi1kZW1hbmQvc2Vzc2lvbi9ndGMyNi1leDgyMDc1Lw==&clientTag=html5:v7.264","m3u8"
"https://www.nvidia.com/en-us/on-demand/session/gtc26-s82147/","32:46","https://cdnapisec.kaltura.com/p/2935771/sp/293577100/playManifest/entryId/1_da9i4l3d/protocol/https/format/applehttp/flavorIds/1_7k84rmaa,1_rtyznpmn,1_x3x0nc1c,1_mcy3gtqr,1_3x954eve/a.m3u8?uiConfId=50468382&playSessionId=28c6b180-8107-6bb9-91ad-3474714037e9:288412cf-2ffe-a354-88b2-11bbf742ce31&referrer=aHR0cHM6Ly93d3cubnZpZGlhLmNvbS9lbi11cy9vbi1kZW1hbmQvc2Vzc2lvbi9ndGMyNi1zODIxNDcv&clientTag=html5:v7.264","m3u8"
"https://www.nvidia.com/en-us/on-demand/session/gtc26-s81790/","39:43","https://cdnapisec.kaltura.com/p/2935771/sp/293577100/playManifest/entryId/1_3eghjy1a/protocol/https/format/applehttp/flavorIds/1_69on8abr,1_cvs911tb,1_bga67im8,1_wnhjyl9x,1_02b16t2q/a.m3u8?uiConfId=50468382&playSessionId=8c991c8b-1043-4076-7846-dbe5a7fc7a27:76df18be-dfa0-2a70-1568-e72d435850d6&referrer=aHR0cHM6Ly93d3cubnZpZGlhLmNvbS9lbi11cy9vbi1kZW1hbmQvc2Vzc2lvbi9ndGMyNi1zODE3OTAv&clientTag=html5:v7.264","m3u8"
"https://www.nvidia.com/en-us/on-demand/session/gtc26-s82065/","37:35","https://cdnapisec.kaltura.com/p/2935771/sp/293577100/playManifest/entryId/1_pf635tn6/protocol/https/format/applehttp/flavorIds/1_o54feg8z,1_94r8tmh5/a.m3u8?uiConfId=50468382&playSessionId=19ffbfdb-02df-c654-9bf2-0743ec5ba714:838e20b2-35d7-c2c6-a9c2-95fde17ea903&referrer=aHR0cHM6Ly93d3cubnZpZGlhLmNvbS9lbi11cy9vbi1kZW1hbmQvc2Vzc2lvbi9ndGMyNi1zODIwNjUv&clientTag=html5:v7.264","m3u8"
"https://www.nvidia.com/en-us/on-demand/session/gtc26-s82418/","39:07","https://cdnapisec.kaltura.com/p/2935771/sp/293577100/playManifest/entryId/1_evkpjjs8/protocol/https/format/applehttp/flavorIds/1_oy583f4i,1_27o7spba/a.m3u8?uiConfId=50468382&playSessionId=3cc85e3c-91df-288e-6628-007936a0d5d8:2f27fa90-00f5-cd16-0622-6c018dbb1139&referrer=aHR0cHM6Ly93d3cubnZpZGlhLmNvbS9lbi11cy9vbi1kZW1hbmQvc2Vzc2lvbi9ndGMyNi1zODI0MTgv&clientTag=html5:v7.264","m3u8"
"https://www.nvidia.com/en-us/on-demand/session/gtc26-s82050/","37:48","https://cdnapisec.kaltura.com/p/2935771/sp/293577100/playManifest/entryId/1_7bs5p5ft/protocol/https/format/applehttp/flavorIds/1_o0xl12cv,1_mf01uea4,1_zw0tu0sr,1_x2la8g7b,1_p4pw6z9u/a.m3u8?uiConfId=50468382&playSessionId=fd2cedac-8eaa-86d6-7818-b8528c0e95a2:40ec9ea5-660c-5e3c-a170-3c3239855997&referrer=aHR0cHM6Ly93d3cubnZpZGlhLmNvbS9lbi11cy9vbi1kZW1hbmQvc2Vzc2lvbi9ndGMyNi1zODIwNTAv&clientTag=html5:v7.264","m3u8"
"https://www.nvidia.com/en-us/on-demand/session/gtc26-ex82041/","11:37","https://cdnapisec.kaltura.com/p/2935771/sp/293577100/playManifest/entryId/1_szdddl06/protocol/https/format/applehttp/flavorIds/1_ucvfkozs,1_23sknvan,1_2fdx7yne,1_q5i2h9cv,1_nqf94j6d/a.m3u8?uiConfId=50468382&playSessionId=b04feb20-1a26-0ae8-eb7a-6553ef827633:e05c9fdb-a026-fadb-ba14-8d957ff9e462&referrer=aHR0cHM6Ly93d3cubnZpZGlhLmNvbS9lbi11cy9vbi1kZW1hbmQvc2Vzc2lvbi9ndGMyNi1leDgyMDQxLw==&clientTag=html5:v7.264","m3u8"
"https://www.nvidia.com/en-us/on-demand/session/gtc26-s81622/","39:49","https://cdnapisec.kaltura.com/p/2935771/sp/293577100/playManifest/entryId/1_12gcjsl6/protocol/https/format/applehttp/flavorIds/1_6e03a3iv,1_7myisayo/a.m3u8?uiConfId=50468382&playSessionId=4cc37f77-f62b-918b-803c-6bfabb457b36:fe59790c-1cee-b776-9619-04a79c1bea2a&referrer=aHR0cHM6Ly93d3cubnZpZGlhLmNvbS9lbi11cy9vbi1kZW1hbmQvc2Vzc2lvbi9ndGMyNi1zODE2MjIv&clientTag=html5:v7.264","m3u8"
"https://www.nvidia.com/en-us/on-demand/session/gtc26-s82185/","39:28","https://cdnapisec.kaltura.com/p/2935771/sp/293577100/playManifest/entryId/1_1vmj8tdy/protocol/https/format/applehttp/flavorIds/1_egvl56xi,1_5l7j9r7u,1_io94uwsc,1_q06wrr1m,1_609zo5yi/a.m3u8?uiConfId=50468382&playSessionId=6213a94f-5054-792a-fa87-65715a621c71:2bd2f7fa-2d44-b709-c9dd-dd8bbcc8fae9&referrer=aHR0cHM6Ly93d3cubnZpZGlhLmNvbS9lbi11cy9vbi1kZW1hbmQvc2Vzc2lvbi9ndGMyNi1zODIxODUv&clientTag=html5:v7.264","m3u8"
"https://www.nvidia.com/en-us/on-demand/session/gtc26-s81558/","39:51","https://cdnapisec.kaltura.com/p/2935771/sp/293577100/playManifest/entryId/1_wc9regrr/protocol/https/format/applehttp/flavorIds/1_u7wd6dlp,1_1wekly2s,1_l6dv5ngv,1_onkhrw2g,1_bhrevnk7/a.m3u8?uiConfId=50468382&playSessionId=1935a820-20af-0c79-2412-fa5d448afdce:63510ecb-d4ba-16a4-b9ee-3f2010c164e8&referrer=aHR0cHM6Ly93d3cubnZpZGlhLmNvbS9lbi11cy9vbi1kZW1hbmQvc2Vzc2lvbi9ndGMyNi1zODE1NTgv&clientTag=html5:v7.264","m3u8"
"https://www.nvidia.com/en-us/on-demand/session/gtc26-s81773/","39:03","https://cdnapisec.kaltura.com/p/2935771/sp/293577100/playManifest/entryId/1_tal1b7qn/protocol/https/format/applehttp/flavorIds/1_gixhd4cg,1_675iq7u2,1_u3okak5u,1_urongf00,1_jy77x2oy/a.m3u8?uiConfId=50468382&playSessionId=98417509-67ff-65af-acd9-514a008f8e55:87651a00-cb7a-c794-0120-06420f473ff6&referrer=aHR0cHM6Ly93d3cubnZpZGlhLmNvbS9lbi11cy9vbi1kZW1hbmQvc2Vzc2lvbi9ndGMyNi1zODE3NzMv&clientTag=html5:v7.264","m3u8"
"https://www.nvidia.com/en-us/on-demand/session/gtc26-s81767/","39:38","https://cdnapisec.kaltura.com/p/2935771/sp/293577100/playManifest/entryId/1_81ih7w34/protocol/https/format/applehttp/flavorIds/1_m7d7v7cn,1_zv1bh94n,1_4brjvalt,1_c4yx533l,1_66swtxgc/a.m3u8?uiConfId=50468382&playSessionId=bfaf49ba-68e0-fc98-bdb8-37cb315490fb:63ef0d0c-29b9-b8b3-55cf-c36097c9a357&referrer=aHR0cHM6Ly93d3cubnZpZGlhLmNvbS9lbi11cy9vbi1kZW1hbmQvc2Vzc2lvbi9ndGMyNi1zODE3Njcv&clientTag=html5:v7.264","m3u8"
"https://www.nvidia.com/en-us/on-demand/session/gtc26-s82004/","38:49","https://cdnapisec.kaltura.com/p/2935771/sp/293577100/playManifest/entryId/1_oh92el4p/protocol/https/format/applehttp/flavorIds/1_z9snt85p,1_stuiv9u4,1_prksgdsc,1_jyplb3wf,1_sy0qd7o9/a.m3u8?uiConfId=50468382&playSessionId=ea7effc0-d0e9-fb6f-e92e-292d7772d5eb:e03d4ef0-54ff-7ac6-5ebf-bc2f6a4c0797&referrer=aHR0cHM6Ly93d3cubnZpZGlhLmNvbS9lbi11cy9vbi1kZW1hbmQvc2Vzc2lvbi9ndGMyNi1zODIwMDQv&clientTag=html5:v7.264","m3u8"
"https://www.nvidia.com/en-us/on-demand/session/gtc26-s81680/","39:04","https://cdnapisec.kaltura.com/p/2935771/sp/293577100/playManifest/entryId/1_dxo1utdn/protocol/https/format/applehttp/flavorIds/1_1cd89ud8,1_0eu5d6sv,1_yyh7hsp6,1_ja7qqht7/a.m3u8?uiConfId=50468382&playSessionId=644e065f-ab0d-ce43-2faa-c8f0c968a6bf:c33e0d0c-6a7c-3cb2-d51b-0314d7b54096&referrer=aHR0cHM6Ly93d3cubnZpZGlhLmNvbS9lbi11cy9vbi1kZW1hbmQvc2Vzc2lvbi9ndGMyNi1zODE2ODAv&clientTag=html5:v7.264","m3u8"
"https://www.nvidia.com/en-us/on-demand/session/gtc26-s81732/","41:58","https://cdnapisec.kaltura.com/p/2935771/sp/293577100/playManifest/entryId/1_sg02g8qp/protocol/https/format/applehttp/flavorIds/1_4tpwi0gi,1_zz1kkv5l,1_y2vumxgf,1_m5sudfga,1_7a9bv4y7/a.m3u8?uiConfId=50468382&playSessionId=92497e1a-be11-3508-838c-14bf92414fd8:fd743488-2303-b0c0-09f5-cb8c9d60e305&referrer=aHR0cHM6Ly93d3cubnZpZGlhLmNvbS9lbi11cy9vbi1kZW1hbmQvc2Vzc2lvbi9ndGMyNi1zODE3MzIv&clientTag=html5:v7.264","m3u8"
"https://www.nvidia.com/en-us/on-demand/session/gtc26-ex82040/","12:21","https://cdnapisec.kaltura.com/p/2935771/sp/293577100/playManifest/entryId/1_qibdnlp4/protocol/https/format/applehttp/flavorIds/1_7obxucj1,1_t9cwbmkk,1_argf8xwh,1_gfqp68e7,1_fu86si5k/a.m3u8?uiConfId=50468382&playSessionId=01c3407a-876a-f7ef-7ecc-76018bc18d2c:12260717-8ef2-40ff-373b-bd6923ce374c&referrer=aHR0cHM6Ly93d3cubnZpZGlhLmNvbS9lbi11cy9vbi1kZW1hbmQvc2Vzc2lvbi9ndGMyNi1leDgyMDQwLw==&clientTag=html5:v7.264","m3u8"
"https://www.nvidia.com/en-us/on-demand/session/gtc26-s81739/","37:04","https://cdnapisec.kaltura.com/p/2935771/sp/293577100/playManifest/entryId/1_3fsnx27y/protocol/https/format/applehttp/flavorIds/1_ogaqidbp,1_3yuu5dit,1_qnc3lv9w,1_1als42fo/a.m3u8?uiConfId=50468382&playSessionId=8ba9354c-dafd-4cd9-0304-d6eba719d0bb:92252c5e-5288-c1d3-c152-20cf4f207601&referrer=aHR0cHM6Ly93d3cubnZpZGlhLmNvbS9lbi11cy9vbi1kZW1hbmQvc2Vzc2lvbi9ndGMyNi1zODE3Mzkv&clientTag=html5:v7.264","m3u8"
"https://www.nvidia.com/en-us/on-demand/session/gtc26-s81694/","38:16","https://cdnapisec.kaltura.com/p/2935771/sp/293577100/playManifest/entryId/1_zsgeuxud/protocol/https/format/applehttp/flavorIds/1_45r5lgud,1_b0f01dw4,1_e45ieo8t/a.m3u8?uiConfId=50468382&playSessionId=d048d87a-3eb3-3130-cb9e-912ca38160da:8650c593-233f-cd5c-1617-31a4a9605ca5&referrer=aHR0cHM6Ly93d3cubnZpZGlhLmNvbS9lbi11cy9vbi1kZW1hbmQvc2Vzc2lvbi9ndGMyNi1zODE2OTQv&clientTag=html5:v7.264","m3u8"
"https://www.nvidia.com/en-us/on-demand/session/gtc26-s82026/","29:38","https://cdnapisec.kaltura.com/p/2935771/sp/293577100/playManifest/entryId/1_o5umsfks/protocol/https/format/applehttp/flavorIds/1_h5233h4w,1_jqz9xchv,1_bx2dcbyo/a.m3u8?uiConfId=50468382&playSessionId=a12d0e7e-524b-c8b4-6628-6d691d5908b8:eccc7a05-3c7d-e476-30fe-4b34e974fd51&referrer=aHR0cHM6Ly93d3cubnZpZGlhLmNvbS9lbi11cy9vbi1kZW1hbmQvc2Vzc2lvbi9ndGMyNi1zODIwMjYv&clientTag=html5:v7.264","m3u8"
"https://www.nvidia.com/en-us/on-demand/session/gtc26-s82462/","39:27","https://cdnapisec.kaltura.com/p/2935771/sp/293577100/playManifest/entryId/1_dtond3vy/protocol/https/format/applehttp/flavorIds/1_tje7sa3t,1_zfaoz68u,1_kinfaps8,1_3f0hye2r/a.m3u8?uiConfId=50468382&playSessionId=ef7960f3-e3e0-da4e-04aa-0c012a35fcee:5f032cad-5bb6-8b54-00c7-edcf34ca53a5&referrer=aHR0cHM6Ly93d3cubnZpZGlhLmNvbS9lbi11cy9vbi1kZW1hbmQvc2Vzc2lvbi9ndGMyNi1zODI0NjIv&clientTag=html5:v7.264","m3u8"
"https://www.nvidia.com/en-us/on-demand/session/gtc26-s81849/","39:31","https://cdnapisec.kaltura.com/p/2935771/sp/293577100/playManifest/entryId/1_a56maxu9/protocol/https/format/applehttp/flavorIds/1_tga6ov5j,1_w8lu63tb,1_lg11aiy7,1_eiv1xoqv,1_94ts13t6/a.m3u8?uiConfId=50468382&playSessionId=dacb8cf7-bd06-0e4b-c132-21adea19674c:91c2b568-d551-fc10-9009-aa55087b3b0e&referrer=aHR0cHM6Ly93d3cubnZpZGlhLmNvbS9lbi11cy9vbi1kZW1hbmQvc2Vzc2lvbi9ndGMyNi1zODE4NDkv&clientTag=html5:v7.264","m3u8"
"https://www.nvidia.com/en-us/on-demand/session/gtc26-s82080/","39:24","https://cdnapisec.kaltura.com/p/2935771/sp/293577100/playManifest/entryId/1_54sqjkif/protocol/https/format/applehttp/flavorIds/1_rllgexyf,1_9xpoj68d,1_ies98ddt,1_it5j7eh2,1_jm8rn5cv/a.m3u8?uiConfId=50468382&playSessionId=5d039bf2-7e9a-da36-bdf1-ae34f6945741:5c741e43-9af8-5a22-d35b-4b4d8d1bdaf5&referrer=aHR0cHM6Ly93d3cubnZpZGlhLmNvbS9lbi11cy9vbi1kZW1hbmQvc2Vzc2lvbi9ndGMyNi1zODIwODAv&clientTag=html5:v7.264","m3u8"
"https://www.nvidia.com/en-us/on-demand/session/gtc26-s81951/","39:16","https://cdnapisec.kaltura.com/p/2935771/sp/293577100/playManifest/entryId/1_4svmpm5m/protocol/https/format/applehttp/flavorIds/1_t4f2os1u,1_luu30si3,1_o0tka2qw,1_u9klf2cd/a.m3u8?uiConfId=50468382&playSessionId=b1c1d531-8983-82da-ead8-cc979339d9cf:9e86af35-b095-b402-6154-1780c3dae30f&referrer=aHR0cHM6Ly93d3cubnZpZGlhLmNvbS9lbi11cy9vbi1kZW1hbmQvc2Vzc2lvbi9ndGMyNi1zODE5NTEv&clientTag=html5:v7.264","m3u8"
"https://www.nvidia.com/en-us/on-demand/session/gtc26-s81657/","40:05","https://cdnapisec.kaltura.com/p/2935771/sp/293577100/playManifest/entryId/1_yydlshdj/protocol/https/format/applehttp/flavorIds/1_f4mzeqg1,1_7utdr0zq,1_bvt6g34d,1_xjelqcr5,1_dd9837uz/a.m3u8?uiConfId=50468382&playSessionId=59afb1ee-82a2-d766-c622-92850c602b56:3780bcf7-d122-c8cf-0202-0f79a15c3c82&referrer=aHR0cHM6Ly93d3cubnZpZGlhLmNvbS9lbi11cy9vbi1kZW1hbmQvc2Vzc2lvbi9ndGMyNi1zODE2NTcv&clientTag=html5:v7.264","m3u8"
"https://www.nvidia.com/en-us/on-demand/session/gtc26-s81857/","39:12","https://cdnapisec.kaltura.com/p/2935771/sp/293577100/playManifest/entryId/1_8s1o9999/protocol/https/format/applehttp/flavorIds/1_dfl6k2tf,1_5byg91cv,1_x6q5ms1v,1_xtsx1nj4,1_hpmg70gf/a.m3u8?uiConfId=50468382&playSessionId=23bd1a53-b7af-088e-1247-a56aeff312b3:f652c7cd-85f4-4b72-e872-a43ebface2e3&referrer=aHR0cHM6Ly93d3cubnZpZGlhLmNvbS9lbi11cy9vbi1kZW1hbmQvc2Vzc2lvbi9ndGMyNi1zODE4NTcv&clientTag=html5:v7.264","m3u8"
"https://www.nvidia.com/en-us/on-demand/session/gtc26-s81501/","42:24","https://cdnapisec.kaltura.com/p/2935771/sp/293577100/playManifest/entryId/1_jjup294i/protocol/https/format/applehttp/flavorIds/1_y20vtpb7,1_qhrvlznh,1_22dswfwz,1_ps57ysw3,1_whn0k2q6,1_kyq9gfok/a.m3u8?uiConfId=50468382&playSessionId=dab6ea16-e267-6132-a37e-67751126c3ca:bcb88d9d-9d2d-5ee7-1213-ac68d248c005&referrer=aHR0cHM6Ly93d3cubnZpZGlhLmNvbS9lbi11cy9vbi1kZW1hbmQvc2Vzc2lvbi9ndGMyNi1zODE1MDEv&clientTag=html5:v7.264","m3u8"
"https://www.nvidia.com/en-us/on-demand/session/gtc26-ex82180/","14:39","https://cdnapisec.kaltura.com/p/2935771/sp/293577100/playManifest/entryId/1_xdzlsc1p/protocol/https/format/applehttp/flavorIds/1_e7232xh4,1_io4o0deh,1_9fhqjmws,1_18d5src0,1_nqeoxkmg/a.m3u8?uiConfId=50468382&playSessionId=cbe80da1-1fbf-6e88-3fa9-d65b868e4339:6dc64aba-b222-db63-7b82-e27b3c0b5718&referrer=aHR0cHM6Ly93d3cubnZpZGlhLmNvbS9lbi11cy9vbi1kZW1hbmQvc2Vzc2lvbi9ndGMyNi1leDgyMTgwLw==&clientTag=html5:v7.264","m3u8"
"https://www.nvidia.com/en-us/on-demand/session/gtc26-s82395/","38:19","https://cdnapisec.kaltura.com/p/2935771/sp/293577100/playManifest/entryId/1_razkds6s/protocol/https/format/applehttp/flavorIds/1_7wpn1dor,1_44762ad8,1_vj6nipgw,1_qgnzpjsz/a.m3u8?uiConfId=50468382&playSessionId=fe595dca-9ce7-31e0-2ff5-4b9feaa0cdd9:fbea2e49-8d9e-e0df-9a37-11e8982d9492&referrer=aHR0cHM6Ly93d3cubnZpZGlhLmNvbS9lbi11cy9vbi1kZW1hbmQvc2Vzc2lvbi9ndGMyNi1zODIzOTUv&clientTag=html5:v7.264","m3u8"
"https://www.nvidia.com/en-us/on-demand/session/gtc26-s82355/","39:53","https://cdnapisec.kaltura.com/p/2935771/sp/293577100/playManifest/entryId/1_ufe469cw/protocol/https/format/applehttp/flavorIds/1_iot3sgqh,1_tbyc91p7,1_1qpwb3qb,1_fzs846cx,1_a5p67ej9/a.m3u8?uiConfId=50468382&playSessionId=ba6cc335-26c4-345b-ee2b-eeaa822106ef:c54e406b-d558-499f-3204-68e4a3916815&referrer=aHR0cHM6Ly93d3cubnZpZGlhLmNvbS9lbi11cy9vbi1kZW1hbmQvc2Vzc2lvbi9ndGMyNi1zODIzNTUv&clientTag=html5:v7.264","m3u8"
"https://www.nvidia.com/en-us/on-demand/session/gtc26-ex82307/","13:08","https://cdnapisec.kaltura.com/p/2935771/sp/293577100/playManifest/entryId/1_sbfvtfmq/protocol/https/format/applehttp/flavorIds/1_g0vlzbq5,1_ip1sbg3u,1_2pcpaooz,1_ws15sizq/a.m3u8?uiConfId=50468382&playSessionId=21962faf-c627-4abd-ceff-426e2db9f5be:26410abf-e069-6b79-6f68-96b31512e23a&referrer=aHR0cHM6Ly93d3cubnZpZGlhLmNvbS9lbi11cy9vbi1kZW1hbmQvc2Vzc2lvbi9ndGMyNi1leDgyMzA3Lw==&clientTag=html5:v7.264","m3u8"
"https://www.nvidia.com/en-us/on-demand/session/gtc26-dlit82342/","01:15:41","https://cdnapisec.kaltura.com/p/2935771/sp/293577100/playManifest/entryId/1_gbin22ry/protocol/https/format/applehttp/flavorIds/1_nuxgu6xe,1_vl2gogd4,1_pz33l6ww,1_s8cat98e,1_zl4r226k/a.m3u8?uiConfId=50468382&playSessionId=fc6824ab-48b1-087d-3f78-77d5e74c5ea1:81e6c746-2361-13a3-7165-8e249632b475&referrer=aHR0cHM6Ly93d3cubnZpZGlhLmNvbS9lbi11cy9vbi1kZW1hbmQvc2Vzc2lvbi9ndGMyNi1kbGl0ODIzNDIv&clientTag=html5:v7.264","m3u8"
"https://www.nvidia.com/en-us/on-demand/session/gtc26-dlit81546/","01:34:29","https://cdnapisec.kaltura.com/p/2935771/sp/293577100/playManifest/entryId/1_xvwjiy1q/protocol/https/format/applehttp/flavorIds/1_f4ra8k2d,1_xydnspyk,1_pvaysgny,1_p19800dj,1_5p8ce0ah/a.m3u8?uiConfId=50468382&playSessionId=c174b37f-763c-d7ef-b6d5-7b9e347e4e51:d1358022-7778-9aae-9c8d-ae88893b346f&referrer=aHR0cHM6Ly93d3cubnZpZGlhLmNvbS9lbi11cy9vbi1kZW1hbmQvc2Vzc2lvbi9ndGMyNi1kbGl0ODE1NDYv&clientTag=html5:v7.264","m3u8"
"https://www.nvidia.com/en-us/on-demand/session/gtc26-dlit81697/","01:22:38","https://cdnapisec.kaltura.com/p/2935771/sp/293577100/playManifest/entryId/1_uhzhcxp1/protocol/https/format/applehttp/flavorIds/1_kr1vt2pv,1_vg6cusyd,1_87k7lhfd,1_ma6xa531/a.m3u8?uiConfId=50468382&playSessionId=7bb96364-32e1-e07e-a01d-fcc76daee269:ebdbdfa6-e852-bc4a-2f59-61a524351001&referrer=aHR0cHM6Ly93d3cubnZpZGlhLmNvbS9lbi11cy9vbi1kZW1hbmQvc2Vzc2lvbi9ndGMyNi1kbGl0ODE2OTcv&clientTag=html5:v7.264","m3u8"
"https://www.nvidia.com/en-us/on-demand/session/gtc26-dlit81818/","01:29:19","https://cdnapisec.kaltura.com/p/2935771/sp/293577100/playManifest/entryId/1_b2y47h1p/protocol/https/format/applehttp/flavorIds/1_3mx08xgn,1_eo9r42u5,1_js3t9fma,1_il0qv529,1_r1lx4u3e/a.m3u8?uiConfId=50468382&playSessionId=f9d8e987-09cb-bbc2-463a-a87c417fbdbe:fb183e0d-2782-5011-6913-480f9091efe4&referrer=aHR0cHM6Ly93d3cubnZpZGlhLmNvbS9lbi11cy9vbi1kZW1hbmQvc2Vzc2lvbi9ndGMyNi1kbGl0ODE4MTgv&clientTag=html5:v7.264","m3u8"
"https://www.nvidia.com/en-us/on-demand/session/gtc26-s81750/","38:39","https://cdnapisec.kaltura.com/p/2935771/sp/293577100/playManifest/entryId/1_ekhhtxbi/protocol/https/format/applehttp/flavorIds/1_bmkmkkm8,1_tcx8nr2i,1_urcu1bg6,1_es661fzf,1_cdmqqq87/a.m3u8?uiConfId=50468382&playSessionId=6e006acb-5c4b-12d4-3425-768bb574eee3:31c27518-94a4-20c1-32b2-9718adff0ceb&referrer=aHR0cHM6Ly93d3cubnZpZGlhLmNvbS9lbi11cy9vbi1kZW1hbmQvc2Vzc2lvbi9ndGMyNi1zODE3NTAv&clientTag=html5:v7.264","m3u8"
"https://www.nvidia.com/en-us/on-demand/session/gtc26-s82059/","38:22","https://cdnapisec.kaltura.com/p/2935771/sp/293577100/playManifest/entryId/1_chjgter8/protocol/https/format/applehttp/flavorIds/1_vwuwdz90,1_jyexz1ze,1_pijdyng7,1_56averb5/a.m3u8?uiConfId=50468382&playSessionId=717913ff-71fd-84ed-627f-bbfbe1049b2a:44773984-6792-0fa8-7cc7-3ba9baa10a76&referrer=aHR0cHM6Ly93d3cubnZpZGlhLmNvbS9lbi11cy9vbi1kZW1hbmQvc2Vzc2lvbi9ndGMyNi1zODIwNTkv&clientTag=html5:v7.264","m3u8"
"https://www.nvidia.com/en-us/on-demand/session/gtc26-s81678/","33:00","https://cdnapisec.kaltura.com/p/2935771/sp/293577100/playManifest/entryId/1_ok9pqrg7/protocol/https/format/applehttp/flavorIds/1_2tds3kjx,1_25q43jzb,1_72khueko/a.m3u8?uiConfId=50468382&playSessionId=cdbb1dc2-8c1a-ed6f-ebcb-0ff0186a690c:eed9df2c-382a-c475-176a-8a9f7d6fca69&referrer=aHR0cHM6Ly93d3cubnZpZGlhLmNvbS9lbi11cy9vbi1kZW1hbmQvc2Vzc2lvbi9ndGMyNi1zODE2Nzgv&clientTag=html5:v7.264","m3u8"
"https://www.nvidia.com/en-us/on-demand/session/gtc26-s82399/","39:02","https://cdnapisec.kaltura.com/p/2935771/sp/293577100/playManifest/entryId/1_1e9xhief/protocol/https/format/applehttp/flavorIds/1_whqy6ort,1_w0v7g1dc,1_bhtv5mnx,1_td9o8b1y/a.m3u8?uiConfId=50468382&playSessionId=0c291459-a965-f2de-d2dd-d37f2f2f7fb7:eb779d16-f2da-9988-74fe-395872ec3a75&referrer=aHR0cHM6Ly93d3cubnZpZGlhLmNvbS9lbi11cy9vbi1kZW1hbmQvc2Vzc2lvbi9ndGMyNi1zODIzOTkv&clientTag=html5:v7.264","m3u8"
"https://www.nvidia.com/en-us/on-demand/session/gtc26-s82437/","39:39","https://cdnapisec.kaltura.com/p/2935771/sp/293577100/playManifest/entryId/1_57dngh4s/protocol/https/format/applehttp/flavorIds/1_2da9eklv,1_8z5lnedd,1_p5hwm0ey,1_kxh29ad9/a.m3u8?uiConfId=50468382&playSessionId=f0e8a65b-cf5c-dd3c-fb5f-55f792b629b6:e3277477-7760-f154-5d65-740f521ffc97&referrer=aHR0cHM6Ly93d3cubnZpZGlhLmNvbS9lbi11cy9vbi1kZW1hbmQvc2Vzc2lvbi9ndGMyNi1zODI0Mzcv&clientTag=html5:v7.264","m3u8"
"https://www.nvidia.com/en-us/on-demand/session/gtc26-ex82087/","15:03","https://cdnapisec.kaltura.com/p/2935771/sp/293577100/playManifest/entryId/1_5are0764/protocol/https/format/applehttp/flavorIds/1_u7zt2mmg,1_necr96aw,1_29u89994/a.m3u8?uiConfId=50468382&playSessionId=c69248ef-7fea-b830-8cc9-903854ac8bc1:190eca7e-8628-cadc-8ade-0e6f323a35dd&referrer=aHR0cHM6Ly93d3cubnZpZGlhLmNvbS9lbi11cy9vbi1kZW1hbmQvc2Vzc2lvbi9ndGMyNi1leDgyMDg3Lw==&clientTag=html5:v7.264","m3u8"
"https://www.nvidia.com/en-us/on-demand/session/gtc26-s82271/","41:51","https://cdnapisec.kaltura.com/p/2935771/sp/293577100/playManifest/entryId/1_ybemeoy6/protocol/https/format/applehttp/flavorIds/1_0nkh75p1,1_l7n6spk0,1_alv4273v,1_hnbqbtr8,1_cqeclsug/a.m3u8?uiConfId=50468382&playSessionId=7d142f2d-b3b7-5f06-4e37-4e31d4ff8239:9ed4db27-f7e6-fc41-cb7c-cc6dc42e5f07&referrer=aHR0cHM6Ly93d3cubnZpZGlhLmNvbS9lbi11cy9vbi1kZW1hbmQvc2Vzc2lvbi9ndGMyNi1zODIyNzEv&clientTag=html5:v7.264","m3u8"
"https://www.nvidia.com/en-us/on-demand/session/gtc26-s82236/","37:55","https://cdnapisec.kaltura.com/p/2935771/sp/293577100/playManifest/entryId/1_r4zxwqn0/protocol/https/format/applehttp/flavorIds/1_6iceipwp,1_ra19cram,1_robfjxrk,1_m2zibp9i,1_ymmyux4i,1_jvpvyl4p/a.m3u8?uiConfId=50468382&playSessionId=e59b2120-4434-0dc9-f107-ccb9025d058c:798fddf9-0ce8-a051-021e-107dc0c604ac&referrer=aHR0cHM6Ly93d3cubnZpZGlhLmNvbS9lbi11cy9vbi1kZW1hbmQvc2Vzc2lvbi9ndGMyNi1zODIyMzYv&clientTag=html5:v7.264","m3u8"
"https://www.nvidia.com/en-us/on-demand/session/gtc26-s81647/","33:19","https://cdnapisec.kaltura.com/p/2935771/sp/293577100/playManifest/entryId/1_8bf80fee/protocol/https/format/applehttp/flavorIds/1_3e834t82,1_kqsywuos,1_lbfy9fr4,1_9ipckbtb,1_bzu876l4/a.m3u8?uiConfId=50468382&playSessionId=5f070515-903d-6d08-e0bd-813353706d09:41e55ad0-36ed-0d62-7d48-a9818a16971a&referrer=aHR0cHM6Ly93d3cubnZpZGlhLmNvbS9lbi11cy9vbi1kZW1hbmQvc2Vzc2lvbi9ndGMyNi1zODE2NDcv&clientTag=html5:v7.264","m3u8"
"https://www.nvidia.com/en-us/on-demand/session/gtc26-s82389/","39:54","https://cdnapisec.kaltura.com/p/2935771/sp/293577100/playManifest/entryId/1_lkx7pxir/protocol/https/format/applehttp/flavorIds/1_dfmpc6rc,1_73g9uzya,1_qsg1s55n,1_octmuzoq/a.m3u8?uiConfId=50468382&playSessionId=9f242abb-8a9c-6aef-0091-4397cfb1da68:749fe468-a9b1-c82c-a6a8-fafabad06684&referrer=aHR0cHM6Ly93d3cubnZpZGlhLmNvbS9lbi11cy9vbi1kZW1hbmQvc2Vzc2lvbi9ndGMyNi1zODIzODkv&clientTag=html5:v7.264","m3u8"
"https://www.nvidia.com/en-us/on-demand/session/gtc26-s81794/","40:02","https://cdnapisec.kaltura.com/p/2935771/sp/293577100/playManifest/entryId/1_nnqyel1g/protocol/https/format/applehttp/flavorIds/1_nqc5vypm,1_p6ymbzyw,1_eocmb51d,1_rntogo8u,1_0bs53xju/a.m3u8?uiConfId=50468382&playSessionId=1d3c95c0-00fb-0819-19df-7c2794d0675f:980dfdc8-0741-9471-7736-e262cd44abca&referrer=aHR0cHM6Ly93d3cubnZpZGlhLmNvbS9lbi11cy9vbi1kZW1hbmQvc2Vzc2lvbi9ndGMyNi1zODE3OTQv&clientTag=html5:v7.264","m3u8"
"https://www.nvidia.com/en-us/on-demand/session/gtc26-s82252/","40:53","https://cdnapisec.kaltura.com/p/2935771/sp/293577100/playManifest/entryId/1_xcaq2h1v/protocol/https/format/applehttp/flavorIds/1_ftrqonou,1_o7x90bco,1_qdpwnq6e,1_jyip9jw7/a.m3u8?uiConfId=50468382&playSessionId=303f14ff-88be-a3d6-e209-ff510dad5591:ad3c117a-b8d4-caf5-e0ae-b16aa80a29bc&referrer=aHR0cHM6Ly93d3cubnZpZGlhLmNvbS9lbi11cy9vbi1kZW1hbmQvc2Vzc2lvbi9ndGMyNi1zODIyNTIv&clientTag=html5:v7.264","m3u8"
"https://www.nvidia.com/en-us/on-demand/session/gtc26-s81862/","41:49","https://cdnapisec.kaltura.com/p/2935771/sp/293577100/playManifest/entryId/1_zv9p6edb/protocol/https/format/applehttp/flavorIds/1_sdn4wx67,1_6muokysp,1_x3xglcwl,1_w22xz009,1_u1ms7xnh/a.m3u8?uiConfId=50468382&playSessionId=42ee2bb6-6f50-fd0e-eade-86b33badea98:b722e98e-4d29-b63a-2857-6f677ebe5d6c&referrer=aHR0cHM6Ly93d3cubnZpZGlhLmNvbS9lbi11cy9vbi1kZW1hbmQvc2Vzc2lvbi9ndGMyNi1zODE4NjIv&clientTag=html5:v7.264","m3u8"
"https://www.nvidia.com/en-us/on-demand/session/gtc26-s82492/","39:17","https://cdnapisec.kaltura.com/p/2935771/sp/293577100/playManifest/entryId/1_9xb644nl/protocol/https/format/applehttp/flavorIds/1_lped3m8q,1_s4lfpkh6,1_nthrji0d,1_6ipdax29/a.m3u8?uiConfId=50468382&playSessionId=2b9e703a-9517-ac3b-673e-674642b340ab:32ecd98f-c552-4eee-a1ab-82cbf60f509d&referrer=aHR0cHM6Ly93d3cubnZpZGlhLmNvbS9lbi11cy9vbi1kZW1hbmQvc2Vzc2lvbi9ndGMyNi1zODI0OTIv&clientTag=html5:v7.264","m3u8"
"https://www.nvidia.com/en-us/on-demand/session/gtc26-s81743/","38:37","https://cdnapisec.kaltura.com/p/2935771/sp/293577100/playManifest/entryId/1_m2klc4sz/protocol/https/format/applehttp/flavorIds/1_fq85zalx,1_6zkvs1r2,1_k61eh0w2,1_c93boej7,1_s3qyhzg6/a.m3u8?uiConfId=50468382&playSessionId=08cb9de2-1376-28ba-e287-c913d3fde448:4b6e8767-41b4-c8e8-5e77-b047d50a131e&referrer=aHR0cHM6Ly93d3cubnZpZGlhLmNvbS9lbi11cy9vbi1kZW1hbmQvc2Vzc2lvbi9ndGMyNi1zODE3NDMv&clientTag=html5:v7.264","m3u8"
"https://www.nvidia.com/en-us/on-demand/session/gtc26-s81523/","38:45","https://cdnapisec.kaltura.com/p/2935771/sp/293577100/playManifest/entryId/1_mw6uaw95/protocol/https/format/applehttp/flavorIds/1_d0w6gd8d,1_auytt091,1_5v3mc32g,1_0m1kasy9,1_l20xnjd7/a.m3u8?uiConfId=50468382&playSessionId=797f0836-3442-571f-8b2e-693f3d36983e:9bb3dac9-5394-bd2f-1d1a-75de21f7ad70&referrer=aHR0cHM6Ly93d3cubnZpZGlhLmNvbS9lbi11cy9vbi1kZW1hbmQvc2Vzc2lvbi9ndGMyNi1zODE1MjMv&clientTag=html5:v7.264","m3u8"
"https://www.nvidia.com/en-us/on-demand/session/gtc26-s81870/","38:43","https://cdnapisec.kaltura.com/p/2935771/sp/293577100/playManifest/entryId/1_85cqnfic/protocol/https/format/applehttp/flavorIds/1_tty494dr,1_rbitp7c0,1_55e7dar9,1_ev015uv1/a.m3u8?uiConfId=50468382&playSessionId=d684801a-c0c1-7f29-fc76-a038c34ffbd8:e14cae06-9cd9-ea10-7b9d-b53bb4f15efd&referrer=aHR0cHM6Ly93d3cubnZpZGlhLmNvbS9lbi11cy9vbi1kZW1hbmQvc2Vzc2lvbi9ndGMyNi1zODE4NzAv&clientTag=html5:v7.264","m3u8"
"https://www.nvidia.com/en-us/on-demand/session/gtc26-s82201/","38:28","https://cdnapisec.kaltura.com/p/2935771/sp/293577100/playManifest/entryId/1_nh4511ue/protocol/https/format/applehttp/flavorIds/1_ntewdv1m,1_r4ohzlj2,1_luvhdb3e/a.m3u8?uiConfId=50468382&playSessionId=7851410e-c245-0e7f-b54d-2b394fe9e421:230fecc9-55a0-6b30-94ee-a9ff9b24362c&referrer=aHR0cHM6Ly93d3cubnZpZGlhLmNvbS9lbi11cy9vbi1kZW1hbmQvc2Vzc2lvbi9ndGMyNi1zODIyMDEv&clientTag=html5:v7.264","m3u8"
"https://www.nvidia.com/en-us/on-demand/session/gtc26-dlit81803/","01:41:10","https://cdnapisec.kaltura.com/p/2935771/sp/293577100/playManifest/entryId/1_t37o9taq/protocol/https/format/applehttp/flavorIds/1_so3qyroq,1_wf3a9yx0,1_garvnsoj,1_52kdugbq,1_xvdwp9r3/a.m3u8?uiConfId=50468382&playSessionId=085df848-7b7b-2dd3-5f64-589ce1805c96:32a81189-b40a-0408-c984-3a3f1fbcd873&referrer=aHR0cHM6Ly93d3cubnZpZGlhLmNvbS9lbi11cy9vbi1kZW1hbmQvc2Vzc2lvbi9ndGMyNi1kbGl0ODE4MDMv&clientTag=html5:v7.264","m3u8"
"https://www.nvidia.com/en-us/on-demand/session/gtc26-dlit81565/","01:44:54","https://cdnapisec.kaltura.com/p/2935771/sp/293577100/playManifest/entryId/1_duqq4ihv/protocol/https/format/applehttp/flavorIds/1_lyic013k,1_058qxmc4,1_t5v9hmw3,1_xfk3wdf3,1_7ycwqvi9/a.m3u8?uiConfId=50468382&playSessionId=cba6bc8c-d241-a395-3b5f-0a950c551f4a:6fe3d226-37b4-8043-58f2-8894b259c786&referrer=aHR0cHM6Ly93d3cubnZpZGlhLmNvbS9lbi11cy9vbi1kZW1hbmQvc2Vzc2lvbi9ndGMyNi1kbGl0ODE1NjUv&clientTag=html5:v7.264","m3u8"
"https://www.nvidia.com/en-us/on-demand/session/gtc26-dlit82006/","01:28:58","https://cdnapisec.kaltura.com/p/2935771/sp/293577100/playManifest/entryId/1_tk4o71hf/protocol/https/format/applehttp/flavorIds/1_1lsy195m,1_13p3r353,1_z26fe15p,1_gxhjcube,1_i14zh45c/a.m3u8?uiConfId=50468382&playSessionId=77e9e1fc-7059-f49b-14ad-d904a4ea0ffd:f7dd8c12-7125-0965-837b-bd4124eb1547&referrer=aHR0cHM6Ly93d3cubnZpZGlhLmNvbS9lbi11cy9vbi1kZW1hbmQvc2Vzc2lvbi9ndGMyNi1kbGl0ODIwMDYv&clientTag=html5:v7.264","m3u8"
"https://www.nvidia.com/en-us/on-demand/session/gtc26-s81674/","36:47","https://cdnapisec.kaltura.com/p/2935771/sp/293577100/playManifest/entryId/1_94sh0pg4/protocol/https/format/applehttp/flavorIds/1_u5475hsf,1_3pko6nnz,1_furl0ryi,1_an81i5a1,1_fzajuojx/a.m3u8?uiConfId=50468382&playSessionId=28e7e39d-dc89-ba55-e5d3-f309f71a03c2:ebe43aa3-608b-2337-3dd9-de2b17914679&referrer=aHR0cHM6Ly93d3cubnZpZGlhLmNvbS9lbi11cy9vbi1kZW1hbmQvc2Vzc2lvbi9ndGMyNi1zODE2NzQv&clientTag=html5:v7.264","m3u8"
"https://www.nvidia.com/en-us/on-demand/session/gtc26-s81676/","43:35","https://cdnapisec.kaltura.com/p/2935771/sp/293577100/playManifest/entryId/1_eenn11j3/protocol/https/format/applehttp/flavorIds/1_sf4obq0w,1_8wdksdol,1_8qmki7au,1_m1fzg7of,1_i8rgkt9i/a.m3u8?uiConfId=50468382&playSessionId=5c4260bd-f551-23ac-95a7-31e18a57b53e:aeed5751-9a4d-390d-1460-2adf43b25717&referrer=aHR0cHM6Ly93d3cubnZpZGlhLmNvbS9lbi11cy9vbi1kZW1hbmQvc2Vzc2lvbi9ndGMyNi1zODE2NzYv&clientTag=html5:v7.264","m3u8"
"https://www.nvidia.com/en-us/on-demand/session/gtc26-s81834/","37:41","https://cdnapisec.kaltura.com/p/2935771/sp/293577100/playManifest/entryId/1_hx4cdw68/protocol/https/format/applehttp/flavorIds/1_7mymzwjs,1_9ljganp7,1_46xaj7qa,1_hklfhi3t,1_yefnapib/a.m3u8?uiConfId=50468382&playSessionId=30850691-3f59-261f-b2d4-2b548d857e63:d1f36876-1945-5a84-c433-432d7a26411b&referrer=aHR0cHM6Ly93d3cubnZpZGlhLmNvbS9lbi11cy9vbi1kZW1hbmQvc2Vzc2lvbi9ndGMyNi1zODE4MzQv&clientTag=html5:v7.264","m3u8"
"https://www.nvidia.com/en-us/on-demand/session/gtc26-s81788/","40:43","https://cdnapisec.kaltura.com/p/2935771/sp/293577100/playManifest/entryId/1_dgef7a38/protocol/https/format/applehttp/flavorIds/1_15cf9s1x,1_1cw3uw48,1_fvjpwan0,1_3dpdqm4r/a.m3u8?uiConfId=50468382&playSessionId=469c2540-dab3-9542-307e-52f5c3cacfe0:4ffc7d5b-cf0c-9d29-b6f2-371775e40380&referrer=aHR0cHM6Ly93d3cubnZpZGlhLmNvbS9lbi11cy9vbi1kZW1hbmQvc2Vzc2lvbi9ndGMyNi1zODE3ODgv&clientTag=html5:v7.264","m3u8"
"https://www.nvidia.com/en-us/on-demand/session/gtc26-s82335/","37:36","https://cdnapisec.kaltura.com/p/2935771/sp/293577100/playManifest/entryId/1_hrcvs8cg/protocol/https/format/applehttp/flavorIds/1_l9ka87kz,1_1me0bcfy,1_y51cwcyd,1_9uwfa40n,1_kmimn1eq/a.m3u8?uiConfId=50468382&playSessionId=1f32b17d-ba89-c21b-0629-e087ce4f363d:97bbee0e-b528-c97c-d805-5accebfd8f4a&referrer=aHR0cHM6Ly93d3cubnZpZGlhLmNvbS9lbi11cy9vbi1kZW1hbmQvc2Vzc2lvbi9ndGMyNi1zODIzMzUv&clientTag=html5:v7.264","m3u8"
"https://www.nvidia.com/en-us/on-demand/session/gtc26-s82088/","39:15","https://cdnapisec.kaltura.com/p/2935771/sp/293577100/playManifest/entryId/1_fgds41fd/protocol/https/format/applehttp/flavorIds/1_64yutwra,1_ggtfqbv4,1_fdz1507w,1_4bn6n76v,1_xqkt1hvv/a.m3u8?uiConfId=50468382&playSessionId=fb3d3829-115a-8e45-46e7-0363130ebeff:65395492-3fde-3efc-dcfa-fda9c1013265&referrer=aHR0cHM6Ly93d3cubnZpZGlhLmNvbS9lbi11cy9vbi1kZW1hbmQvc2Vzc2lvbi9ndGMyNi1zODIwODgv&clientTag=html5:v7.264","m3u8"
"https://www.nvidia.com/en-us/on-demand/session/gtc26-s82113/","36:55","https://cdnapisec.kaltura.com/p/2935771/sp/293577100/playManifest/entryId/1_u9l7jeg1/protocol/https/format/applehttp/flavorIds/1_v2c3fp68,1_5tnim2zf,1_ozeew36r,1_zyd54yo7,1_7b9i4yej/a.m3u8?uiConfId=50468382&playSessionId=b9682387-c836-4c01-484d-4c6316c102c5:be162aa3-67e0-857f-a3ea-1f4928f1a93d&referrer=aHR0cHM6Ly93d3cubnZpZGlhLmNvbS9lbi11cy9vbi1kZW1hbmQvc2Vzc2lvbi9ndGMyNi1zODIxMTMv&clientTag=html5:v7.264","m3u8"
"https://www.nvidia.com/en-us/on-demand/session/gtc26-s81833/","35:47","https://cdnapisec.kaltura.com/p/2935771/sp/293577100/playManifest/entryId/1_qi5dcza0/protocol/https/format/applehttp/flavorIds/1_j1eg86vs,1_nj676jp9,1_cqbxt5gi,1_rlocrrsp,1_l828oi0p/a.m3u8?uiConfId=50468382&playSessionId=e700ce1e-bb67-0334-0317-d2f8fde9f74f:cdd1b2c2-b20d-d2cb-179b-2f7551914326&referrer=aHR0cHM6Ly93d3cubnZpZGlhLmNvbS9lbi11cy9vbi1kZW1hbmQvc2Vzc2lvbi9ndGMyNi1zODE4MzMv&clientTag=html5:v7.264","m3u8"
"https://www.nvidia.com/en-us/on-demand/session/gtc26-s82241/","42:52","https://cdnapisec.kaltura.com/p/2935771/sp/293577100/playManifest/entryId/1_o2c81h3m/protocol/https/format/applehttp/flavorIds/1_ggk8z4el,1_26g0ddg0,1_3rkblbaw,1_cepa9591/a.m3u8?uiConfId=50468382&playSessionId=fde0e833-e304-e485-a1b3-de6f9f36b369:216c6774-d143-0045-8637-9a1699d2c92a&referrer=aHR0cHM6Ly93d3cubnZpZGlhLmNvbS9lbi11cy9vbi1kZW1hbmQvc2Vzc2lvbi9ndGMyNi1zODIyNDEv&clientTag=html5:v7.264","m3u8"
"https://www.nvidia.com/en-us/on-demand/session/gtc26-s81630/","39:38","https://cdnapisec.kaltura.com/p/2935771/sp/293577100/playManifest/entryId/1_5exma9ne/protocol/https/format/applehttp/flavorIds/1_2hb59gto,1_mtnpccob,1_337mfzdl,1_e0gzhqbs/a.m3u8?uiConfId=50468382&playSessionId=b1edf958-e30f-8334-968e-67b9c0527c9c:ba54944b-a984-caca-71e7-89a5a9e16ee9&referrer=aHR0cHM6Ly93d3cubnZpZGlhLmNvbS9lbi11cy9vbi1kZW1hbmQvc2Vzc2lvbi9ndGMyNi1zODE2MzAv&clientTag=html5:v7.264","m3u8"
"https://www.nvidia.com/en-us/on-demand/session/gtc26-s81584/","42:19","https://cdnapisec.kaltura.com/p/2935771/sp/293577100/playManifest/entryId/1_5ognxpvr/protocol/https/format/applehttp/flavorIds/1_bdadbbp1,1_l22rgvxb,1_1stjzc1r,1_xy4w9ptk,1_8zylekh7/a.m3u8?uiConfId=50468382&playSessionId=a68636bd-207f-cd13-2268-6c2c7e763aab:949a1dbe-4ed2-51bd-1a91-436bc22fb923&referrer=aHR0cHM6Ly93d3cubnZpZGlhLmNvbS9lbi11cy9vbi1kZW1hbmQvc2Vzc2lvbi9ndGMyNi1zODE1ODQv&clientTag=html5:v7.264","m3u8"
"https://www.nvidia.com/en-us/on-demand/session/gtc26-s82149/","41:29","https://cdnapisec.kaltura.com/p/2935771/sp/293577100/playManifest/entryId/1_pguzulfp/protocol/https/format/applehttp/flavorIds/1_m37ie8i9,1_7vli7g32,1_y3gk99ze,1_5w01ccui,1_qurf6j42/a.m3u8?uiConfId=50468382&playSessionId=f464c791-d69f-67d2-7a3d-7031cf3a0be1:4ba03afa-a358-097f-cc8d-6cd195543f3e&referrer=aHR0cHM6Ly93d3cubnZpZGlhLmNvbS9lbi11cy9vbi1kZW1hbmQvc2Vzc2lvbi9ndGMyNi1zODIxNDkv&clientTag=html5:v7.264","m3u8"
"https://www.nvidia.com/en-us/on-demand/session/gtc26-s82139/","34:59","https://cdnapisec.kaltura.com/p/2935771/sp/293577100/playManifest/entryId/1_w47lvbr2/protocol/https/format/applehttp/flavorIds/1_8lkd2w5t,1_tdayxyze,1_yy7ucnj8,1_srz78uyt,1_iuttjjns/a.m3u8?uiConfId=50468382&playSessionId=2bb3f1c1-29c3-ae7b-8191-0dcf55eafd58:39362078-bd3d-a2f0-0577-cfb707105069&referrer=aHR0cHM6Ly93d3cubnZpZGlhLmNvbS9lbi11cy9vbi1kZW1hbmQvc2Vzc2lvbi9ndGMyNi1zODIxMzkv&clientTag=html5:v7.264","m3u8"
"https://www.nvidia.com/en-us/on-demand/session/gtc26-s81677/","39:39","https://cdnapisec.kaltura.com/p/2935771/sp/293577100/playManifest/entryId/1_cdbzbrju/protocol/https/format/applehttp/flavorIds/1_i13ptnuk,1_tipxuz9o,1_pvayh0cs,1_wsrf8w7e,1_rnd05f09/a.m3u8?uiConfId=50468382&playSessionId=cee6390f-1b29-687d-1ab5-6f4a7381e27e:bf319589-a4ab-2028-d3dc-95f4597af1a7&referrer=aHR0cHM6Ly93d3cubnZpZGlhLmNvbS9lbi11cy9vbi1kZW1hbmQvc2Vzc2lvbi9ndGMyNi1zODE2Nzcv&clientTag=html5:v7.264","m3u8"
"https://www.nvidia.com/en-us/on-demand/session/gtc26-s81999/","36:53","https://cdnapisec.kaltura.com/p/2935771/sp/293577100/playManifest/entryId/1_zhghj4sg/protocol/https/format/applehttp/flavorIds/1_ixvmg25a,1_jgtk8uo1,1_urlvjl0v,1_raxef6yl/a.m3u8?uiConfId=50468382&playSessionId=c3bf4250-29f2-649c-44a6-82aa92b1b5a2:ed72b22c-5072-ab1e-22f8-3135f54a0c8a&referrer=aHR0cHM6Ly93d3cubnZpZGlhLmNvbS9lbi11cy9vbi1kZW1hbmQvc2Vzc2lvbi9ndGMyNi1zODE5OTkv&clientTag=html5:v7.264","m3u8"
"https://www.nvidia.com/en-us/on-demand/session/gtc26-s81737/","01:09:22","https://cdnapisec.kaltura.com/p/2935771/sp/293577100/playManifest/entryId/1_k5yqypmu/protocol/https/format/applehttp/flavorIds/1_hz1dvri5,1_1od7zu10,1_wtm5694z/a.m3u8?uiConfId=50468382&playSessionId=e4af385b-3c57-8120-f67d-37868c37ca14:c65954e1-3b5c-c5f8-f1d6-436793f6c67e&referrer=aHR0cHM6Ly93d3cubnZpZGlhLmNvbS9lbi11cy9vbi1kZW1hbmQvc2Vzc2lvbi9ndGMyNi1zODE3Mzcv&clientTag=html5:v7.264","m3u8"
"https://www.nvidia.com/en-us/on-demand/session/gtc26-s81590/","40:14","https://cdnapisec.kaltura.com/p/2935771/sp/293577100/playManifest/entryId/1_535e5z9s/protocol/https/format/applehttp/flavorIds/1_mqnf048d,1_pz5r4ubh,1_jful1ptu,1_kmyveth0,1_2xjenybs/a.m3u8?uiConfId=50468382&playSessionId=5a30fd32-2923-5dc4-0d48-58ebb2bd587c:8f37e060-dac4-85a7-be49-0bdea7b9826f&referrer=aHR0cHM6Ly93d3cubnZpZGlhLmNvbS9lbi11cy9vbi1kZW1hbmQvc2Vzc2lvbi9ndGMyNi1zODE1OTAv&clientTag=html5:v7.264","m3u8"
"https://www.nvidia.com/en-us/on-demand/session/gtc26-s81424/","39:36","https://cdnapisec.kaltura.com/p/2935771/sp/293577100/playManifest/entryId/1_zfa9iq5d/protocol/https/format/applehttp/flavorIds/1_qvy1tx5e,1_w54jq8r1,1_fh25x5f4/a.m3u8?uiConfId=50468382&playSessionId=34acb87c-e43e-b7db-94f4-e5e0d4aba704:96525163-75d9-3eb1-af93-3c4491269db4&referrer=aHR0cHM6Ly93d3cubnZpZGlhLmNvbS9lbi11cy9vbi1kZW1hbmQvc2Vzc2lvbi9ndGMyNi1zODE0MjQv&clientTag=html5:v7.264","m3u8"
"https://www.nvidia.com/en-us/on-demand/session/gtc26-s81503/","37:42","https://cdnapisec.kaltura.com/p/2935771/sp/293577100/playManifest/entryId/1_32i5ru5h/protocol/https/format/applehttp/flavorIds/1_onc348w2,1_8zv7vlgl,1_g6rlihuw,1_ssjspmz3,1_nftpb1op/a.m3u8?uiConfId=50468382&playSessionId=58cf65fe-01ca-f029-b82e-25ccab0aa48f:0246a19c-9278-e222-debf-a85de8f5e849&referrer=aHR0cHM6Ly93d3cubnZpZGlhLmNvbS9lbi11cy9vbi1kZW1hbmQvc2Vzc2lvbi9ndGMyNi1zODE1MDMv&clientTag=html5:v7.264","m3u8"
"https://www.nvidia.com/en-us/on-demand/session/gtc26-s81719/","38:59","https://cdnapisec.kaltura.com/p/2935771/sp/293577100/playManifest/entryId/1_4d57t3iw/protocol/https/format/applehttp/flavorIds/1_11zvc8w0,1_2lfjky71,1_7yxqtlny,1_b1ellt7v,1_3kr16b6j/a.m3u8?uiConfId=50468382&playSessionId=6802dc7e-cb78-29e4-d195-6b614b0002fe:5c4979ac-982d-9e0d-729b-e727c98758f8&referrer=aHR0cHM6Ly93d3cubnZpZGlhLmNvbS9lbi11cy9vbi1kZW1hbmQvc2Vzc2lvbi9ndGMyNi1zODE3MTkv&clientTag=html5:v7.264","m3u8"
"https://www.nvidia.com/en-us/on-demand/session/gtc26-dlit81814/","01:24:37","https://cdnapisec.kaltura.com/p/2935771/sp/293577100/playManifest/entryId/1_3kiukvgi/protocol/https/format/applehttp/flavorIds/1_duzurx2k,1_i2as3r9p,1_rugir6xt,1_cl3zl2r7,1_sc6zzeeo/a.m3u8?uiConfId=50468382&playSessionId=414e2ab8-9bcd-1210-6be1-e9f4cf1b329f:ec73dba9-d434-23ea-980c-5376982429e2&referrer=aHR0cHM6Ly93d3cubnZpZGlhLmNvbS9lbi11cy9vbi1kZW1hbmQvc2Vzc2lvbi9ndGMyNi1kbGl0ODE4MTQv&clientTag=html5:v7.264","m3u8"
"https://www.nvidia.com/en-us/on-demand/session/gtc26-dlit81861/","01:38:40","https://cdnapisec.kaltura.com/p/2935771/sp/293577100/playManifest/entryId/1_wn8k2mt8/protocol/https/format/applehttp/flavorIds/1_qde759u8,1_wgngs30v,1_04o11r57,1_3i488hmr,1_duzxjkpn/a.m3u8?uiConfId=50468382&playSessionId=166bda55-6395-fc74-fac0-173baa724ef0:bdc7070c-2936-c274-7b72-1056822b1793&referrer=aHR0cHM6Ly93d3cubnZpZGlhLmNvbS9lbi11cy9vbi1kZW1hbmQvc2Vzc2lvbi9ndGMyNi1kbGl0ODE4NjEv&clientTag=html5:v7.264","m3u8"
"https://www.nvidia.com/en-us/on-demand/session/gtc26-dlit82184/","01:29:04","https://cdnapisec.kaltura.com/p/2935771/sp/293577100/playManifest/entryId/1_lpld4b2h/protocol/https/format/applehttp/flavorIds/1_vyxxo7ly,1_5mbsl8ke,1_14588ubh,1_n50fygl3,1_2z9ikaj3/a.m3u8?uiConfId=50468382&playSessionId=9205bc0d-7531-1f5c-fef8-24bd8985d141:71d557e2-77be-1b91-7ddc-10ed94ec90ed&referrer=aHR0cHM6Ly93d3cubnZpZGlhLmNvbS9lbi11cy9vbi1kZW1hbmQvc2Vzc2lvbi9ndGMyNi1kbGl0ODIxODQv&clientTag=html5:v7.264","m3u8"
"https://www.nvidia.com/en-us/on-demand/session/gtc26-studentexp/","36:53:25","https://cdnapisec.kaltura.com/p/2935771/sp/293577100/playManifest/entryId/1_dy52cvap/protocol/https/format/applehttp/flavorIds/1_xt5uy83h,1_58lfqquj,1_8dm4ugbv,1_hufoeckb,1_j81yswjv,1_zelnk5xc/a.m3u8?uiConfId=50468382&playSessionId=c7f10101-c772-2d00-1028-fdca1c1a86e6:8cfe4281-4269-90b3-20bc-5d3284cc03cc&referrer=aHR0cHM6Ly93d3cubnZpZGlhLmNvbS9lbi11cy9vbi1kZW1hbmQvc2Vzc2lvbi9ndGMyNi1zdHVkZW50ZXhwLw==&clientTag=html5:v7.264","m3u8"
"https://www.nvidia.com/en-us/on-demand/session/gtc26-s82175/","47:02","https://cdnapisec.kaltura.com/p/2935771/sp/293577100/playManifest/entryId/1_8z7sda9e/protocol/https/format/applehttp/flavorIds/1_z5tidq15,1_ly8bplc9,1_jercqfjg,1_w1pbs0el/a.m3u8?uiConfId=50468382&playSessionId=c4e654d6-49d3-818f-b7fc-5f1adb4c6c4e:95494d33-e2cb-4137-5da8-9b263fbd0cb9&referrer=aHR0cHM6Ly93d3cubnZpZGlhLmNvbS9lbi11cy9vbi1kZW1hbmQvc2Vzc2lvbi9ndGMyNi1zODIxNzUv&clientTag=html5:v7.264","m3u8"
"https://www.nvidia.com/en-us/on-demand/session/gtc26-s81464/","51:15","https://cdnapisec.kaltura.com/p/2935771/sp/293577100/playManifest/entryId/1_nwsn29yx/protocol/https/format/applehttp/flavorIds/1_9ypl8uod,1_mqyho8sy,1_x4jnpitv,1_1r1vadd2,1_kuqzlsxx/a.m3u8?uiConfId=50468382&playSessionId=d04a6b40-f8bf-898e-cfae-89d92385c96e:829895ed-00d6-5e25-66aa-4025172001e9&referrer=aHR0cHM6Ly93d3cubnZpZGlhLmNvbS9lbi11cy9vbi1kZW1hbmQvc2Vzc2lvbi9ndGMyNi1zODE0NjQv&clientTag=html5:v7.264","m3u8"
"https://www.nvidia.com/en-us/on-demand/session/gtc26-s81987/","50:57","https://cdnapisec.kaltura.com/p/2935771/sp/293577100/playManifest/entryId/1_ee8r31iz/protocol/https/format/applehttp/flavorIds/1_1qv29y4o,1_0uor1ovg,1_8bqstbs5,1_o1vp9u58,1_n9e36r5i/a.m3u8?uiConfId=50468382&playSessionId=7be59fd7-af7f-59c1-ed62-5a98765fae2b:dea3431e-7901-b445-8639-d711a9342a0f&referrer=aHR0cHM6Ly93d3cubnZpZGlhLmNvbS9lbi11cy9vbi1kZW1hbmQvc2Vzc2lvbi9ndGMyNi1zODE5ODcv&clientTag=html5:v7.264","m3u8"
"https://www.nvidia.com/en-us/on-demand/session/gtc26-s81941/","44:01","https://cdnapisec.kaltura.com/p/2935771/sp/293577100/playManifest/entryId/1_2akirikj/protocol/https/format/applehttp/flavorIds/1_i35h1mi5,1_lupqjgfk,1_t6cpf5ar,1_ueatb83i,1_s8bbcq27,1_f3yt9kn6/a.m3u8?uiConfId=50468382&playSessionId=5c27c6d7-752c-cba7-83d8-65a967fef1ab:beda5285-2e2e-1362-a73f-84b22c130e6d&referrer=aHR0cHM6Ly93d3cubnZpZGlhLmNvbS9lbi11cy9vbi1kZW1hbmQvc2Vzc2lvbi9ndGMyNi1zODE5NDEv&clientTag=html5:v7.264","m3u8"
"https://www.nvidia.com/en-us/on-demand/session/gtc26-s81509/","48:53","https://cdnapisec.kaltura.com/p/2935771/sp/293577100/playManifest/entryId/1_6jmbfa29/protocol/https/format/applehttp/flavorIds/1_r7rrd9sz,1_wk44x2n7,1_e5shzns6,1_ts4eqq16,1_qq2co74t,1_0ok3bewu/a.m3u8?uiConfId=50468382&playSessionId=573a489a-8805-f485-c33e-226f60f34787:08fae757-2aeb-f62e-f7bd-19ec30806e11&referrer=aHR0cHM6Ly93d3cubnZpZGlhLmNvbS9lbi11cy9vbi1kZW1hbmQvc2Vzc2lvbi9ndGMyNi1zODE1MDkv&clientTag=html5:v7.264","m3u8"
"https://www.nvidia.com/en-us/on-demand/session/gtc26-s82400/","38:39","https://cdnapisec.kaltura.com/p/2935771/sp/293577100/playManifest/entryId/1_8r7tr9l9/protocol/https/format/applehttp/flavorIds/1_cuudbk86,1_7c6xlpg8,1_byaidu26,1_792ip7fm,1_djoxcoox,1_jj6g7lv0/a.m3u8?uiConfId=50468382&playSessionId=e5e6bb5d-388a-22a8-3c97-125407d46fbf:43705973-094b-9d84-dd75-c8e5a09beac1&referrer=aHR0cHM6Ly93d3cubnZpZGlhLmNvbS9lbi11cy9vbi1kZW1hbmQvc2Vzc2lvbi9ndGMyNi1zODI0MDAv&clientTag=html5:v7.264","m3u8"
"https://www.nvidia.com/en-us/on-demand/session/gtc26-s81627/","55:01","https://cdnapisec.kaltura.com/p/2935771/sp/293577100/playManifest/entryId/1_zgb3friw/protocol/https/format/applehttp/flavorIds/1_lvr6h1sh,1_qyk9e218,1_18nj9mpx,1_iypvmx1j,1_sr6tnitv/a.m3u8?uiConfId=50468382&playSessionId=86f5e4b7-fd4b-0aaf-51f6-fa4db001d96e:8de0a838-3965-2387-b38d-819af9f030f1&referrer=aHR0cHM6Ly93d3cubnZpZGlhLmNvbS9lbi11cy9vbi1kZW1hbmQvc2Vzc2lvbi9ndGMyNi1zODE2Mjcv&clientTag=html5:v7.264","m3u8"
"https://www.nvidia.com/en-us/on-demand/session/gtc26-s81982/","31:20","https://cdnapisec.kaltura.com/p/2935771/sp/293577100/playManifest/entryId/1_avemcwga/protocol/https/format/applehttp/flavorIds/1_l69siu5c,1_8xymq33u,1_f3w4qo1u,1_acy25mba,1_4vboblso/a.m3u8?uiConfId=50468382&playSessionId=14de5697-6482-8626-5feb-4516f899295f:8a2c28cc-b212-15f2-6094-ff38198801e8&referrer=aHR0cHM6Ly93d3cubnZpZGlhLmNvbS9lbi11cy9vbi1kZW1hbmQvc2Vzc2lvbi9ndGMyNi1zODE5ODIv&clientTag=html5:v7.264","m3u8"
"https://www.nvidia.com/en-us/on-demand/session/gtc26-s82306/","45:51","https://cdnapisec.kaltura.com/p/2935771/sp/293577100/playManifest/entryId/1_dpql0f06/protocol/https/format/applehttp/flavorIds/1_cn4q3vsa,1_mb0ziixp,1_m38mtbvf/a.m3u8?uiConfId=50468382&playSessionId=c2d8e9b0-a754-7a90-7350-5a4ab6f216d0:6c052262-ff92-81d5-983c-43a63ef5dd02&referrer=aHR0cHM6Ly93d3cubnZpZGlhLmNvbS9lbi11cy9vbi1kZW1hbmQvc2Vzc2lvbi9ndGMyNi1zODIzMDYv&clientTag=html5:v7.264","m3u8"
"https://www.nvidia.com/en-us/on-demand/session/gtc26-s81942/","55:51","https://cdnapisec.kaltura.com/p/2935771/sp/293577100/playManifest/entryId/1_qhyayhiz/protocol/https/format/applehttp/flavorIds/1_xp1lrta7,1_heqzv76r,1_a8b2qmoy,1_5trsyer6,1_nb3xgo0x/a.m3u8?uiConfId=50468382&playSessionId=f55d0039-a786-fdae-a7aa-2ce59d3d1a93:f0bf5bae-2e54-9230-de2c-ecca7657df27&referrer=aHR0cHM6Ly93d3cubnZpZGlhLmNvbS9lbi11cy9vbi1kZW1hbmQvc2Vzc2lvbi9ndGMyNi1zODE5NDIv&clientTag=html5:v7.264","m3u8"
"https://www.nvidia.com/en-us/on-demand/session/gtc26-ex82215/","13:03","https://cdnapisec.kaltura.com/p/2935771/sp/293577100/playManifest/entryId/1_hk2tlz8z/protocol/https/format/applehttp/flavorIds/1_ua3tup50,1_bogasleu,1_343aode1,1_qy82bz4i,1_0kkf6ywh/a.m3u8?uiConfId=50468382&playSessionId=edd6e9a9-f7a7-09f4-b1ad-37f4faa5fec4:568d11e6-b2a3-e582-88f0-bceb0dfba2b6&referrer=aHR0cHM6Ly93d3cubnZpZGlhLmNvbS9lbi11cy9vbi1kZW1hbmQvc2Vzc2lvbi9ndGMyNi1leDgyMjE1Lw==&clientTag=html5:v7.264","m3u8"
"https://www.nvidia.com/en-us/on-demand/session/gtc26-ex82219/","11:05","https://cdnapisec.kaltura.com/p/2935771/sp/293577100/playManifest/entryId/1_jtpc2daj/protocol/https/format/applehttp/flavorIds/1_ftgg5qq3,1_yckja5qk,1_3oul1vr1,1_4ei9m8qf,1_dl5u333a/a.m3u8?uiConfId=50468382&playSessionId=4ab8bdc5-c865-a336-3780-4b91fa2bc161:092bef9e-fbd4-7881-91be-936ad654e6d6&referrer=aHR0cHM6Ly93d3cubnZpZGlhLmNvbS9lbi11cy9vbi1kZW1hbmQvc2Vzc2lvbi9ndGMyNi1leDgyMjE5Lw==&clientTag=html5:v7.264","m3u8"
"https://www.nvidia.com/en-us/on-demand/session/gtc26-ex82362/","14:41","https://cdnapisec.kaltura.com/p/2935771/sp/293577100/playManifest/entryId/1_29t6ew5i/protocol/https/format/applehttp/flavorIds/1_hs2zfmbs,1_4ezum3ds,1_m5gugt7e,1_f2n64n9q/a.m3u8?uiConfId=50468382&playSessionId=6a3c7c8c-65dd-2b2d-cd95-6bc6752a60a3:3476f1b1-44ca-37fb-556a-7f8f0b3dfe2d&referrer=aHR0cHM6Ly93d3cubnZpZGlhLmNvbS9lbi11cy9vbi1kZW1hbmQvc2Vzc2lvbi9ndGMyNi1leDgyMzYyLw==&clientTag=html5:v7.264","m3u8"
"https://www.nvidia.com/en-us/on-demand/session/gtc26-s81845/","36:19","https://cdnapisec.kaltura.com/p/2935771/sp/293577100/playManifest/entryId/1_curwvp5i/protocol/https/format/applehttp/flavorIds/1_c6vyvk7j,1_nlezlzh5,1_r4q992sn,1_r8ohr38j,1_xx7zs945/a.m3u8?uiConfId=50468382&playSessionId=9f9e3eea-d970-f49c-9f86-3297aaa101c9:9440e7d6-b804-5511-8529-4f5ff7b2429a&referrer=aHR0cHM6Ly93d3cubnZpZGlhLmNvbS9lbi11cy9vbi1kZW1hbmQvc2Vzc2lvbi9ndGMyNi1zODE4NDUv&clientTag=html5:v7.264","m3u8"
"https://www.nvidia.com/en-us/on-demand/session/gtc26-s81735/","36:05","https://cdnapisec.kaltura.com/p/2935771/sp/293577100/playManifest/entryId/1_2zod43y2/protocol/https/format/applehttp/flavorIds/1_a5jvnvt8,1_1qv74vyn,1_i51dxk5u,1_zo6hz4ag,1_02pkvc1v/a.m3u8?uiConfId=50468382&playSessionId=e9de7fa1-bd20-0689-6b1d-0008037cf3da:5ac4e958-7ba2-1a56-32f2-372468cf7b21&referrer=aHR0cHM6Ly93d3cubnZpZGlhLmNvbS9lbi11cy9vbi1kZW1hbmQvc2Vzc2lvbi9ndGMyNi1zODE3MzUv&clientTag=html5:v7.264","m3u8"
"https://www.nvidia.com/en-us/on-demand/session/gtc26-s82136/","41:24","https://cdnapisec.kaltura.com/p/2935771/sp/293577100/playManifest/entryId/1_5wcaxz9t/protocol/https/format/applehttp/flavorIds/1_9n7hfccb,1_oy92u7n5,1_nu2o6ao5,1_lidcm0sw,1_zpeng282/a.m3u8?uiConfId=50468382&playSessionId=0ffc467f-2133-ced0-daf8-3cc2de4fe70a:9bd1f1c4-87ef-f459-b74b-b51b661d3c26&referrer=aHR0cHM6Ly93d3cubnZpZGlhLmNvbS9lbi11cy9vbi1kZW1hbmQvc2Vzc2lvbi9ndGMyNi1zODIxMzYv&clientTag=html5:v7.264","m3u8"
"https://www.nvidia.com/en-us/on-demand/session/gtc26-s82356/","39:33","https://cdnapisec.kaltura.com/p/2935771/sp/293577100/playManifest/entryId/1_6npzgl0e/protocol/https/format/applehttp/flavorIds/1_6yd2d6d0,1_0uj6vdey,1_e2ktcm53/a.m3u8?uiConfId=50468382&playSessionId=38dac6fe-bd52-d922-dc9c-2e26392fe305:db577500-7a77-7e5b-e1fe-1033377d6e6a&referrer=aHR0cHM6Ly93d3cubnZpZGlhLmNvbS9lbi11cy9vbi1kZW1hbmQvc2Vzc2lvbi9ndGMyNi1zODIzNTYv&clientTag=html5:v7.264","m3u8"
"https://www.nvidia.com/en-us/on-demand/session/gtc26-s82316/","36:38","https://cdnapisec.kaltura.com/p/2935771/sp/293577100/playManifest/entryId/1_wnd7eiab/protocol/https/format/applehttp/flavorIds/1_oqkqhvar,1_kk09tl9h,1_ff2wqowc,1_urexfsxp,1_7b3h6vcz/a.m3u8?uiConfId=50468382&playSessionId=547b1d8b-82d6-af81-1d5e-57f6e897940b:0a296702-10a6-6a5a-e1c6-a42b59323292&referrer=aHR0cHM6Ly93d3cubnZpZGlhLmNvbS9lbi11cy9vbi1kZW1hbmQvc2Vzc2lvbi9ndGMyNi1zODIzMTYv&clientTag=html5:v7.264","m3u8"
"https://www.nvidia.com/en-us/on-demand/session/gtc26-s81856/","46:36","https://cdnapisec.kaltura.com/p/2935771/sp/293577100/playManifest/entryId/1_ffetxv3b/protocol/https/format/applehttp/flavorIds/1_s7ed7t15,1_6kzx8e54,1_bfwurwyo,1_n0d9ztc2,1_opfe618u/a.m3u8?uiConfId=50468382&playSessionId=eb553a35-3689-c743-60ea-b646998d2120:3b572d0a-4dd7-88b4-62f3-37eac3dbaabc&referrer=aHR0cHM6Ly93d3cubnZpZGlhLmNvbS9lbi11cy9vbi1kZW1hbmQvc2Vzc2lvbi9ndGMyNi1zODE4NTYv&clientTag=html5:v7.264","m3u8"
"https://www.nvidia.com/en-us/on-demand/session/gtc26-s81593/","38:21","https://cdnapisec.kaltura.com/p/2935771/sp/293577100/playManifest/entryId/1_2vabaddw/protocol/https/format/applehttp/flavorIds/1_osx28y7t,1_ai2ph0bh,1_qmgq5soh,1_6py1nzxu,1_6op5658m/a.m3u8?uiConfId=50468382&playSessionId=2f47b8b9-7dfa-c30e-617a-338f0f5040d2:2fe90776-d9e6-e3f8-9526-e522cad9427f&referrer=aHR0cHM6Ly93d3cubnZpZGlhLmNvbS9lbi11cy9vbi1kZW1hbmQvc2Vzc2lvbi9ndGMyNi1zODE1OTMv&clientTag=html5:v7.264","m3u8"
"https://www.nvidia.com/en-us/on-demand/session/gtc26-s82419/","38:04","https://cdnapisec.kaltura.com/p/2935771/sp/293577100/playManifest/entryId/1_3cl5hsbq/protocol/https/format/applehttp/flavorIds/1_80p2v7lm,1_3my06pkr,1_zpaxij1x,1_vblrklna,1_t5nxyuvk/a.m3u8?uiConfId=50468382&playSessionId=fbe79d20-12b0-7407-97b5-8e32f85bdd08:acc81764-453b-402d-3a67-9cbc58610128&referrer=aHR0cHM6Ly93d3cubnZpZGlhLmNvbS9lbi11cy9vbi1kZW1hbmQvc2Vzc2lvbi9ndGMyNi1zODI0MTkv&clientTag=html5:v7.264","m3u8"
"https://www.nvidia.com/en-us/on-demand/session/gtc26-s82491/","38:42","https://cdnapisec.kaltura.com/p/2935771/sp/293577100/playManifest/entryId/1_fx58j03l/protocol/https/format/applehttp/flavorIds/1_19zw1bmk,1_06xt1s12,1_926o2ilw,1_oacbzazt,1_c22lmgob/a.m3u8?uiConfId=50468382&playSessionId=466f7d14-9f76-5d18-3f13-1600d078a073:a6d858ed-0898-fea7-d95b-7d3ddefd8635&referrer=aHR0cHM6Ly93d3cubnZpZGlhLmNvbS9lbi11cy9vbi1kZW1hbmQvc2Vzc2lvbi9ndGMyNi1zODI0OTEv&clientTag=html5:v7.264","m3u8"
"https://www.nvidia.com/en-us/on-demand/session/gtc26-s81557/","37:18","https://cdnapisec.kaltura.com/p/2935771/sp/293577100/playManifest/entryId/1_y6e7k9so/protocol/https/format/applehttp/flavorIds/1_1v8uxwn9,1_rtzhy13p,1_aaptuchs,1_2ucl5vvj,1_92z4q1k9/a.m3u8?uiConfId=50468382&playSessionId=8517a17f-e58d-f45a-8080-e1850119e320:3232df6c-c2e2-6db5-c82c-010332f8078b&referrer=aHR0cHM6Ly93d3cubnZpZGlhLmNvbS9lbi11cy9vbi1kZW1hbmQvc2Vzc2lvbi9ndGMyNi1zODE1NTcv&clientTag=html5:v7.264","m3u8"
"https://www.nvidia.com/en-us/on-demand/session/gtc26-s82404/","42:19","https://cdnapisec.kaltura.com/p/2935771/sp/293577100/playManifest/entryId/1_cp0q8e4m/protocol/https/format/applehttp/flavorIds/1_ifge1ki0,1_p98l4m5f,1_kf3jx60e,1_m7ezw36j,1_lprw6lah/a.m3u8?uiConfId=50468382&playSessionId=65acb70e-2e4b-699a-c8d7-654fb97c3d0a:d38f8c7a-4f29-af11-f180-65df6ef76b3d&referrer=aHR0cHM6Ly93d3cubnZpZGlhLmNvbS9lbi11cy9vbi1kZW1hbmQvc2Vzc2lvbi9ndGMyNi1zODI0MDQv&clientTag=html5:v7.264","m3u8"
"https://www.nvidia.com/en-us/on-demand/session/gtc26-s82137/","29:38","https://cdnapisec.kaltura.com/p/2935771/sp/293577100/playManifest/entryId/1_1g6qaqq2/protocol/https/format/applehttp/flavorIds/1_hsehr3wb,1_l8xz29zt,1_96dh382j,1_b1oexn3d,1_ossuzjxh/a.m3u8?uiConfId=50468382&playSessionId=6c307bc4-8d78-0f8c-dbac-92ced4c52ffc:d63f11b9-7074-fe48-20af-1e497531b8fd&referrer=aHR0cHM6Ly93d3cubnZpZGlhLmNvbS9lbi11cy9vbi1kZW1hbmQvc2Vzc2lvbi9ndGMyNi1zODIxMzcv&clientTag=html5:v7.264","m3u8"
"https://www.nvidia.com/en-us/on-demand/session/gtc26-ex82084/","13:42","https://cdnapisec.kaltura.com/p/2935771/sp/293577100/playManifest/entryId/1_5r29y8tw/protocol/https/format/applehttp/flavorIds/1_bge0em1s,1_92yr04w9,1_7qu8z4e6,1_kpebfay0,1_7x82uqgf,1_886owso1/a.m3u8?uiConfId=50468382&playSessionId=2daad5bc-c989-066b-a7af-dacec920f13e:c34813fc-6925-6e44-ac28-7687c0e4e907&referrer=aHR0cHM6Ly93d3cubnZpZGlhLmNvbS9lbi11cy9vbi1kZW1hbmQvc2Vzc2lvbi9ndGMyNi1leDgyMDg0Lw==&clientTag=html5:v7.264","m3u8"
"https://www.nvidia.com/en-us/on-demand/session/gtc26-s81786/","40:53","https://cdnapisec.kaltura.com/p/2935771/sp/293577100/playManifest/entryId/1_5h5pt1vu/protocol/https/format/applehttp/flavorIds/1_8jkvzgja,1_9t47rh04,1_wxqq707k,1_r6ub3o3j,1_w2nkctb2,1_x6a6gx8o/a.m3u8?uiConfId=50468382&playSessionId=bd65cb2a-6b08-0816-f997-fd4cbc80e064:1cf85ad9-f128-b214-8f68-bd8d320c70af&referrer=aHR0cHM6Ly93d3cubnZpZGlhLmNvbS9lbi11cy9vbi1kZW1hbmQvc2Vzc2lvbi9ndGMyNi1zODE3ODYv&clientTag=html5:v7.264","m3u8"
"https://www.nvidia.com/en-us/on-demand/session/gtc26-s81542/","33:49","https://cdnapisec.kaltura.com/p/2935771/sp/293577100/playManifest/entryId/1_ehqzevwc/protocol/https/format/applehttp/flavorIds/1_c71ichsz,1_iuusph5h,1_zyhwrbiy,1_361x4tzf,1_hotxrk0h/a.m3u8?uiConfId=50468382&playSessionId=aabf576d-7dc7-af38-84cd-fb0d3d0b702e:2217fe31-e871-23a9-2cf0-4658463df0cb&referrer=aHR0cHM6Ly93d3cubnZpZGlhLmNvbS9lbi11cy9vbi1kZW1hbmQvc2Vzc2lvbi9ndGMyNi1zODE1NDIv&clientTag=html5:v7.264","m3u8"
"https://www.nvidia.com/en-us/on-demand/session/gtc26-s82455/","38:05","https://cdnapisec.kaltura.com/p/2935771/sp/293577100/playManifest/entryId/1_gb0qssbt/protocol/https/format/applehttp/flavorIds/1_3ny9cba6,1_vkb9e0kz,1_f6u1r45d,1_ckuix2hv,1_ezujmxy7/a.m3u8?uiConfId=50468382&playSessionId=306d3cc5-1349-7241-9a92-3743afc94597:d8b7f552-c066-efd1-f50b-64023049402d&referrer=aHR0cHM6Ly93d3cubnZpZGlhLmNvbS9lbi11cy9vbi1kZW1hbmQvc2Vzc2lvbi9ndGMyNi1zODI0NTUv&clientTag=html5:v7.264","m3u8"
"https://www.nvidia.com/en-us/on-demand/session/gtc26-ex82032/","15:30","https://cdnapisec.kaltura.com/p/2935771/sp/293577100/playManifest/entryId/1_05ke2qx5/protocol/https/format/applehttp/flavorIds/1_ep0eloqu,1_7343kxn1,1_01bdxez7,1_d5tqtz0b,1_mgehgtf2/a.m3u8?uiConfId=50468382&playSessionId=7227b450-1a2b-2baf-1a7a-6f34f8031bad:997269cb-90ba-4eeb-8841-93dc20110be9&referrer=aHR0cHM6Ly93d3cubnZpZGlhLmNvbS9lbi11cy9vbi1kZW1hbmQvc2Vzc2lvbi9ndGMyNi1leDgyMDMyLw==&clientTag=html5:v7.264","m3u8"
"https://www.nvidia.com/en-us/on-demand/session/gtc26-ex82009/","07:32","https://cdnapisec.kaltura.com/p/2935771/sp/293577100/playManifest/entryId/1_zp4exy9m/protocol/https/format/applehttp/flavorIds/1_c75ajdsz,1_02ra1emb,1_0d1xixmr,1_idwygdgr,1_sxxpkmwc/a.m3u8?uiConfId=50468382&playSessionId=47b74e75-2325-d350-d22c-0337f6aeac51:6728b2d1-6f88-1635-779e-76c3b3db65e4&referrer=aHR0cHM6Ly93d3cubnZpZGlhLmNvbS9lbi11cy9vbi1kZW1hbmQvc2Vzc2lvbi9ndGMyNi1leDgyMDA5Lw==&clientTag=html5:v7.264","m3u8"
"https://www.nvidia.com/en-us/on-demand/session/gtc26-ex82179/","11:19","https://cdnapisec.kaltura.com/p/2935771/sp/293577100/playManifest/entryId/1_h82z0pyh/protocol/https/format/applehttp/flavorIds/1_n1mqmei5,1_nbxrdbly,1_9rv23lkr,1_q3pjz1h3,1_msfd3yi8/a.m3u8?uiConfId=50468382&playSessionId=5ecdf13c-dd42-e260-2966-e03d7c75f3a6:26bfd8da-b029-d774-4e37-c6704ef98051&referrer=aHR0cHM6Ly93d3cubnZpZGlhLmNvbS9lbi11cy9vbi1kZW1hbmQvc2Vzc2lvbi9ndGMyNi1leDgyMTc5Lw==&clientTag=html5:v7.264","m3u8"
"https://www.nvidia.com/en-us/on-demand/session/gtc26-s81731/","40:19","https://cdnapisec.kaltura.com/p/2935771/sp/293577100/playManifest/entryId/1_usja8t90/protocol/https/format/applehttp/flavorIds/1_tzvz1d1i,1_ithz3bx7,1_ockve2d2,1_ntxalrrr,1_nvt6hhxc/a.m3u8?uiConfId=50468382&playSessionId=fa66198d-6e15-4470-b6fb-7ddd1bc9e132:651aa458-43cc-fcb2-271a-dafd0ec400a9&referrer=aHR0cHM6Ly93d3cubnZpZGlhLmNvbS9lbi11cy9vbi1kZW1hbmQvc2Vzc2lvbi9ndGMyNi1zODE3MzEv&clientTag=html5:v7.264","m3u8"
"https://www.nvidia.com/en-us/on-demand/session/gtc26-s81656/","40:40","https://cdnapisec.kaltura.com/p/2935771/sp/293577100/playManifest/entryId/1_klftpcen/protocol/https/format/applehttp/flavorIds/1_3zl4hell,1_4pvpxwlz,1_cqq47onn/a.m3u8?uiConfId=50468382&playSessionId=e8085a34-3d0e-3e3b-683a-b62597d216fe:bb2d3128-2279-3871-027e-603234e4e461&referrer=aHR0cHM6Ly93d3cubnZpZGlhLmNvbS9lbi11cy9vbi1kZW1hbmQvc2Vzc2lvbi9ndGMyNi1zODE2NTYv&clientTag=html5:v7.264","m3u8"
"https://www.nvidia.com/en-us/on-demand/session/gtc26-s82182/","39:38","https://cdnapisec.kaltura.com/p/2935771/sp/293577100/playManifest/entryId/1_xvikcnba/protocol/https/format/applehttp/flavorIds/1_vve1k8q8,1_nrle1koe,1_lnzsapxv,1_qnazwl1m,1_xsjvljtw/a.m3u8?uiConfId=50468382&playSessionId=d8740bc4-c8e8-6bb1-4a1b-e6b56c485499:00ddcc02-210d-d938-3cec-6cea3f1daf18&referrer=aHR0cHM6Ly93d3cubnZpZGlhLmNvbS9lbi11cy9vbi1kZW1hbmQvc2Vzc2lvbi9ndGMyNi1zODIxODIv&clientTag=html5:v7.264","m3u8"
"https://www.nvidia.com/en-us/on-demand/session/gtc26-ex82195/","15:26","https://cdnapisec.kaltura.com/p/2935771/sp/293577100/playManifest/entryId/1_9ay6sxbc/protocol/https/format/applehttp/flavorIds/1_g7fitjzh,1_r947vjbx,1_cxlp4jnf,1_5bpd9mo6,1_qab5e9qw/a.m3u8?uiConfId=50468382&playSessionId=88876611-c04f-0880-e716-833437857f91:a23d2b91-eb33-40ac-dedc-5b1f5bad1a3e&referrer=aHR0cHM6Ly93d3cubnZpZGlhLmNvbS9lbi11cy9vbi1kZW1hbmQvc2Vzc2lvbi9ndGMyNi1leDgyMTk1Lw==&clientTag=html5:v7.264","m3u8"
"https://www.nvidia.com/en-us/on-demand/session/gtc26-s81766/","37:43","https://cdnapisec.kaltura.com/p/2935771/sp/293577100/playManifest/entryId/1_2s0kg8os/protocol/https/format/applehttp/flavorIds/1_wtpwlvnn,1_6yzziiap,1_gr7ix2g4,1_66mhahhz,1_67jy39zf/a.m3u8?uiConfId=50468382&playSessionId=c105ae22-275f-a27d-4112-476b6872b56e:5b3e867c-6ba2-253b-c275-9326ebf303f7&referrer=aHR0cHM6Ly93d3cubnZpZGlhLmNvbS9lbi11cy9vbi1kZW1hbmQvc2Vzc2lvbi9ndGMyNi1zODE3NjYv&clientTag=html5:v7.264","m3u8"
"https://www.nvidia.com/en-us/on-demand/session/gtc26-s82233/","41:06","https://cdnapisec.kaltura.com/p/2935771/sp/293577100/playManifest/entryId/1_vxwknk3a/protocol/https/format/applehttp/flavorIds/1_2swr347l,1_mzib8rvh,1_038ud6nw,1_a9kl2ksg,1_tamg4cr0/a.m3u8?uiConfId=50468382&playSessionId=64cb5c5c-a5b1-5fa6-c338-d3c0207e10b7:cc42866f-42f5-eb96-b579-b20946df62a8&referrer=aHR0cHM6Ly93d3cubnZpZGlhLmNvbS9lbi11cy9vbi1kZW1hbmQvc2Vzc2lvbi9ndGMyNi1zODIyMzMv&clientTag=html5:v7.264","m3u8"
"https://www.nvidia.com/en-us/on-demand/session/gtc26-s81911/","48:32","https://cdnapisec.kaltura.com/p/2935771/sp/293577100/playManifest/entryId/1_uo8stbqa/protocol/https/format/applehttp/flavorIds/1_816ldepb,1_msxqp5c1,1_loh9nkop,1_yh99zina,1_r00qjbch/a.m3u8?uiConfId=50468382&playSessionId=0469c6ba-3fcf-b780-ca27-36f73fa04eab:3c1a0fd0-2977-489a-e1b8-9abda40612e4&referrer=aHR0cHM6Ly93d3cubnZpZGlhLmNvbS9lbi11cy9vbi1kZW1hbmQvc2Vzc2lvbi9ndGMyNi1zODE5MTEv&clientTag=html5:v7.264","m3u8"
"https://www.nvidia.com/en-us/on-demand/session/gtc26-s81433/","41:32","https://cdnapisec.kaltura.com/p/2935771/sp/293577100/playManifest/entryId/1_reex4ldy/protocol/https/format/applehttp/flavorIds/1_g6czdmw9,1_vmsp6bpl,1_cpd6apvf,1_y63fv456,1_u5b06ava/a.m3u8?uiConfId=50468382&playSessionId=332f28aa-c663-eb44-cc56-bc1424d5b909:cde0f7a2-8cd3-201a-5ddb-dccfe4fdc9e7&referrer=aHR0cHM6Ly93d3cubnZpZGlhLmNvbS9lbi11cy9vbi1kZW1hbmQvc2Vzc2lvbi9ndGMyNi1zODE0MzMv&clientTag=html5:v7.264","m3u8"
"https://www.nvidia.com/en-us/on-demand/session/gtc26-s81508/","37:46","https://cdnapisec.kaltura.com/p/2935771/sp/293577100/playManifest/entryId/1_l4v54gto/protocol/https/format/applehttp/flavorIds/1_v5dnq9t0,1_vdm4d2g8,1_6v3cc4sv,1_jwd9rwvm,1_m1e95r3r/a.m3u8?uiConfId=50468382&playSessionId=16521252-0ce2-dac3-753b-f00dc8058485:8b12864c-1cf8-44f4-87ee-03112882aafc&referrer=aHR0cHM6Ly93d3cubnZpZGlhLmNvbS9lbi11cy9vbi1kZW1hbmQvc2Vzc2lvbi9ndGMyNi1zODE1MDgv&clientTag=html5:v7.264","m3u8"
"https://www.nvidia.com/en-us/on-demand/session/gtc26-s81563/","37:13","https://cdnapisec.kaltura.com/p/2935771/sp/293577100/playManifest/entryId/1_51rb1mbi/protocol/https/format/applehttp/flavorIds/1_sdxrc31b,1_rq8t4cb3,1_nfuaw4wu,1_9udl96a9/a.m3u8?uiConfId=50468382&playSessionId=9bcc213f-2566-fc55-48d1-607348803159:30fb6380-546e-c9e1-20d4-c443686ea764&referrer=aHR0cHM6Ly93d3cubnZpZGlhLmNvbS9lbi11cy9vbi1kZW1hbmQvc2Vzc2lvbi9ndGMyNi1zODE1NjMv&clientTag=html5:v7.264","m3u8"
"https://www.nvidia.com/en-us/on-demand/session/gtc26-s82244/","40:13","https://cdnapisec.kaltura.com/p/2935771/sp/293577100/playManifest/entryId/1_sfhx1hul/protocol/https/format/applehttp/flavorIds/1_fo8e10ti,1_vpdwj40r,1_zxzde5ew,1_oiddo3w4,1_n4r52ep5/a.m3u8?uiConfId=50468382&playSessionId=7cdcb9b8-06ed-f1a1-fbb2-999fbe694bd0:a6446528-e9cb-5745-d101-5767d3c2a234&referrer=aHR0cHM6Ly93d3cubnZpZGlhLmNvbS9lbi11cy9vbi1kZW1hbmQvc2Vzc2lvbi9ndGMyNi1zODIyNDQv&clientTag=html5:v7.264","m3u8"
"https://www.nvidia.com/en-us/on-demand/session/gtc26-ex82108/","14:03","https://cdnapisec.kaltura.com/p/2935771/sp/293577100/playManifest/entryId/1_1x9gajji/protocol/https/format/applehttp/flavorIds/1_sttu3rju,1_owtbd482,1_2b8fuitk,1_vtuvde9m,1_55to26kj/a.m3u8?uiConfId=50468382&playSessionId=7ab17b4f-4261-7c41-c57d-2237697bf4c5:e7a23975-ddb2-2876-49a2-0f2f5d5200f7&referrer=aHR0cHM6Ly93d3cubnZpZGlhLmNvbS9lbi11cy9vbi1kZW1hbmQvc2Vzc2lvbi9ndGMyNi1leDgyMTA4Lw==&clientTag=html5:v7.264","m3u8"
"https://www.nvidia.com/en-us/on-demand/session/gtc26-dlit81639/","01:49:03","https://cdnapisec.kaltura.com/p/2935771/sp/293577100/playManifest/entryId/1_0pon8xfk/protocol/https/format/applehttp/flavorIds/1_t5hpbawr,1_rjeje794,1_eltvjvmu,1_f17m529x,1_2qai24fd/a.m3u8?uiConfId=50468382&playSessionId=dfd4f9e0-42a9-9440-9285-f4adae5f3595:92c1cbd3-ae5f-96a0-a41d-dfc523431ee7&referrer=aHR0cHM6Ly93d3cubnZpZGlhLmNvbS9lbi11cy9vbi1kZW1hbmQvc2Vzc2lvbi9ndGMyNi1kbGl0ODE2Mzkv&clientTag=html5:v7.264","m3u8"
"https://www.nvidia.com/en-us/on-demand/session/gtc26-dlit81774/","33:48","https://cdnapisec.kaltura.com/p/2935771/sp/293577100/playManifest/entryId/1_p7l6ht7x/protocol/https/format/applehttp/flavorIds/1_wqx6p3uz,1_cfg7o0uw,1_peyyz65x,1_xo2lyu3h/a.m3u8?uiConfId=50468382&playSessionId=911b18ee-deb4-b6e0-a6a4-6f044e118b94:e1b50bc1-1b59-c6a4-8216-4d035224e6a5&referrer=aHR0cHM6Ly93d3cubnZpZGlhLmNvbS9lbi11cy9vbi1kZW1hbmQvc2Vzc2lvbi9ndGMyNi1kbGl0ODE3NzQv&clientTag=html5:v7.264","m3u8"
"https://www.nvidia.com/en-us/on-demand/session/gtc26-dlit81725/","53:20","https://cdnapisec.kaltura.com/p/2935771/sp/293577100/playManifest/entryId/1_nqs4zzjw/protocol/https/format/applehttp/flavorIds/1_pdg1rzzw,1_3hxbwsr7,1_v9kldlt4,1_pg0vlnic,1_t3ltdn9t/a.m3u8?uiConfId=50468382&playSessionId=a74482a3-0dd6-6eb6-6d64-294224899e17:6332a303-bb43-03a1-4d8b-641258a5702e&referrer=aHR0cHM6Ly93d3cubnZpZGlhLmNvbS9lbi11cy9vbi1kZW1hbmQvc2Vzc2lvbi9ndGMyNi1kbGl0ODE3MjUv&clientTag=html5:v7.264","m3u8"
"https://www.nvidia.com/en-us/on-demand/session/gtc26-dlit82259/","01:34:42","https://cdnapisec.kaltura.com/p/2935771/sp/293577100/playManifest/entryId/1_beigr855/protocol/https/format/applehttp/flavorIds/1_azpg06z6,1_facg63lw,1_35yvbau6,1_e3o1buwv,1_por1qfhb/a.m3u8?uiConfId=50468382&playSessionId=49248506-ded2-2541-d434-f63bd8777ee4:d41a1449-3bae-8dfd-ce20-381e572dd309&referrer=aHR0cHM6Ly93d3cubnZpZGlhLmNvbS9lbi11cy9vbi1kZW1hbmQvc2Vzc2lvbi9ndGMyNi1kbGl0ODIyNTkv&clientTag=html5:v7.264","m3u8"
"https://www.nvidia.com/en-us/on-demand/session/gtc26-ex82058/","11:04","https://cdnapisec.kaltura.com/p/2935771/sp/293577100/playManifest/entryId/1_wockjis2/protocol/https/format/applehttp/flavorIds/1_bk67bubq,1_rqruu2v1,1_5gm4qciw,1_05itcdlf,1_4a84rz21,1_mx7meqhm/a.m3u8?uiConfId=50468382&playSessionId=4063d412-bb32-a467-b47c-0b4acb1005f9:08173a2f-1496-ecdc-9a7c-520d4093feea&referrer=aHR0cHM6Ly93d3cubnZpZGlhLmNvbS9lbi11cy9vbi1kZW1hbmQvc2Vzc2lvbi9ndGMyNi1leDgyMDU4Lw==&clientTag=html5:v7.264","m3u8"
"https://www.nvidia.com/en-us/on-demand/session/gtc26-ex82160/","14:05","https://cdnapisec.kaltura.com/p/2935771/sp/293577100/playManifest/entryId/1_xchxhz4v/protocol/https/format/applehttp/flavorIds/1_kschj48n,1_izps6lz5,1_ux6cn7gc,1_c3voqkjz,1_s0yz9603/a.m3u8?uiConfId=50468382&playSessionId=f638c194-770f-ae9d-00b2-70d9d10f8c48:fa76d3ef-6ddc-6123-9562-bf25767f0ac0&referrer=aHR0cHM6Ly93d3cubnZpZGlhLmNvbS9lbi11cy9vbi1kZW1hbmQvc2Vzc2lvbi9ndGMyNi1leDgyMTYwLw==&clientTag=html5:v7.264","m3u8"
"https://www.nvidia.com/en-us/on-demand/session/gtc26-s81633/","39:56","https://cdnapisec.kaltura.com/p/2935771/sp/293577100/playManifest/entryId/1_2gwmiigu/protocol/https/format/applehttp/flavorIds/1_p8l412uc,1_8s052cfn,1_eq3fe5vb,1_3pfxzfip,1_ik86zrwy/a.m3u8?uiConfId=50468382&playSessionId=dcfedf1d-fae2-1fcf-411b-589b8036d64c:b31748b6-9452-5b8c-1c78-248b964c5de9&referrer=aHR0cHM6Ly93d3cubnZpZGlhLmNvbS9lbi11cy9vbi1kZW1hbmQvc2Vzc2lvbi9ndGMyNi1zODE2MzMv&clientTag=html5:v7.264","m3u8"
"https://www.nvidia.com/en-us/on-demand/session/gtc26-s81779/","38:51","https://cdnapisec.kaltura.com/p/2935771/sp/293577100/playManifest/entryId/1_m9cc1pu8/protocol/https/format/applehttp/flavorIds/1_g03eic2m,1_ts0b2bu5,1_cy7d353z,1_6jvkptai,1_ij9j5woi/a.m3u8?uiConfId=50468382&playSessionId=42680475-336b-1085-1682-38c826a78095:528a7f7f-173d-2cee-4505-388a4240ffb5&referrer=aHR0cHM6Ly93d3cubnZpZGlhLmNvbS9lbi11cy9vbi1kZW1hbmQvc2Vzc2lvbi9ndGMyNi1zODE3Nzkv&clientTag=html5:v7.264","m3u8"
"https://www.nvidia.com/en-us/on-demand/session/gtc26-s81847/","38:51","https://cdnapisec.kaltura.com/p/2935771/sp/293577100/playManifest/entryId/1_8xmyc6gc/protocol/https/format/applehttp/flavorIds/1_ein74trl,1_wtripmyt,1_6l9z0w3z,1_pk9328yt/a.m3u8?uiConfId=50468382&playSessionId=4d4fa5b7-97ef-9d96-d83e-f0e0a246728b:0b433aad-d38f-f014-a894-6508e4535ca2&referrer=aHR0cHM6Ly93d3cubnZpZGlhLmNvbS9lbi11cy9vbi1kZW1hbmQvc2Vzc2lvbi9ndGMyNi1zODE4NDcv&clientTag=html5:v7.264","m3u8"
"https://www.nvidia.com/en-us/on-demand/session/gtc26-s81561/","40:22","https://cdnapisec.kaltura.com/p/2935771/sp/293577100/playManifest/entryId/1_8qymyyxv/protocol/https/format/applehttp/flavorIds/1_unjt4lpk,1_78t907ji,1_tq7e7t4z,1_hp321j0w,1_v2wsj8vp/a.m3u8?uiConfId=50468382&playSessionId=c6dc5a92-e5d9-0b4f-dd4d-e1ef50f3109d:ddd84099-7035-3cb6-0406-f80a5925d836&referrer=aHR0cHM6Ly93d3cubnZpZGlhLmNvbS9lbi11cy9vbi1kZW1hbmQvc2Vzc2lvbi9ndGMyNi1zODE1NjEv&clientTag=html5:v7.264","m3u8"
"https://www.nvidia.com/en-us/on-demand/session/gtc26-s82368/","25:13","https://cdnapisec.kaltura.com/p/2935771/sp/293577100/playManifest/entryId/1_emcdjou1/protocol/https/format/applehttp/flavorIds/1_yngt284t,1_s8z4oivh,1_y7l0qmsh,1_08tavhp8/a.m3u8?uiConfId=50468382&playSessionId=42757607-92be-9deb-165c-13a1d8cabef1:44e15696-44ab-3093-0b06-f619f6f1df3b&referrer=aHR0cHM6Ly93d3cubnZpZGlhLmNvbS9lbi11cy9vbi1kZW1hbmQvc2Vzc2lvbi9ndGMyNi1zODIzNjgv&clientTag=html5:v7.264","m3u8"
"https://www.nvidia.com/en-us/on-demand/session/gtc26-s81769/","36:15","https://cdnapisec.kaltura.com/p/2935771/sp/293577100/playManifest/entryId/1_l4xjqasv/protocol/https/format/applehttp/flavorIds/1_8l1j1sk7,1_luxxo7ud,1_vov30k80/a.m3u8?uiConfId=50468382&playSessionId=f56032e8-226c-5c7f-a85f-7b1511818f67:38f8483b-6ce9-9b16-054b-ec2cb8b944a0&referrer=aHR0cHM6Ly93d3cubnZpZGlhLmNvbS9lbi11cy9vbi1kZW1hbmQvc2Vzc2lvbi9ndGMyNi1zODE3Njkv&clientTag=html5:v7.264","m3u8"
"https://www.nvidia.com/en-us/on-demand/session/gtc26-s81789/","41:18","https://cdnapisec.kaltura.com/p/2935771/sp/293577100/playManifest/entryId/1_81h8ddr5/protocol/https/format/applehttp/flavorIds/1_3ppxeuqy,1_57s6qa0m,1_hhlfvffh,1_pw146fpy,1_vpiupgcd/a.m3u8?uiConfId=50468382&playSessionId=baccff94-e290-6cb2-1427-a061403d02ca:4146d7b6-54d9-8fa8-9cb7-ff4e28a50683&referrer=aHR0cHM6Ly93d3cubnZpZGlhLmNvbS9lbi11cy9vbi1kZW1hbmQvc2Vzc2lvbi9ndGMyNi1zODE3ODkv&clientTag=html5:v7.264","m3u8"
"https://www.nvidia.com/en-us/on-demand/session/gtc26-s81715/","39:30","https://cdnapisec.kaltura.com/p/2935771/sp/293577100/playManifest/entryId/1_6s36c3bn/protocol/https/format/applehttp/flavorIds/1_2bjsi5bz,1_h5jat3va,1_jci3kqxl/a.m3u8?uiConfId=50468382&playSessionId=90cc01c1-c795-2cec-4720-099650e320a2:b89883b4-3ba6-8d08-5a19-d8b5a1045228&referrer=aHR0cHM6Ly93d3cubnZpZGlhLmNvbS9lbi11cy9vbi1kZW1hbmQvc2Vzc2lvbi9ndGMyNi1zODE3MTUv&clientTag=html5:v7.264","m3u8"
"https://www.nvidia.com/en-us/on-demand/session/gtc26-s82091/","39:16","https://cdnapisec.kaltura.com/p/2935771/sp/293577100/playManifest/entryId/1_qoiwzqim/protocol/https/format/applehttp/flavorIds/1_lf20j02n,1_ngeanlop,1_mjhoag5p/a.m3u8?uiConfId=50468382&playSessionId=7b4febe2-8f85-0149-b4bd-6fb3a2b0d9c8:16c9442d-0fc0-5b44-dd95-e5e8f330fc08&referrer=aHR0cHM6Ly93d3cubnZpZGlhLmNvbS9lbi11cy9vbi1kZW1hbmQvc2Vzc2lvbi9ndGMyNi1zODIwOTEv&clientTag=html5:v7.264","m3u8"
"https://www.nvidia.com/en-us/on-demand/session/gtc26-ex82253/","10:57","https://cdnapisec.kaltura.com/p/2935771/sp/293577100/playManifest/entryId/1_ws3tuct3/protocol/https/format/applehttp/flavorIds/1_w5q0rfdu,1_ulff1q87,1_yanve3aa,1_h0r3y2fv/a.m3u8?uiConfId=50468382&playSessionId=f55c67f7-3319-e4bf-aaba-526f0930098d:b1d84921-e546-723e-c721-57754ef82272&referrer=aHR0cHM6Ly93d3cubnZpZGlhLmNvbS9lbi11cy9vbi1kZW1hbmQvc2Vzc2lvbi9ndGMyNi1leDgyMjUzLw==&clientTag=html5:v7.264","m3u8"
"https://www.nvidia.com/en-us/on-demand/session/gtc26-ex82046/","07:11","https://cdnapisec.kaltura.com/p/2935771/sp/293577100/playManifest/entryId/1_5anmwjsb/protocol/https/format/applehttp/flavorIds/1_k5dsbp83,1_0e3pf67u,1_3ujkd9ca/a.m3u8?uiConfId=50468382&playSessionId=61e3cc39-21ef-01ac-091e-6a68d0647474:f8a3758f-2f5e-44b1-27c6-c400458434c9&referrer=aHR0cHM6Ly93d3cubnZpZGlhLmNvbS9lbi11cy9vbi1kZW1hbmQvc2Vzc2lvbi9ndGMyNi1leDgyMDQ2Lw==&clientTag=html5:v7.264","m3u8"
"https://www.nvidia.com/en-us/on-demand/session/gtc26-dlit81879/","01:26:16","https://cdnapisec.kaltura.com/p/2935771/sp/293577100/playManifest/entryId/1_ao5bfdp1/protocol/https/format/applehttp/flavorIds/1_y3rxm67o,1_ypnae7q4,1_5492127d,1_vq33mp4b,1_n5dr0yjw/a.m3u8?uiConfId=50468382&playSessionId=dbb4b5fa-e1c7-477c-58ab-77725a5885e0:79f4b5a6-d18b-73cd-8c7e-503772dc753d&referrer=aHR0cHM6Ly93d3cubnZpZGlhLmNvbS9lbi11cy9vbi1kZW1hbmQvc2Vzc2lvbi9ndGMyNi1kbGl0ODE4Nzkv&clientTag=html5:v7.264","m3u8"
"https://www.nvidia.com/en-us/on-demand/session/gtc26-dlit81484/","01:46:17","https://cdnapisec.kaltura.com/p/2935771/sp/293577100/playManifest/entryId/1_7sgla0zt/protocol/https/format/applehttp/flavorIds/1_099v42td,1_4xvo224u,1_9ojmes02,1_bge6bwlc,1_0yq99fzd/a.m3u8?uiConfId=50468382&playSessionId=ab0e5e40-ca71-025a-9237-4dda8e6b0547:0c51da3e-c0e7-7af3-d336-7aef1d6319cf&referrer=aHR0cHM6Ly93d3cubnZpZGlhLmNvbS9lbi11cy9vbi1kZW1hbmQvc2Vzc2lvbi9ndGMyNi1kbGl0ODE0ODQv&clientTag=html5:v7.264","m3u8"
"https://www.nvidia.com/en-us/on-demand/session/gtc26-dlit81800/","01:18:43","https://cdnapisec.kaltura.com/p/2935771/sp/293577100/playManifest/entryId/1_tx8co0fa/protocol/https/format/applehttp/flavorIds/1_rft5xmqg,1_q07xtir3,1_jgegelvb,1_zmkk6rp7,1_hvv818yk/a.m3u8?uiConfId=50468382&playSessionId=f5a34fbb-334e-018d-5d70-5eac742da679:fa4e95b5-c9d1-b435-fcd4-51f77f6d6c7a&referrer=aHR0cHM6Ly93d3cubnZpZGlhLmNvbS9lbi11cy9vbi1kZW1hbmQvc2Vzc2lvbi9ndGMyNi1kbGl0ODE4MDAv&clientTag=html5:v7.264","m3u8"
"https://www.nvidia.com/en-us/on-demand/session/gtc26-dlit81936/","01:15:44","https://cdnapisec.kaltura.com/p/2935771/sp/293577100/playManifest/entryId/1_7e5kt9k3/protocol/https/format/applehttp/flavorIds/1_kkqwiq0n,1_mj6ob3h3,1_j6f19668,1_kewbgevl,1_x494964t/a.m3u8?uiConfId=50468382&playSessionId=815df99c-3c7c-22d0-c1f3-8ee8b95819e2:4c78d1db-bc8d-6bfe-fd6e-31e9d7b4eb31&referrer=aHR0cHM6Ly93d3cubnZpZGlhLmNvbS9lbi11cy9vbi1kZW1hbmQvc2Vzc2lvbi9ndGMyNi1kbGl0ODE5MzYv&clientTag=html5:v7.264","m3u8"
"https://www.nvidia.com/en-us/on-demand/session/gtc26-ex82286/","13:13","https://cdnapisec.kaltura.com/p/2935771/sp/293577100/playManifest/entryId/1_m86jtbcp/protocol/https/format/applehttp/flavorIds/1_uotwvhsm,1_1okitmho,1_wfv5lu9y,1_xt2pksgu,1_7dfosoiw/a.m3u8?uiConfId=50468382&playSessionId=e6a1ad7b-45ce-e2ab-62e0-786908a01fa4:727ee723-22b3-db68-a5ce-80e2459f169f&referrer=aHR0cHM6Ly93d3cubnZpZGlhLmNvbS9lbi11cy9vbi1kZW1hbmQvc2Vzc2lvbi9ndGMyNi1leDgyMjg2Lw==&clientTag=html5:v7.264","m3u8"
"https://www.nvidia.com/en-us/on-demand/session/gtc26-ex82205/","13:23","https://cdnapisec.kaltura.com/p/2935771/sp/293577100/playManifest/entryId/1_8j79p34b/protocol/https/format/applehttp/flavorIds/1_yha4dodo,1_e0b3k50j,1_hdro99q8,1_zfh3si43/a.m3u8?uiConfId=50468382&playSessionId=bd5490c1-1661-3459-de02-9f7b4738b08b:5f7b4419-d9de-86e0-6e43-55efecdca9c9&referrer=aHR0cHM6Ly93d3cubnZpZGlhLmNvbS9lbi11cy9vbi1kZW1hbmQvc2Vzc2lvbi9ndGMyNi1leDgyMjA1Lw==&clientTag=html5:v7.264","m3u8"
"https://www.nvidia.com/en-us/on-demand/session/gtc26-ex82045/","12:04","https://cdnapisec.kaltura.com/p/2935771/sp/293577100/playManifest/entryId/1_xa497cpf/protocol/https/format/applehttp/flavorIds/1_jmmmoeex,1_qenb2kv4,1_om5hrqdz,1_smvp7kx8,1_rl5tpsnq,1_wr0akuel/a.m3u8?uiConfId=50468382&playSessionId=14612b88-0a1d-b9cc-bcee-4fbbe40b576d:f47bdc10-ce0b-19bf-380c-606180a4bddf&referrer=aHR0cHM6Ly93d3cubnZpZGlhLmNvbS9lbi11cy9vbi1kZW1hbmQvc2Vzc2lvbi9ndGMyNi1leDgyMDQ1Lw==&clientTag=html5:v7.264","m3u8"
"https://www.nvidia.com/en-us/on-demand/session/gtc26-s82476/","","https://cdnapisec.kaltura.com/p/2935771/sp/293577100/playManifest/entryId/1_546u8vab/protocol/https/format/applehttp/flavorIds/1_hbt5lg3p,1_fgpx11rv,1_ltybq9pm,1_0bo54jrl,1_f3ozv36w,1_mdchzvtn/a.m3u8?uiConfId=50468382&playSessionId=072cafe4-5ce5-0186-6864-5c681e441f7b:312d8898-b5c7-74e0-25bf-85a1840cc33a&referrer=aHR0cHM6Ly93d3cubnZpZGlhLmNvbS9lbi11cy9vbi1kZW1hbmQvc2Vzc2lvbi9ndGMyNi1zODI0NzYv&clientTag=html5:v7.264","m3u8"
"https://www.nvidia.com/en-us/on-demand/session/gtc26-s81719jp/","38:59","https://cdnapisec.kaltura.com/p/2935771/sp/293577100/playManifest/entryId/1_ipzthvwa/protocol/https/format/applehttp/flavorIds/1_4g65bz4n,1_nk2583th,1_wot6h3cn,1_j8k5ah9h,1_drm1gwf7/a.m3u8?uiConfId=50468382&playSessionId=31c7f28d-68d2-b42c-caed-ed34acde7b1e:723070b2-68ac-bf71-93d0-bcc8e55b1164&referrer=aHR0cHM6Ly93d3cubnZpZGlhLmNvbS9lbi11cy9vbi1kZW1hbmQvc2Vzc2lvbi9ndGMyNi1zODE3MTlqcC8=&clientTag=html5:v7.264","m3u8"
